0;1;2;3;4;5;6;7;8;9;10;11;12;13;14;15;16;17;18;19;20;21;22;23;24;25;26;27;28;29;30;31;32;33;34;35;36;37;38;39;40;41;42;43;44;45;46;47;48;49;50;51;52;53;54;55;56;57;58;59;60;61;62;63;64;65;66;67;68;69;70;71;72;73;74;75;76;77;78;79;80;81;82;83;84;85;86
0.0047183232;0.016238458;0.024651054;0.011957816;-0.021055693;0.021861821;0.00709144;0.015684014;0.043498095;0.019424088;0.0135603305;0.0063689207;0.023720704;0.022089658;0.016846245;0.0076455036;0.019981544;0.019483179;0.013249657;0.011830749;0.017904213;0.015331083;0.021064317;0.010060509;0.013630646;0.05431065;0.0521453;0.050081197;0.04627053;0.048848465;0.08973552;0.09048797;0.08985881;0.0744789;0.06460313;0.18346424;0.18142988;0.16984065;0.16304608;0.1560894;0.2521755;0.20705274;0.16427775;0.13809986;0.11689438;0.15754905;0.09592791;0.063533284;0.049288366;0.0394272;0.02042607;0.015424655;0.013093703;0.00930749;0.0008729024;-0.03823728;-0.04390371;-0.037196748;-0.0347976;-0.035958376;-0.06555366;-0.046180803;-0.031614285;-0.021953164;-0.015071116;-0.017014895;-0.009752625;-0.009859681;-0.0001827498;0.003494669;0.021803288;0.02480775;0.018989712;0.014363169;0.015259419;0.033348978;0.032751404;0.08642271;0.01721655;0.023695352;0.03320437;0.01191579;0.012414023;0.00811193;0.0076408633;-0.008710199;-0.00947814
-0.07172166;-0.07691114;0.1452565;0.14224151;0.12084156;0.04351051;-0.14154325;-0.104536265;-0.09479282;-0.013590161;-0.16421123;0.088815466;0.052413944;0.17051904;0.16043925;0.002624452;-0.037530944;-0.11627264;-0.16583863;0.20349824;0.13398258;0.19698532;-0.054240476;-0.14904077;0.004343329;0.09851329;-0.19450459;0.038465563;-0.12392611;-0.0031732004;-0.07170413;0.037911236;-0.14646605;0.10514095;0.108950675;0.09235779;-0.08985421;0.08952721;-0.0839379;0.1828049;-0.090783454;-0.15101844;-0.15383631;-0.025879573;0.12893397;0.010274345;0.13744548;-0.14164224;-0.18261354;0.09071742;-0.14062467;0.0005453396;-0.08077515;0.18139964;-0.09913358;0.10705209;0.18599975;-0.13429661;0.069818504;0.09533456;0.122573934;-0.13037303;-0.09040077;-0.12439565;-0.1463356;-0.16521794;0.13345003;-0.037947446;0.11182162;-0.010210021;-0.12736574;0.20049849;0.17923725;-0.043247614;0.051599074;0.19066268;0.12464407;0.101314604;-0.12720191;-0.10095278;0.11187631;0.058471348;-0.018346747;-0.124316216;-0.10625922;-0.04563389;0.122305766
-0.17654093;-0.14507768;0.07925499;-0.17183493;0.060288228;0.17819521;-0.001563374;-0.031224811;-0.011323586;0.08796152;0.15816513;0.15026972;0.068569586;-0.18324037;0.15611242;-0.073371015;0.056083113;0.17872338;0.08607582;-0.09602956;-0.015693715;-0.17855875;-0.055898987;0.16471148;0.03559617;-0.17194639;0.096314475;0.13081577;-0.06971026;-0.036791254;-0.093019865;0.09989451;0.198464;0.17197518;-0.165368;-0.08770316;0.13828915;-0.176863;0.09728153;-0.025492221;0.023734562;0.032318473;0.17579047;0.048856657;-0.12701444;-0.082448155;-0.08740505;0.12673442;-0.12446828;0.011277339;-0.05036628;0.14320298;0.06849944;-0.029321495;0.1323499;-0.008863012;-0.09109538;0.13144417;-0.09807059;-0.015799304;-0.14724627;-0.11493286;-0.16097717;-0.010071297;0.0022992173;0.13560435;-0.021595953;-0.10794596;0.07247267;-0.10196523;-0.0013167294;0.034273613;-0.012437025;0.13030753;-0.18746404;-0.058512613;0.06767297;0.15617786;-0.0063613197;0.16040947;-0.0024701003;0.07315245;-0.117590636;0.19223355;-0.18717532;-0.058420874;-0.11543887
-0.00067089865;0.0004503644;0.00040615298;0.00030665388;0.00024480643;0.0005069057;0.0003058453;0.00020702012;0.00014201736;7.904573e-05;0.00024476353;0.00010016058;2.2509717e-05;-4.847277e-05;-0.00010957119;-0.00018439215;-0.0005603858;-0.0009971126;-0.0013525003;-0.0016705386;-0.0035768142;-0.00435828;-0.0050301235;-0.005614219;-0.0057941107;-0.011558495;-0.010511529;-0.0088220695;-0.0067357635;-0.004556421;-0.0027898627;0.0045752884;0.010820068;0.015839169;0.019397479;0.045525473;0.048659693;0.047938254;0.044991873;0.041157704;0.06956972;0.05319062;0.039177496;0.027543932;0.017983295;0.0144689735;-0.0059621693;-0.019119222;-0.02754268;-0.032840863;-0.073721334;-0.076992795;-0.07536344;-0.071577124;-0.06680061;-0.11847597;-0.0998689;-0.08376471;-0.07026207;-0.05902706;-0.09173471;-0.06633924;-0.048595812;-0.035914794;-0.026682561;-0.034808468;-0.019176498;-0.009921671;-0.004453263;-0.0012238545;0.0017201211;0.0044028754;0.004886818;0.0045757163;0.0038849618;0.0049216263;0.0028075413;0.0012937626;0.00022536035;-0.00048190908;-0.0029101341;-0.0029806856;-0.0027035305;-0.0023656278;-0.0019252915;-0.0035366658;-0.00216895
-0.00020032693;0.00020207246;0.00017846879;4.7444722e-05;1.03498605e-05;0.00012964912;1.0948774e-05;1.6297752e-05;7.99464e-06;-1.2641562e-05;7.385359e-05;3.1069518e-05;4.158059e-05;1.05248255e-05;-2.2452732e-06;8.5577805e-05;-0.00017827995;-0.00044836916;-0.0008053231;-0.0012323732;-0.0031467273;-0.004904634;-0.006366982;-0.007888514;-0.008693012;-0.019638708;-0.021642517;-0.022536524;-0.022896953;-0.022869611;-0.045267083;-0.043319535;-0.041054647;-0.03861521;-0.03636601;-0.06716679;-0.060862128;-0.056099165;-0.0524294;-0.049285363;-0.0908063;-0.08240259;-0.07544962;-0.069559336;-0.064545564;-0.11651771;-0.10287672;-0.09168881;-0.08234613;-0.07435942;-0.12908082;-0.1083334;-0.09222486;-0.07944982;-0.069093704;-0.114148706;-0.08998346;-0.07245794;-0.0592425;-0.04913588;-0.07609294;-0.05555197;-0.04178775;-0.032242283;-0.025342055;-0.036733866;-0.02452398;-0.017062856;-0.012294307;-0.009093844;-0.0127490405;-0.007930959;-0.0053950357;-0.0038997785;-0.003030949;-0.0050255214;-0.003695374;-0.0029042563;-0.002362596;-0.0020892983;-0.0038297656;-0.0027065938;-0.0020328162;-0.0016043558;-0.0012166632;-0.0021947215;-0.00131275
0.00023826494;-0.0004048434;-9.898336e-05;5.485599e-05;7.2767e-05;9.764009e-05;3.4238867e-05;-3.0400712e-05;-9.5817464e-05;-0.00013259372;-0.000112776725;-0.00017186132;-0.00019265161;-0.00028051645;-0.00026021124;-0.0003740301;-0.00036919216;-0.0003123702;-0.0003192353;-0.0003156975;-0.0012951401;-0.0021448068;-0.0028521349;-0.0034557974;-0.0040653073;-0.009399226;-0.010282585;-0.010618329;-0.010563548;-0.010062036;-0.017180178;-0.011482484;-0.0052941777;0.0009085694;0.006823445;0.02911411;0.046360303;0.058674343;0.06678943;0.0718942;0.15110984;0.15233201;0.14776257;0.1405933;0.13201988;0.23704332;0.20247845;0.17189509;0.14574683;0.12345208;0.19226672;0.13779207;0.09888041;0.07053558;0.049793173;0.05631652;0.022234622;0.0027879372;-0.008283753;-0.0143721895;-0.03768981;-0.037366785;-0.03405845;-0.029671317;-0.025246276;-0.039585784;-0.02629318;-0.01753184;-0.011484171;-0.0073212036;-0.0069691907;-0.0012499708;0.0013346258;0.0024310807;0.0028271456;0.0058333473;0.004129198;0.0028239237;0.001950452;0.0013272191;0.0012310981;0.00011595564;-0.00024192996;-0.0003683422;-0.00047557848;-0.0013452064;-0.0008793181
-0.18758734;0.019097978;0.022238294;0.020353865;0.01788835;0.030453743;0.024371149;0.020117274;0.016906094;0.014387315;0.02445164;0.01928943;0.015814263;0.0132199135;0.011210098;0.018420188;0.0144346235;0.011723947;0.009841696;0.008528548;0.013705919;0.01069552;0.008682365;0.0072048027;0.006119092;0.009532863;0.0070619644;0.0052888393;0.0040266463;0.003098282;0.004425153;0.0028231756;0.001796211;0.0011874664;0.0008116273;0.001127021;0.0010314292;0.0010749194;0.0011731148;0.0011903871;0.0025420478;0.0025224397;0.002448073;0.0022978908;0.0021717174;0.004085476;0.0035861642;0.003122322;0.0028154678;0.002551933;0.0046899337;0.0039168694;0.0033445985;0.0028913373;0.0025725141;0.0043400605;0.00338045;0.0026359856;0.002100893;0.0016439541;0.0025406685;0.0014960893;0.000812384;0.00033046608;-3.1788943e-05;-0.00045140504;-0.0010266969;-0.0013288384;-0.0013796202;-0.0013966442;-0.002571654;-0.0024065305;-0.0021383138;-0.0018478056;-0.0016042024;-0.0022669313;-0.0016358445;-0.0010810829;-0.00065427175;-0.00036419035;0.00013648174;0.00036354622;0.000528907;0.00056996546;0.0005556948;0.0010876767;0.0006418802
-0.02569375;-0.046442423;-0.029028933;-0.02969636;-0.012974291;-0.029606383;-0.013647718;0.0154829575;0.028167782;0.032342654;0.010659544;0.023796791;0.033663243;0.031044252;0.030608762;0.033724707;0.028214399;0.025710702;0.022785118;0.021005299;0.01948199;0.010940077;0.0026611863;-0.0021265913;-0.006437487;-0.078204766;-0.08398173;-0.08202516;-0.070352554;-0.060925152;-0.14906932;-0.12022976;-0.08904621;-0.06160714;-0.0397993;-0.16653773;-0.126091;-0.10758556;-0.09336101;-0.08126884;-0.09274278;-0.0751196;-0.06564521;-0.059744652;-0.053084742;-0.05576611;-0.049448725;-0.04425792;-0.04209338;-0.041733768;-0.046814963;-0.044015534;-0.04174732;-0.040396985;-0.03861832;-0.0428462;-0.039765116;-0.03713307;-0.035804544;-0.034443527;-0.033456407;-0.03272164;-0.032086812;-0.031433962;-0.028677944;-0.009616095;0.0033582665;0.0097255455;0.013656987;0.014198386;0.012070389;0.014121785;0.01573909;0.01968285;0.023512159;0.02688484;0.030925572;0.03582453;0.04078324;0.04126526;0.036536407;0.03854102;0.040491294;0.04209669;0.043119732;0.04010174;0.040678494
0.100329585;-0.051941052;-0.03791037;-0.024693199;-0.016596504;-0.0431936;-0.027456488;-0.014967218;0.031687528;-0.0008653616;-0.020027533;-0.008159877;0.0008061003;0.009746065;0.0139695825;-0.0002051755;0.011933706;0.021441534;0.027325641;0.034654554;0.009669542;0.024690658;0.027838606;0.02419014;0.019914478;0.08799161;0.038902838;0.010467565;-0.011585149;-0.028276363;-0.032284785;-0.024897812;-0.034945965;-0.034224562;-0.02715307;-0.06109835;-0.029878242;-0.0054551116;0.013055387;0.026843093;0.049709123;0.06885777;0.07467559;0.07432212;0.0707692;0.09914946;0.07962853;0.062993295;0.05038782;0.040780902;0.033956904;0.016940622;0.010067377;0.008279363;0.00905853;-0.0033641297;0.004282171;0.012543734;0.019199092;0.02403158;0.031843457;0.03605288;0.037306402;0.036968328;0.035964005;0.044978708;0.03454497;0.028753579;0.025614174;0.024087388;0.027944438;0.022449754;0.024165323;0.02753918;0.030690728;0.051558908;0.049697924;-0.15867841;0.046279732;0.041837856;0.055129457;0.034913782;0.020310821;0.0085653495;-0.00096293964;-0.032172784;-0.0658035
-0.06892799;0.16550183;0.10313597;-0.18734737;-0.034160633;0.19276258;0.054045234;0.046349425;0.105850965;0.16274714;0.059248094;-0.18070374;0.0017293796;0.12861261;0.0558897;0.013073115;-0.101345874;0.1981897;0.048744146;0.02710034;-0.058422145;-0.080359586;-0.13817444;0.04811381;-0.14170997;0.110336065;-0.12525362;0.11783758;0.07487139;-0.11828931;-0.008522304;0.059494887;-0.038955156;0.06442428;-0.052096266;0.1127131;0.12826884;-0.123313054;-0.12055895;0.032978203;-0.009116096;0.08689317;-0.0836622;-0.090975046;0.090940475;-0.12519932;-0.05825234;-0.019653738;0.08375415;-0.13495755;-0.19725592;0.15189141;0.040154558;-0.09194828;-0.13515526;0.12945801;0.02716297;-0.12057045;-0.15600492;0.08697942;-0.17865111;-0.09323531;-0.13836755;-0.026304752;-0.055295583;-0.17283584;0.12831634;-0.13782229;0.114486456;0.18202308;0.15359119;-0.050582808;0.08054057;0.067020446;0.11881629;0.111928016;-0.0777769;0.15328935;0.164711;0.07030058;0.1010285;-0.10388802;-0.14916667;0.17996764;-0.06652936;0.08196059;-0.09870906
0.0001796256;-0.00040157116;-0.00051481917;-0.0005177877;-0.000506703;-0.00054006156;-0.00045067183;-0.00036891663;-0.0003283681;-0.00027689905;-0.00017680251;-4.4494707e-05;0.00018077868;-5.6832825e-05;-3.6857557e-05;0.000286534;0.00037052645;0.0004834941;0.0006431182;0.0009486477;0.0014706203;0.0013311654;0.0013857267;0.0015495428;0.0013368499;0.0025992384;0.0022119752;0.0019478095;0.001448774;0.000983183;0.00077714556;0.00033165532;7.84352e-05;0.00022067653;0.00045596866;0.0016712702;0.0028399064;0.004243074;0.005824495;0.0073772357;0.019148743;0.023836786;0.027504245;0.03052679;0.03301067;0.071881205;0.077100836;0.08049535;0.08241604;0.08323541;0.16673775;0.16279823;0.15736033;0.15084498;0.14401878;0.26663443;0.24047133;0.21724094;0.1964104;0.17782322;0.30544013;0.2543814;0.21387677;0.18130943;0.15475945;0.24350028;0.18498936;0.14309762;0.11221199;0.08920035;0.1252278;0.085600525;0.059965897;0.042936813;0.031368963;0.037660208;0.024135396;0.015784072;0.010737486;0.0076487726;0.0086998;0.0068735457;0.005266293;0.004216436;0.0034592545;0.005302624;0.004222045
0.08454378;-0.036476977;-0.022561168;-0.015666872;-0.008930947;-0.026614435;-0.015884751;-0.0057320013;-0.0030776775;0.0017383705;-0.00663592;-0.002034829;0.0022937148;0.0065681892;0.0094139315;0.009734635;-0.051829122;-0.045883752;-0.04187348;-0.043637145;-0.050530586;-0.047713254;-0.045241512;-0.043192532;-0.042223;-0.052813493;-0.04851302;-0.04523103;-0.043070655;-0.04123805;-0.045744058;-0.042580675;-0.04061799;-0.039543856;0.013307273;0.017071553;0.02143627;0.025693942;0.02951637;0.031213962;0.033487722;0.03285598;0.031929117;0.030964455;0.030217111;0.031681724;0.03016612;0.02943807;0.028535908;0.02802878;0.02845972;0.027592309;0.02702375;0.02635324;0.025939606;0.025069602;0.024979679;0.024917912;0.025219912;0.025811505;0.025868189;0.026993496;0.027517006;0.028379185;0.029055856;0.029460564;0.029327367;0.028767837;0.027685594;0.026086016;0.02312145;0.019235423;0.015631061;0.013925688;0.0126397675;0.011330101;0.010252108;0.00971327;0.009272139;0.008899802;0.0075295926;0.007025719;0.00746834;0.0075806626;0.007986909;0.0064678025;0.007941955
-6.464633e-05;0.00045256954;0.00022876912;8.219317e-05;7.29785e-05;0.00011136719;6.8137066e-05;0.00010059398;0.00016404598;0.00019608764;0.0001330094;0.00017550285;0.00018271996;0.00012034212;0.00014613813;0.00023152736;0.00042073912;0.0005801327;0.0008574074;0.0013431325;0.004862017;0.0077430806;0.010661146;0.013209982;0.015648268;0.03725762;0.04321142;0.0470991;0.049832407;0.051368453;0.10437722;0.10319429;0.0995491;0.094110616;0.087915964;0.15619636;0.13150102;0.11026871;0.092543334;0.07786511;0.1206919;0.08633189;0.062048998;0.044416398;0.031539597;0.036198203;0.015163626;0.0033343164;-0.0034353733;-0.0070462353;-0.018805332;-0.018419497;-0.016267756;-0.013648072;-0.011096241;-0.0158224;-0.008831525;-0.004291403;-0.0012667902;0.00073786697;0.0044782185;0.0064952048;0.006888812;0.0067306403;0.0063745314;0.0108723985;0.00896727;0.007464479;0.006329999;0.005470371;0.009262705;0.0077654086;0.0068026558;0.006020759;0.00538244;0.009647998;0.008488643;0.0073296293;0.006401644;0.0056473985;0.009719299;0.0076258183;0.006012644;0.0046916693;0.0038470083;0.005956082;0.0040301485
-0.00057193585;-0.00017477374;7.088759e-05;0.00013664336;0.00014269794;0.00027656247;0.00013478167;3.1784744e-05;-4.9635946e-05;-0.000108908665;-0.00017880183;-0.00026260008;-0.00031723615;-0.0003644537;-0.00040534118;-0.00088833296;-0.0012092148;-0.0016044566;-0.002019143;-0.0024580148;-0.0057896827;-0.007673807;-0.009356962;-0.01084947;-0.011865317;-0.02594939;-0.027456235;-0.027774638;-0.027299305;-0.026304075;-0.048693668;-0.04293467;-0.037298094;-0.032062702;-0.027426764;-0.04334827;-0.031766687;-0.023645407;-0.01783709;-0.013611182;-0.018503087;-0.010721365;-0.005446573;-0.001638121;0.0012231378;0.008610607;0.014683189;0.019427383;0.023314206;0.026545817;0.060294554;0.06795321;0.07336736;0.077023424;0.07934333;0.16103654;0.16214666;0.16014473;0.1562955;0.15140374;0.2840371;0.2617041;0.23967552;0.21904813;0.2002955;0.3486573;0.2957439;0.25262275;0.21724333;0.18810445;0.30408415;0.23721513;0.1882098;0.15156023;0.12370289;0.18405497;0.1312306;0.09609233;0.07204445;0.05514016;0.07459904;0.049072444;0.033516835;0.023690687;0.017242137;0.021325283;0.013844947
-0.003106946;-0.15516248;0.042011365;-0.1865613;0.05018521;0.049607042;-0.026355974;0.1037905;0.10222566;-0.0073747123;-0.11625347;0.14832628;-0.069822945;-0.006205234;-0.19937791;0.1528554;0.06834108;-0.14643167;-0.030551402;-0.012071753;-0.02219493;-0.08467932;0.13502067;0.012322388;0.058743443;0.16803566;-0.115135945;-0.1747711;0.019868273;0.1651876;0.14467028;0.035671655;0.106219135;-0.10278804;0.07603465;0.20163666;-0.08385958;-0.09805811;0.07091603;0.08160871;-0.09996731;-0.033518195;-0.10582031;0.06624276;0.046277143;-0.13810733;-0.15093884;0.10750633;-0.11858473;-0.061704967;0.13258041;-0.040199712;0.15997446;-0.08791041;0.0044394373;-0.17083403;0.18460953;0.11275662;0.18898669;-0.09534708;-0.17289196;0.124496125;-0.18816757;-0.08198278;0.03345432;0.07180672;0.09827348;-0.15944555;-0.016065113;-0.15470518;0.1277666;-0.01418371;0.16183037;-0.0057197292;-0.08863056;-0.048808146;-0.10798496;0.03538108;0.12180666;0.020471826;-0.076240614;0.12041114;0.15720236;-0.12019996;0.11296277;-0.046438485;-0.15721995
0.1630932;-0.06585301;-0.04559386;-0.031584244;-0.025652966;-0.05338742;-0.03673744;-0.026679173;-0.017429871;-0.012341774;-0.035399903;-0.021537058;-0.018614192;-0.019318659;-0.04265466;-0.020423483;-0.028087776;-0.013226125;-0.009055539;0.0038605628;-0.04062786;-0.014394913;0.0027914997;-0.0039842236;-0.0110304365;0.003910729;0.010023524;-0.030087696;-0.019669428;-0.0073542353;0.0007232073;-0.01837473;-0.0129779205;-0.010528784;-0.009429753;0.02514968;0.009180604;-0.001415119;-0.008902157;-0.01352481;-0.01106207;-0.015467664;-0.018326318;-0.019674059;-0.020052869;-0.018759908;-0.019734638;-0.019710338;-0.019518048;-0.01944592;-0.018173952;-0.017069535;-0.016472057;-0.016419826;-0.015376085;-0.012747603;-0.009346581;-0.0053702258;-0.00093908573;0.0069979345;0.022837272;0.028400304;0.016019586;0.008499645;0.011157212;0.010887132;0.01515214;0.016947946;0.018320827;0.019162351;0.01611833;0.018388974;0.019004056;0.018600086;0.018120382;0.016885625;0.015697028;0.0131751355;0.016090099;0.014984842;0.01058339;0.01218022;0.012631038;0.013260873;0.011556165;0.006887912;0.00873264
-0.049442567;-0.038269654;-0.17164993;0.022612832;-0.10945189;-0.0037095768;0.18850172;0.011377758;0.10684193;0.16600986;0.06788198;-0.04594444;-0.0237513;0.083509594;-0.07101254;-0.14316607;0.008207529;-0.15013689;0.0661203;0.18498458;-0.092352934;0.117917106;-0.05479202;0.0041051703;0.053533167;-0.17233421;-0.0326689;-0.10420668;0.18759839;-0.120695494;-0.039003894;-0.15110062;0.03995536;-0.18715884;-0.048769712;0.00639979;0.14081876;0.017537761;0.01897333;-0.19605495;-0.080788076;0.10575764;-0.00882339;-0.14687428;-0.19527392;-0.09437813;-0.0538615;-0.15931097;0.087007016;0.046913356;0.12829371;-0.13457197;0.13548806;0.046556704;0.14186065;0.14986628;-0.03712391;-0.09951955;-0.20131162;-0.19864753;-0.06608549;0.05115041;-0.14825997;-0.08769407;0.0033307087;0.10335983;0.043862265;-0.17417407;-0.09998416;-0.09751493;0.088906474;-0.040590014;0.19143364;-0.06406449;0.15777612;-0.1634503;0.040862877;-0.16519536;0.13367464;0.067681715;-0.12994985;0.18074577;0.017675515;-0.01672762;-0.1489423;-0.13193297;0.1172507
-0.21152617;-0.13602091;0.07792915;0.07102376;0.08082818;0.03803768;-0.11773777;-0.14808717;-0.047278263;0.17230932;0.01875275;-0.08992143;-0.1339458;0.14448793;-0.004118394;0.15768094;0.13955605;0.06770942;0.08494004;0.10702748;-0.07129312;-0.0044175317;-0.09777568;0.16841024;-0.074569315;-0.14903633;-0.10737737;-0.17951399;0.05390273;0.049739357;-0.060489476;-0.00583201;-0.019366577;0.13851263;-0.12736356;0.08261773;0.10992742;-0.13041793;-0.06347334;0.17927966;0.041380875;0.08024003;-0.07652478;0.052237958;0.12311482;0.02290176;0.024408452;0.16984688;-0.06927093;-0.15206842;-0.091676906;0.03791146;0.14219262;0.17486203;-0.07927344;-0.09674026;-0.19227175;0.100598045;-0.18389761;0.01820199;0.14980559;0.15469664;0.023069136;-0.079662114;-0.10684883;-0.17219628;-0.12002668;-0.08657286;-0.21524236;-0.0015237746;-0.082691856;-0.122908294;0.14327365;0.14783996;-0.114597015;-0.06000313;0.038632542;0.016318366;-0.0218216;-0.19668663;-0.14524023;0.13999654;-0.13112018;0.01877378;-0.1595322;0.104019955;-0.13544843
-0.19484802;0.11816742;-0.083837986;-0.077999674;0.12085733;-0.068535075;-0.14599445;0.050249085;0.07302868;0.13031855;0.045829237;-0.060781945;0.16095197;-0.03027743;-0.05324801;0.058608748;-0.0106735015;0.106742404;0.09531681;-0.0389304;0.15222745;0.037741903;0.0007489319;-0.09283068;0.08431627;-0.022479525;0.04515578;-0.07510335;0.14153588;0.015849367;0.0714401;0.025869722;-0.13449885;0.019123454;0.10651461;-0.07708703;-0.0046423185;0.10802998;0.0149616385;-0.099970266;0.063471526;0.093698576;-0.18869254;-0.11728307;-0.07268961;0.01519349;0.022787003;-0.10964168;-0.12126518;0.028329281;0.16590708;-0.1076299;0.018198574;-0.1327484;0.044829644;-0.14488722;0.12809148;-0.035686795;-0.050842352;0.15308417;-0.0486586;0.1292639;-0.05582114;-0.15410149;0.023497073;-0.17651953;0.10687404;0.028251043;0.05474647;-0.012425219;0.06884172;-0.10169087;0.04356297;0.16509825;-0.026437111;0.043229096;0.106358476;0.12497469;-0.14781982;-0.15548542;0.056425583;0.12576985;0.016316127;0.11864268;-0.024791261;0.08678912;-0.09162767
0.1647477;0.0615379;-0.12714505;0.13560866;0.016359063;-0.07413267;-0.19240966;0.04658018;0.1913132;-0.076923944;0.17160565;0.026785415;-0.06064076;-0.12580319;0.17730525;-0.14755824;-0.020635393;0.07630554;0.037652608;-0.08451168;-0.13171299;0.18516141;0.08614618;-0.02744205;-0.031869117;0.13897519;-0.09885317;0.13542536;0.014000203;0.072138794;0.08702462;-0.13100395;-0.10253989;-0.099532574;0.0022955295;0.13894533;-0.06127373;0.075612724;-0.02190578;0.15478145;0.053046506;0.17598918;0.13041392;0.12641451;-0.09772794;0.18888618;0.16986187;-0.021351114;0.12588023;0.18842211;-0.14735891;-0.017695185;-0.12708268;-0.10440767;0.074087895;-0.026967812;-0.022230143;-0.06908557;0.15042284;-0.032956626;0.034817062;-0.17224367;-0.061141644;0.13894951;-0.2066209;-0.08732793;0.04848232;0.0021926938;-0.105328314;-0.10799996;-0.08522597;-0.20451178;0.069871694;0.048638627;-0.07173651;-0.16748998;0.13473383;0.015103146;-0.122098856;-0.1826148;0.031729702;0.12663805;0.12705377;-0.14371769;-0.052155398;-0.1058761;-0.1393389
-0.084007874;0.12853488;0.11298648;-0.034581885;0.03532737;-0.187284;-0.16512021;-0.113019444;-0.10722299;0.011001805;0.16849725;0.06264774;-0.017756926;0.1759687;-0.0751931;0.11960805;-0.16467647;0.12325046;-0.08898465;0.07932607;-0.055998284;0.03876702;-0.061744377;0.14988928;0.08245848;-0.06951275;-0.13309802;0.08625115;0.13899693;0.05883599;-0.16599777;-0.14842679;0.10521042;-0.05531374;-0.18568712;-0.14804842;0.07482763;0.09671747;0.027292673;0.031802364;-0.011215644;-0.12638152;0.19391395;-0.05169955;-0.1805774;-0.16377343;0.10149007;0.081797235;-0.108081914;-0.007370652;-0.14681004;-0.09550507;-0.076270595;-0.1139448;-0.025779577;-0.1921327;0.023342272;-0.050733097;0.04912791;-0.107087545;-0.025440115;0.046978436;0.103299476;0.05206442;-0.018706257;0.0058518304;0.08452593;-0.094239496;-0.11352449;0.17197326;-0.020440971;0.09829832;0.045370713;0.043183908;0.20553073;-0.023577902;-0.16810027;-0.11553141;-0.061919626;-0.0048149466;-0.07528231;-0.016092502;0.0768329;-0.018519621;-0.15400055;-0.06041915;0.038338527
-0.13577951;0.036176715;0.113471895;0.032220036;-0.023472358;-0.030583506;-0.10519794;0.035462603;-0.12128523;-0.09791071;0.11834727;0.09649294;-0.028832963;-0.07896977;0.0051883166;-0.1262666;-0.03203895;0.11324661;-0.06432011;-0.073494785;-0.056295935;-0.08301018;0.027693873;0.11485549;0.0101635335;0.05186058;-0.00953402;0.017578725;0.020468697;0.06084985;0.13111937;0.014365624;0.18890963;0.09199408;0.099172376;0.09036892;0.02447499;0.19670546;0.16120425;-0.012234418;0.0946981;0.12581083;0.16905153;0.12696435;0.17165619;-0.05938811;0.029853918;-0.08289093;0.16784708;0.100305706;0.20172653;-0.0005932274;-0.05140682;-0.1176384;-0.055438913;0.038292516;-0.02198825;0.10688392;-0.04781128;-0.022978755;-0.06745803;-0.047571946;0.20749849;0.08590387;-0.03293989;0.16333179;0.067174934;0.01208601;0.13678767;-0.031024974;0.24256569;0.09317614;-0.0030487082;0.020615611;0.043633;0.17388931;0.059312433;-0.13275139;-0.107921526;-0.077643275;0.10191534;-0.044999577;-0.16000254;-0.09920442;-0.06770198;0.03890851;0.07041154
0.00012810763;-5.5552737e-06;0.00029955537;0.00020249542;0.00011213739;0.00020123793;3.027836e-05;-6.167586e-05;-7.604959e-05;-8.384902e-05;-0.00019494741;-0.00023489849;-2.3926652e-05;-0.00015200913;-0.0002507464;-0.0006115876;-0.00070832204;-0.00077624933;-0.000767831;-0.00066868344;-0.0006948085;-0.00058783905;-0.0005481879;-0.00066656334;-0.0006359214;-0.0014817772;-0.001247423;-0.0011278536;-0.00080797257;-0.000245978;-0.0001305433;0.00056288904;0.00063328666;0.00071446225;0.0008557887;0.0019287717;0.0021249503;0.0018683134;0.0013179006;0.0007306827;-0.0002923592;-0.0018827774;-0.0025990955;-0.0031265544;-0.0033856644;-0.00777788;-0.007884929;-0.007874919;-0.007359083;-0.0066441125;-0.0104594305;-0.0060931756;-0.0020997575;0.0018759782;0.00551608;0.019975012;0.030868446;0.039371435;0.04609467;0.051219527;0.11229978;0.121955365;0.12694368;0.1285144;0.12819451;0.24722984;0.23566806;0.22134027;0.20613798;0.19095363;0.33429858;0.28732738;0.24722052;0.21357301;0.18530494;0.29487228;0.2304944;0.18232125;0.1454716;0.11734161;0.16571493;0.11589248;0.08263928;0.059572563;0.043304056;0.048817;0.028114885
0.00029312514;-0.00046468928;-0.00028565025;-0.00024720395;-0.00029127373;-0.00026240878;-0.0003205177;-0.00029657868;-0.00034981023;-0.00039473636;-0.00032645438;-0.0003104584;-0.00025822382;-0.0004640348;-0.0005003064;-0.00044336863;-0.00033954997;-0.00021152053;-0.00015194506;3.106818e-05;0.00029377989;0.00030621822;0.00037943968;0.00047339534;0.00051488285;0.000674751;0.0007138521;0.00082127424;0.000950407;0.0013127293;0.0038830992;0.0060680467;0.008218789;0.0099754175;0.011506905;0.02667748;0.029330533;0.029914541;0.028913544;0.026827905;0.04575178;0.034130063;0.023051187;0.013403802;0.004879502;-0.01184558;-0.032538146;-0.04626018;-0.055434622;-0.061184064;-0.13029781;-0.13039865;-0.12483782;-0.11640903;-0.10703143;-0.18609369;-0.15114698;-0.122163795;-0.09840233;-0.07911679;-0.11564425;-0.074544005;-0.04737107;-0.02918261;-0.016906923;-0.0127924215;0.0026190835;0.009809035;0.012353605;0.012860066;0.021244202;0.016371144;0.012315401;0.008825354;0.0060389;0.004603616;0.00061290356;-0.0011927341;-0.0019815683;-0.0022157778;-0.006179779;-0.004003221;-0.002210611;-0.0011003457;-0.00033261752;-0.000837849;0.0017538088
-0.12860098;-0.000370964;0.059777934;-0.15698294;-0.13180201;-0.020229056;0.14959787;0.046386883;0.09963501;-0.06468614;0.13600917;-0.03481191;-0.11783277;-0.06588928;0.15741143;0.006712659;-0.034093224;0.07600438;-0.100320056;-0.020004041;0.20441854;0.114832476;0.03718877;0.006840178;-0.15499012;0.21245079;0.17139;-0.026554583;-0.009737875;0.095693246;-0.122412816;-0.1612878;-0.04700417;-0.14139672;-0.11420981;-0.047951415;0.11299842;-0.031377133;0.12415353;-0.12603682;-0.066154435;-0.18496996;0.1235869;0.049872644;0.17263389;0.039429706;0.1512193;-0.20543483;-0.11195008;0.015250819;-0.15181534;0.100992724;-0.18871705;0.14776316;-0.09940029;-0.007697438;-0.08299501;-0.064700246;-0.037561104;-0.19520839;-0.1914054;0.122686945;-0.00029193616;0.06546601;-0.05127647;-0.2245138;-0.18178552;0.11514019;0.18349881;0.13191128;-0.18547148;-0.16048846;-0.15371625;-0.095647156;0.027127046;-0.066122055;-0.06674969;0.09737818;-0.022205109;0.21109319;0.18231478;-0.13689417;0.12388807;-0.11262832;0.013264209;0.029611502;-0.04795215
0.002772549;0.0008492336;6.94994e-05;-0.000113024566;-0.000117230986;-4.9329617e-05;-2.52908e-05;1.4844569e-05;4.2348496e-05;2.9910727e-05;0.0001358772;0.0001126205;0.00013617573;6.5545384e-05;-7.662573e-06;-0.000211033;-0.0010120919;-0.0020668213;-0.0033688908;-0.0046690167;-0.012609818;-0.0181212;-0.023126848;-0.027693883;-0.030727873;-0.06799609;-0.072431445;-0.073282994;-0.07181776;-0.06902415;-0.12684691;-0.11045201;-0.09410477;-0.07909522;-0.06604054;-0.100576386;-0.0695932;-0.047781706;-0.032121994;-0.020707881;-0.017467357;0.0023263025;0.014023253;0.021152427;0.02550224;0.05782396;0.060293064;0.059606437;0.05731644;0.05424248;0.098143734;0.084644705;0.0724762;0.06181889;0.05261225;0.0823107;0.05885553;0.041357942;0.028225474;0.018250948;0.016150707;-0.0016508119;-0.0121725015;-0.018221725;-0.021632612;-0.046291664;-0.04675621;-0.04414279;-0.040331908;-0.036219623;-0.0595326;-0.046703722;-0.036438487;-0.028320605;-0.022018945;-0.029276453;-0.017481191;-0.010012826;-0.005189205;-0.0021136377;0.0015898197;0.004354443;0.0052403356;0.0053501893;0.0050678654;0.009232769;0.0069444184
-0.027935604;-0.017037947;-0.07694841;-0.14440809;0.0865161;-0.124616;-0.20110734;-0.07169816;0.123547114;-0.027426966;-0.10753382;0.015732745;-0.034622204;-0.17310975;0.09781965;-0.13393764;0.05342545;-0.19387823;0.0722614;0.1752293;0.16929203;-0.042439584;-0.1917242;-0.12929873;0.14365676;0.19349863;0.1734794;0.15292242;-0.10490902;0.043440957;0.031134592;-0.03968527;-0.105648756;-0.11718783;-0.022081567;-0.0044494234;-0.010615232;0.122470945;-0.09959716;0.064616986;0.08508056;-0.15193361;0.17467047;0.18031724;-0.106746264;-0.0012604547;-0.0005267909;0.016509194;0.19052738;0.14300308;0.11686983;-0.07342024;-0.064900495;-0.16370635;0.09683815;0.05689223;0.07804696;-0.10587213;-0.16793177;-0.004318106;-0.17457227;0.1782281;-0.121460706;-0.06657752;-0.03199063;-0.11823852;0.04726645;0.113273725;-0.13877267;-0.07338348;0.11229898;0.044594884;0.044258147;0.0061035124;0.099740334;-0.039474636;0.057898458;-0.16792656;-0.086517684;0.18569879;-0.12770583;-0.17408913;0.09241301;-0.13176861;-0.19762282;-0.18604513;-0.17490578
0.027460223;0.02751685;0.025371935;0.02603541;0.025315437;0.026446523;0.02569127;0.026041508;-0.1400294;0.02619833;0.026434649;0.02654943;0.02728263;0.03004021;0.029994795;0.027702488;0.027860902;0.02766062;0.026356854;0.026063088;-0.005725686;-0.006702201;-0.007357854;-0.008614161;-0.012589469;0.022105066;-0.0072881496;-0.013211493;-0.018778544;-0.021588994;0.014397713;0.03286058;0.040507402;0.040252686;0.043912794;0.04730424;0.047027968;0.045217294;0.044010416;0.043537688;0.046541885;0.043183673;0.033703025;0.029087763;0.027583651;0.028865369;0.02444986;0.02131547;0.01886983;0.017046047;0.007153605;0.003835199;0.0025317047;0.0020302576;0.002113732;-0.020332327;-0.021154067;-0.023755722;-0.02634833;-0.028375998;-0.085141;-0.09223399;-0.095491745;-0.08975125;-0.088685654;-0.19668683;-0.18442096;-0.16646251;-0.15045328;-0.13483629;-0.2562192;-0.20847754;-0.16792318;-0.13182731;-0.10576054;-0.18949097;-0.13332248;-0.027713533;-0.07663867;-0.060589463;-0.09910984;-0.062947914;-0.039720025;-0.024565378;-0.016652033;-0.04677893;-0.060401548
0.0002799124;-0.00011128225;0.00024172556;0.00017992585;0.000100049016;0.00017667096;4.0418803e-05;-2.1090877e-05;-5.328466e-05;-6.684415e-05;-0.00010689348;-9.7747004e-05;-6.189557e-05;-0.00014543999;-0.00011807919;-0.00030414114;-0.00035911365;-0.00047085277;-0.00061203405;-0.00082582404;-0.0013730263;-0.0014797368;-0.0015024572;-0.0016569522;-0.0014574904;-0.0028268874;-0.002257356;-0.0018712557;-0.0015712256;-0.0014900995;-0.002885494;-0.0027596503;-0.0027558636;-0.0029736033;-0.0032199707;-0.007157023;-0.0074267057;-0.0071452796;-0.006592709;-0.0059725344;-0.010087297;-0.008114746;-0.006563581;-0.0053434344;-0.004516121;-0.0077065425;-0.0070457584;-0.007186932;-0.0075580166;-0.008082372;-0.017586164;-0.01907496;-0.0197026;-0.019579139;-0.018882275;-0.03347643;-0.028160553;-0.022326028;-0.016648171;-0.011299841;-0.007285813;0.006980565;0.01821188;0.026359372;0.032198865;0.07716217;0.08262171;0.08359251;0.08171342;0.07819778;0.14474419;0.12480569;0.10726284;0.09202255;0.078859136;0.12676735;0.093266666;0.070521615;0.054088872;0.04200429;0.059637785;0.038286623;0.02607021;0.018515524;0.013651955;0.018153306;0.011954522
7.626566e-05;8.6750086e-05;8.572882e-05;3.307104e-05;-3.397945e-06;7.219661e-05;-1.1598262e-05;-7.0230846e-05;-0.00012165716;-0.00016859375;-0.00018352125;-0.00020406209;-0.00021119005;-0.0003347986;-0.0003290015;-0.00045987254;-0.00045325136;-0.00040971694;-0.00038926426;-0.00034226078;-0.0004135396;-0.00035333406;-0.00034712584;-0.00036097647;-0.00029490315;-0.0005293733;-0.00048820992;-0.00034813007;-0.00036687523;-0.00037589847;-0.0009837418;-0.0010761619;-0.0012089665;-0.0012729877;-0.0013995883;-0.003182199;-0.0032616796;-0.0028892609;-0.0025270162;-0.0021309839;-0.0033460506;-0.0023680201;-0.001657583;-0.0011291947;-0.0007294272;-0.0006442896;0.0003909665;0.0010490816;0.0015253129;0.0019370986;0.004725955;0.0057887104;0.006820261;0.007823052;0.008805988;0.020550335;0.024123205;0.02710586;0.02954807;0.031559728;0.067569986;0.07189354;0.074169144;0.07513075;0.07503387;0.14665933;0.14106691;0.1338213;0.12609883;0.11838787;0.21331272;0.18837762;0.16657285;0.14791967;0.13194709;0.22114785;0.18168676;0.15108508;0.12707816;0.1080811;0.16903242;0.13012958;0.10189796;0.08116816;0.06573984;0.09604379;0.069748044
0.32799423;-0.17717797;-0.16999163;-0.19255626;-0.16714531;-0.15801279;-0.14545782;-0.09002955;-0.19198768;-0.11528848;-0.1738484;-0.14846717;-0.118859306;-0.07810082;-0.11722285;-0.15506147;-0.14627178;-0.061345;-0.040043287;-0.020215984;-0.06378219;-0.027247703;-0.069891654;-0.083797455;-0.06318521;-0.0220732;0.015477138;-0.012221183;-0.012513114;-0.011287465;0.09076709;0.123156466;0.16190514;0.12889564;0.063812666;0.118917674;0.10391537;-0.070397586;-0.04090795;-0.0034031856;-0.07329787;-0.0046994844;0.01567155;-0.121574394;-0.11288662;-0.13825387;-0.18508516;-0.15822832;-0.053996667;-0.03353879;-0.0075096395;-0.009092849;-0.04711629;0.0037184788;-0.080796264;0.13360056;0.12675956;0.15731637;0.04001188;-0.069391415;-0.15641953;0.07691899;0.029487733;0.13515891;0.082208455;0.00053985504;-0.06149146;-0.14354;0.088996775;0.05602365;0.028377144;0.083136916;-0.0879604;0.090091474;-0.018894274;0.13117132;0.029993346;0.10659099;0.163784;-0.037887264;0.02735948;0.019728506;-0.12165792;-0.164739;-0.23393847;-0.22406049;-0.21992786
0.0007676425;-0.0007426662;-0.00041145325;-0.00034164306;-0.0004226021;-0.0003392378;-0.00044503383;-0.0004951565;-0.00058216613;-0.00053676445;-0.000630048;-0.00017858241;-0.00039918907;-0.0006704968;-0.00086983165;-0.0005943319;-0.0006038646;-0.00019555207;0.00015112277;0.0008304696;0.0031818147;0.0042114477;0.004517327;0.004897987;0.0053661484;0.01100353;0.01242665;0.013508246;0.014048123;0.01432153;0.030159945;0.0308902;0.031811547;0.032887287;0.034082167;0.071634345;0.07419822;0.07574894;0.07607056;0.0751262;0.14530817;0.13751316;0.12912203;0.12054231;0.112231396;0.1987256;0.17147616;0.14850838;0.12950619;0.1134257;0.18761872;0.15052895;0.122111626;0.10051829;0.08396509;0.13109836;0.09712234;0.07355081;0.056609236;0.04441051;0.064472385;0.043723788;0.030085973;0.021366702;0.015706806;0.022343133;0.013034589;0.007841651;0.0052666403;0.0032501656;0.0070788087;0.0039595137;0.0021055664;0.0014270603;0.0010860217;0.0027595975;0.0003402468;-0.0006181906;-0.0016631543;-0.0020101534;-0.004561597;-0.0049883295;-0.005477038;-0.0054335142;-0.004899619;-0.00821861;-0.007822282
0.037395474;-0.012631708;-0.004534215;-0.0065821637;-0.010208299;-0.006960033;-0.012153985;-0.0056600864;-0.16923068;0.004280871;-0.006522694;-0.003352627;0.0031491723;-0.015047217;-0.016867172;0.003725667;0.0028469355;0.000927388;-0.003276774;-0.0073265797;0.00048064877;-0.013972261;-0.0066714347;-0.030363902;-0.032394707;-0.09301206;-0.10151856;-0.10808108;-0.12082212;-0.12438905;-0.29304278;-0.2866136;-0.2740743;-0.2609621;-0.24902602;-0.4799512;-0.41815838;-0.39488098;-0.35147586;-0.30762216;-0.5090937;-0.41086036;-0.3323546;-0.2656721;-0.21770687;-0.29902962;-0.19239314;-0.11359935;-0.061259903;-0.022543184;0.02567321;0.077517554;0.11199657;0.12268356;0.12607233;0.24286737;0.2185616;0.19264294;0.16694467;-0.052413393;0.20866661;0.15916786;0.123194;0.09456502;0.07172845;0.11160291;0.076888844;0.0547335;0.0399613;0.026885763;-0.058868703;0.043514818;0.03351876;0.029812159;0.025465932;0.03955242;0.016082998;0.08036094;0.009103951;0.002332642;0.00797196;0.015913123;0.008008959;0.0033695293;0.0031775003;0.0035551146;-0.01040599
4.8004433e-05;5.4911732e-05;-3.9608727e-05;-0.00011355009;-0.00012039031;-7.368757e-05;-8.7741624e-05;-6.3622654e-05;-2.4327368e-05;5.1788957e-06;1.8767612e-05;6.600348e-05;0.00014596776;7.251914e-05;7.2483e-05;0.00023286344;0.0002123211;8.7530985e-05;-6.891115e-05;-0.00017457282;-0.00080318766;-0.0011300477;-0.0012375467;-0.0014279408;-0.0012835098;-0.0024308758;-0.0025496774;-0.0022737184;-0.0017114022;-0.0011110178;-0.00047900964;0.0015679857;0.0034696932;0.0048651136;0.0060731308;0.015831368;0.020450432;0.024804004;0.028279146;0.030931113;0.0675431;0.07167758;0.07361211;0.07397663;0.07321374;0.14109008;0.13186255;0.12175547;0.111690894;0.10210484;0.17783159;0.14892857;0.12517892;0.105838045;0.09005575;0.14320883;0.107444696;0.08177242;0.06331437;0.049550697;0.07091051;0.04607479;0.03049895;0.020551063;0.014016761;0.017461438;0.008801596;0.004373835;0.0024529858;0.001536742;0.003583216;0.0033000975;0.003403518;0.003651206;0.003949815;0.008843179;0.007938175;0.006697198;0.0056250473;0.0047162627;0.008351701;0.005715578;0.004107762;0.0030436956;0.0022006917;0.0031813818;0.001484464
-0.08770613;-0.06409708;-0.030194007;0.07483938;-0.07123143;-0.020633139;-0.038531244;0.034113873;-0.11993556;-0.032016978;-0.03686937;0.10867153;0.056745272;-0.20452124;-0.117668435;-0.09808551;0.037182055;-0.007153751;0.11822674;-0.17594141;0.18166795;-0.16249014;-0.0037264135;0.17266223;-0.036879674;0.1694751;0.12973163;-0.13020678;-0.17326424;0.018504681;-0.13600278;-0.085890174;0.026673373;0.1836124;0.16993214;0.17685394;-0.023427919;0.13428989;-0.016664034;-0.1069506;0.05982702;-0.07954553;0.06407394;-0.16910781;-0.02975352;0.13363577;-0.019335091;-0.13326834;-0.14081544;0.052216526;-0.1480662;0.16054177;-0.18055287;-0.030076994;-0.12823942;0.18410677;0.12556659;-0.0026348594;0.13684009;0.16274281;0.11559598;-0.064773805;0.040366124;0.118748076;0.2060724;-0.049523506;0.13159114;-0.10751263;0.10472587;-0.058852043;0.040827207;-0.14651097;0.05662712;-0.06378604;-0.10231583;-0.028758934;0.20141582;-0.070528075;0.04149305;-0.06646584;0.091586;-0.013655142;0.20399162;0.093680575;-0.0004974254;0.10922786;-0.091087356
-0.19879015;-0.036015373;-0.182285;-0.001538348;-0.088176355;0.064671546;-0.13294837;0.17472436;0.19206932;-0.04225431;0.14135359;0.04960305;0.066885784;0.15036146;0.08966835;0.0037098685;-0.046754945;-0.16525494;-0.16510831;0.077952094;0.1834652;0.20863351;0.1754694;-0.02371502;-0.0051882607;-0.028362598;0.0039174813;0.13339652;-0.039566204;0.15664127;-0.15910697;0.010238815;0.08022885;0.02827605;-0.19601846;-0.017525492;-0.10758048;-0.14176795;-0.04334518;0.13928886;0.13279812;-0.042596426;0.13359973;-0.005183484;-0.16155928;-0.043807495;-0.15595683;-0.18206643;0.0045011025;-0.12808879;-0.028295852;0.17277159;0.1310454;0.07759864;-0.16522278;-0.050025098;-0.06778;0.094109334;0.05966462;0.17912933;0.13840726;0.021908794;-0.18224783;-0.12969597;-0.14274353;-0.16167736;-0.13878211;0.1384919;-0.007991668;-0.13980067;0.12456612;0.13346091;-0.06401331;-0.07707145;0.14447501;-0.087868325;-0.03489928;0.12684485;-0.18638489;-0.050986;-0.058407433;0.1116164;-0.0013117252;-0.040925793;-0.19523972;-0.17969003;-0.15036695
0.56057733;0.11529638;0.06674422;0.045893576;0.034373946;0.049255047;0.034370687;0.025779383;0.0202934;0.016523855;0.025385372;0.018858071;0.014657013;0.011790704;0.009730928;0.015282738;0.011504397;0.009038312;0.007333672;0.0060680998;0.009698148;0.00738172;0.0058543053;0.0047063357;0.0039697904;0.0062107584;0.004676102;0.003689066;0.0029762227;0.0024432114;0.0038562622;0.0028741474;0.002218969;0.0017690237;0.0014905063;0.002357454;0.0019222159;0.0016287448;0.0014154406;0.0012608327;0.002289245;0.001986879;0.00169192;0.0014788308;0.0013197282;0.0022692776;0.0018847062;0.0016010109;0.0014017259;0.0012325366;0.0021818401;0.0017680763;0.0014679661;0.0012568126;0.001110475;0.0018552281;0.0014452629;0.0011292564;0.00092225615;0.0007553956;0.001301182;0.0008710965;0.0006224765;0.00044486218;0.0003513115;0.0006133958;0.00031131328;0.00016169522;9.5847e-05;3.534894e-05;0.00020063051;2.2923008e-05;-5.2392792e-05;-3.801095e-05;-5.0772665e-05;0.00021018011;8.284037e-05;0.00011689383;0.00013430021;0.00013235699;0.00048606374;0.00034847064;0.0002771256;0.0002484531;0.0002320864;0.00040575225;0.00021039008
0.0010442213;-0.0003331824;0.0009208648;0.0007621688;0.00049876963;0.0006211066;0.00031294464;0.00021964448;0.00016998118;0.0001264901;0.00020913905;0.00015712288;0.00016698783;0.00013012129;0.00013409286;0.00023228046;0.00014725546;6.850687e-05;-2.7286878e-05;-0.00014769369;-0.00013038632;-0.00024524433;-0.00034934105;-0.0005236014;-0.00047986765;-0.0009093425;-0.00083521946;-0.00065928284;-0.0005541469;-0.00041624974;-0.00058136735;-0.00023869808;-7.816376e-05;-3.5812154e-06;-8.686118e-06;0.00019299045;0.00034364074;0.0005754192;0.0008143653;0.00085990917;0.0018563496;0.0018991481;0.0020379436;0.002182185;0.002275979;0.0048520374;0.0050704223;0.0051419577;0.0052593187;0.0053006797;0.0106819095;0.0104279965;0.010078706;0.0098182345;0.009557295;0.018481744;0.017431142;0.01651683;0.015760338;0.015098813;0.028927667;0.027028907;0.025551;0.024330318;0.023332456;0.044688083;0.042084;0.040143717;0.038570777;0.03723331;0.071954116;0.06826885;0.06537245;0.06300715;0.060918353;0.116981275;0.11021149;0.10445618;0.09925488;0.09439633;0.17503929;0.15894517;0.14463218;0.13194521;0.120584175;0.2107203;0.17887948
0.11506268;-0.08126992;-0.054842025;-0.034035448;-0.021896703;-0.05140916;-0.029927604;-0.018473433;-0.010854058;-0.0049750875;-0.025773628;-0.014435683;-0.0065897643;-0.0005992377;0.0039566327;-0.011568925;-0.0024586676;0.0033136823;0.0077393376;0.011210279;-0.002475462;0.0016801587;0.007728709;0.011539959;0.014523944;0.0010817625;0.0075554783;0.011917227;0.01496339;0.01711346;0.011606822;0.01407053;0.013246074;0.011462474;0.007587936;0.016992392;0.010041752;-0.006323917;-0.012498169;-0.017110376;-0.018445771;-0.020911746;-0.022174856;-0.023493309;-0.024539618;-0.02383146;-0.024688538;-0.025216937;-0.025531262;-0.025893832;-0.025682822;-0.025970824;-0.026109397;-0.02616454;-0.026309652;-0.025854675;-0.025684701;-0.025478123;-0.025340563;-0.02531361;-0.023559263;-0.02219634;-0.021143317;-0.020139063;-0.019268658;-0.015021204;-0.007391715;-0.0006056289;0.0032672815;0.006179124;0.01058941;0.020060286;0.021079255;0.016513757;0.012250051;0.010032733;0.009420011;0.011067607;-0.0008256762;0.010829246;0.013717893;0.005843944;0.01330673;0.0115440795;0.012797413;0.009573507;0.011107157
-0.07348782;0.07621599;-0.1629102;0.127268;-0.13104674;-0.074784115;0.14233647;-0.09610287;-0.16335928;-0.07898637;0.066121876;-0.009060348;-0.07289554;0.059267253;-0.16943234;0.1898728;0.1772826;-0.008387301;-0.05783957;-0.10103244;0.024197266;0.07164646;0.08088632;-0.0628854;-0.114873156;0.14916638;-0.029616354;0.17780486;-0.1224156;0.09764616;0.012987212;0.07171537;-0.15839839;0.15387978;-0.10659951;-0.02491754;-0.00532942;-0.17445107;-0.031803522;-0.111166015;0.036318723;0.17019188;0.09428453;0.09856386;0.14894453;-0.11209983;-0.12704271;0.09175305;-0.059645694;0.079551056;-0.097289994;0.13500966;0.02276173;0.030700298;-0.14581548;-0.15702187;0.13910481;0.08305568;-0.19286229;-0.06351887;-0.18845262;-0.13830318;-0.1916731;0.10082741;0.18534932;-0.109410755;-0.06711279;-0.14526637;0.1275068;0.008840767;-0.14543036;0.177974;0.028441345;-0.027282847;0.112045854;-0.07214064;-0.010233371;-0.17519447;0.112262666;0.070642084;0.17206591;0.046475932;-0.081674986;-0.04642076;0.1006043;0.07418949;0.100737564
6.598225e-05;4.5461573e-05;-0.000100097495;-0.00015525047;-0.00013233094;-0.00016609684;-8.9064815e-05;-5.6386136e-05;-1.7049475e-05;-5.362577e-06;3.3300974e-05;5.773773e-05;0.00010557962;7.667611e-05;0.00010871936;0.000101213416;-2.148845e-06;-0.00010926618;-0.00022367988;-0.00038664445;-0.0011564139;-0.0016742462;-0.0021722054;-0.0026360143;-0.002939566;-0.006312403;-0.0065259677;-0.0065445653;-0.0064775697;-0.0063324887;-0.012379621;-0.011989263;-0.0117263915;-0.011581918;-0.011601075;-0.023131505;-0.023410443;-0.02343283;-0.022816995;-0.021739073;-0.039346997;-0.03340971;-0.027665563;-0.022102123;-0.016935654;-0.020133318;-0.0045282724;0.00803213;0.017956365;0.025707517;0.06828693;0.08220425;0.08966622;0.09309696;0.093911864;0.1837047;0.17290586;0.1599594;0.1465969;0.13379638;0.23208061;0.19274312;0.16131565;0.13593028;0.11541366;0.18146405;0.13633907;0.10470296;0.0818175;0.06495013;0.092681944;0.06375778;0.045325343;0.03308181;0.024858128;0.03269827;0.022144916;0.015602272;0.011527945;0.008964585;0.012810838;0.00987728;0.007947561;0.0065928926;0.0055607185;0.009180344;0.0069108168
0.017592244;0.009806687;0.011269525;0.020026384;0.015017754;0.011339392;0.01584916;0.01231734;0.02519045;0.013846908;0.015906047;0.011810205;0.01404737;0.014311673;0.0109403115;0.017766947;-0.013598388;-0.008640863;-0.007111971;-0.01038607;-0.017106911;-0.018396502;-0.020658074;-0.021586007;-0.020086564;-0.029149838;-0.029688528;-0.028608061;-0.027732307;-0.027678799;-0.0327586;-0.03526441;-0.03491395;-0.02733702;0.008636083;0.0063485242;0.0043660617;0.007119478;0.008604749;0.008869434;0.009974563;0.012440662;0.015029401;0.015731845;0.017027246;0.0163087;0.01540511;0.015661897;0.014914506;0.013406462;-0.012780159;-0.012130937;-0.015886795;-0.013344181;-0.0141796;-0.06111876;-0.05565213;-0.048549604;-0.039744608;-0.028481781;-0.048319377;-0.021250896;-0.00085992605;0.012104817;0.02275273;0.0430835;0.061097533;0.06785383;0.066491306;0.0642059;0.10355972;0.08176992;0.06657804;0.05486619;0.043861445;0.054956127;0.03268314;0.016366972;0.004422603;0.0010091383;-0.005174348;-0.011624772;-0.010769384;-0.007965325;-0.009043664;-0.0137767;-0.01071532
-0.038958464;-0.024738131;-0.025606804;-0.026229631;-0.027127016;-0.024794923;-0.026661836;-0.02750756;0.07564126;-0.028416371;-0.027342027;-0.028179498;-0.028634476;-0.027093243;-0.028049625;-0.030317293;-0.032704934;-0.03554032;-0.03965284;-0.043543052;-0.008746914;-0.023089992;-0.031931244;-0.03851069;-0.042689305;-0.12609379;-0.1211659;-0.11220085;-0.10054127;-0.08855645;-0.17412475;-0.16520618;-0.14412352;-0.11538429;-0.0908216;-0.09623766;-0.04766345;-0.01753981;0.000265;0.01032586;0.066331975;0.0672804;0.060375564;0.051747546;0.042156953;0.090527736;0.05922342;0.03547744;0.01727933;0.0032182846;0.00718609;-0.02013574;-0.036558725;-0.046548817;-0.05267277;-0.08323864;-0.084781066;-0.08182575;-0.0768871;-0.07137006;-0.0964468;-0.07784189;-0.06389875;-0.053422898;-0.04562781;-0.04748268;-0.033558294;-0.027502585;-0.025611255;-0.024889017;-0.022448028;-0.025477754;-0.02914932;-0.03238466;-0.0349159;-0.045797378;-0.047108155;-0.1208649;-0.04438228;-0.041821156;-0.04886162;-0.03663626;-0.026935957;-0.019987246;-0.012818654;0.008634065;0.02514598
0.023397742;0.022674201;0.02051959;0.02041835;0.019484602;0.018291526;0.01775357;0.018997323;0.01885872;0.020491512;0.016759321;0.019959;0.019689463;0.020537507;0.017943665;0.015629867;0.017394867;-0.021290772;-0.019491177;-0.013052433;-0.020771401;-0.017725656;-0.02376357;-0.028024573;-0.024768002;-0.031419516;-0.032344833;-0.033110287;-0.029286562;-0.027913177;-0.03135076;-0.026713371;-0.020880114;-0.0160081;-0.007509125;-0.0072624166;0.042461302;0.04541364;0.045753337;0.04159283;0.05276026;0.042906806;0.03217934;0.022804316;0.01348565;-0.01598085;-0.033972528;-0.046509746;-0.05398169;-0.057877444;-0.13498308;-0.13033538;-0.11995252;-0.10836009;-0.09596924;-0.18087442;-0.1389091;-0.105692364;-0.07843072;-0.058434807;-0.085206404;-0.04258543;-0.01563282;0.004423821;0.013586124;0.036070604;0.045175243;0.04740016;0.047619782;0.04569313;0.071158096;0.052328438;0.040113535;0.028850062;0.019777145;0.020491181;0.010222627;0.006936091;0.004414768;0.0018819569;0.00030871943;-0.00060582696;-0.0020534745;-0.0007917398;0.0007148464;0.00084940926;0.002520742
7.68643e-05;2.9033938e-05;-0.00023070225;-0.00026915243;-0.00019035718;-0.00030680269;-0.00019049237;-0.000107420405;-0.00014751218;-0.00014827194;-0.00016191544;-0.00019789269;-1.5987942e-05;-8.1464175e-05;-0.00018478552;-0.00016652941;-2.19219e-05;-3.4211596e-05;2.3054527e-06;5.515321e-06;0.00043502497;0.00047688524;0.0007104672;0.0007016546;0.00076252664;0.0015083193;0.0018614742;0.0018780872;0.001677816;0.0013638706;0.0018003732;0.0010025407;0.00033390103;-0.00027324876;-0.0009255215;-0.0031908115;-0.0034166393;-0.003643899;-0.0033678056;-0.0031051284;-0.0048716357;-0.0033429607;-0.0019788772;-0.0012139011;-0.00033946935;0.00080034405;0.0029098352;0.004294915;0.005355152;0.0057616844;0.011969455;0.012134661;0.011628246;0.010670239;0.009833347;0.016995164;0.013385644;0.010214525;0.007917706;0.0059717316;0.010022082;0.007244913;0.0060432707;0.006034338;0.006818374;0.020113837;0.024288699;0.028081233;0.032156505;0.035955105;0.08693052;0.092827216;0.0961388;0.09786763;0.09840268;0.20146467;0.19092032;0.18051852;0.17067882;0.1607346;0.2963786;0.25994286;0.22899373;0.20287871;0.18070634;0.30485842;0.24898568
0.08948986;0.0037059046;0.032220975;-0.005911555;-0.07066381;-0.18928076;-0.19758166;-0.123829745;0.14408919;-0.19331245;-0.013932925;-0.19388314;0.12613088;-0.19390647;0.03756617;-0.14114602;-0.055092603;0.12710813;0.030053562;-0.12891954;0.13514885;0.032208905;-0.03392805;0.17057571;-0.09927714;-0.022787208;-0.024693275;-0.0742335;-0.061228827;0.025105288;-0.008059945;-0.015984887;-0.16792539;-0.012780797;-0.15182577;0.14127904;0.12810904;-0.19009869;-0.19852345;-0.18364866;-0.04763508;-0.148565;0.11210786;-0.059487864;0.0064632855;0.14775825;-0.12304206;-0.053621158;0.044130743;0.09544967;-0.11320147;-0.1902816;-0.022432884;0.09597649;-0.1174071;-0.1504224;-0.05080375;0.045409843;0.07327558;0.19327927;0.18822408;-0.15246195;0.008722078;-0.13087419;-0.17502064;0.006919969;-0.1768429;-0.115723215;0.09913261;-0.19111402;-0.14565486;-0.092238225;-0.027316162;-0.0018863374;0.1333301;0.06604935;-0.028321063;0.14728817;0.035028413;0.11852999;0.027776489;-0.045276523;-0.08608571;0.17717761;0.18213037;-0.0497763;-0.17968136
-0.0030706506;-0.014066866;-0.027925123;0.0037811322;-0.028580476;-0.015914025;-0.015929922;-0.030016754;-0.026010348;-0.031210186;-0.02115964;-0.03114716;-0.011055847;-0.018205479;0.025886282;-0.024011496;-0.011890401;-0.011729349;-0.012098525;-0.02690818;-0.0126613015;-0.0077314647;-0.0034842794;-0.0009125501;0.006332019;0.03583993;0.046655525;0.054586273;0.07295084;0.07346791;0.16641985;0.15059339;0.13784063;0.120790236;0.09609562;0.16083294;0.11496509;0.09087738;0.074780434;0.06429374;0.093014404;0.066928126;0.05371806;0.04371681;0.037320197;0.028769348;0.023259174;0.020164285;0.019308347;0.01956927;-0.004135886;0.0035700502;0.006071698;0.013480928;0.0154964235;0.0038981345;0.016316272;0.023066796;0.025489727;0.027796224;0.024404734;0.027083585;0.031552695;0.033804584;0.024508722;0.0058835265;-0.018186668;-0.02866577;-0.0317743;-0.036678106;-0.039505344;-0.03314722;-0.029915195;-0.025378404;-0.023995321;-0.010359523;-0.007519806;-0.0076400535;-0.00841086;-0.0072151124;0.010187334;0.007148753;0.006833304;0.00524345;0.0057981503;0.013034097;0.009314285
-0.14993334;0.09378384;-0.08116922;-0.13088398;0.17747094;-0.12768611;-0.027088933;0.054764714;0.111358024;0.1823552;0.08151994;-0.009548494;0.06370477;0.026755303;0.103577584;-0.114439406;-0.048819784;0.026309352;0.0136390515;0.028201615;0.09052532;0.10509799;0.13489792;0.0366927;-0.100103326;-0.1152269;0.15230767;0.06146125;0.12752543;-0.08094805;-0.11781616;0.1814034;0.013934129;0.10298832;-0.14361958;-0.0069655688;0.1911559;0.17324054;-0.07799931;0.12161082;-0.022156825;0.045890726;-0.10881622;0.116230525;-0.10453639;-0.10794794;0.21412072;0.19176663;0.11554205;0.18785167;0.03352135;-0.033127718;0.012682964;0.09422859;-0.1442259;-0.06743254;-0.14742541;0.1934046;0.025079058;-0.0007534128;0.10064853;-0.17561321;-0.024150211;0.045295462;0.11857945;0.071602106;-0.11528919;-0.073490374;-0.20429029;-0.12207786;-0.09299546;0.115390904;-0.097757354;0.053632062;-0.1285156;-4.1900563e-05;0.019057862;0.16942863;0.07615912;-0.003059791;-0.12562186;-0.08504893;-0.01073;-0.026423981;-0.08493621;0.037741844;0.042639166
-0.0003583429;-0.00018446568;-0.00020568715;-0.0001569042;-0.00010419722;-0.00017203309;-6.5468266e-05;-2.4974528e-05;-1.9432147e-05;-1.7231156e-05;3.400389e-05;2.1991611e-05;9.530746e-05;7.4431286e-05;9.298743e-05;0.00022675899;0.0003560275;0.0005295199;0.00069328386;0.0008755205;0.0026148995;0.00341262;0.004123388;0.004765955;0.0051586335;0.011186755;0.0117281955;0.011793243;0.011653843;0.011286417;0.021171948;0.018729618;0.016481103;0.014606925;0.013064604;0.022850597;0.01988581;0.017922783;0.016800936;0.016313842;0.032340743;0.03324696;0.034604434;0.035968874;0.037176553;0.077155106;0.079518475;0.08055135;0.08063455;0.07999236;0.15664077;0.15015513;0.1428258;0.13528286;0.12776113;0.23382524;0.20759985;0.184939;0.1653304;0.1483698;0.25345793;0.20868768;0.17430203;0.1473011;0.12583141;0.2009227;0.15430057;0.12145508;0.09753755;0.079699725;0.11984126;0.08718034;0.06565577;0.050824363;0.04031676;0.058492497;0.04196201;0.031197442;0.023980895;0.019006383;0.027877942;0.019992633;0.014869913;0.011434092;0.009050636;0.013425536;0.009254363
0.03898532;-0.12161132;0.05957984;-0.12753342;-0.026687017;-0.029204866;-0.079129644;-0.17787829;0.16662529;-0.03217069;0.075524844;0.17650741;0.017530346;-0.19713455;-0.1547487;-0.18818939;0.02815696;-0.13840869;0.066494085;-0.18223962;-0.12155947;-0.18761738;-0.040429868;0.10743875;0.15512475;-0.030437065;-0.16223364;-0.14901283;0.007709425;0.12058254;0.17709553;0.1361922;-0.16095129;-0.16288164;0.14537783;-0.19016194;0.004617712;0.17095691;-0.04332783;-0.023847526;-0.12710051;-0.12119024;-0.17895427;0.13464585;-0.06833512;0.10078036;-0.007823461;-0.17827679;0.14957404;-0.14155498;-0.14745927;0.06355102;-0.09727952;0.04588468;0.0995704;0.19853711;-0.025261432;0.1299884;-0.19625714;-0.19295621;-0.035317037;-0.018252298;-0.017619584;0.08312438;-0.07737562;-0.15055741;0.18519852;0.022373922;-0.0068655186;-0.001432682;0.16014788;-0.11072892;0.12820789;0.12322611;-0.14202312;0.19432378;-0.19877504;-0.028070882;-0.19749036;-0.027080426;-0.07868406;-0.050785266;-0.114977196;-0.021332849;0.060737975;-0.12276792;-0.0031960048
-0.015421078;-0.009313812;-0.011458774;-0.01178993;-0.013206114;-0.0060295705;-0.008128151;-0.009560541;-0.014569921;-0.015189694;-0.0051170886;-0.012369325;-0.010900407;-0.010580759;-0.008489703;-0.005652439;0.004958896;-0.016311646;0.01154217;0.0052752914;-0.00656775;0.0030865087;-0.0034005104;-0.010874376;-0.009388296;-0.0030177585;-0.003654713;-0.005668943;-0.008716721;-0.01237275;-0.020459477;-0.024244659;-0.028290158;-0.032912046;-0.033255782;-0.017323982;0.016436774;0.015937561;0.017316319;0.01732852;0.025259327;0.030835513;0.033194005;0.03483427;0.03542705;0.0698736;0.06598262;0.060815524;0.0541258;0.04684224;0.08711593;0.06505182;0.047726475;0.03371403;0.021867843;0.03271042;0.008623873;-0.0067981337;-0.0154097695;-0.021349492;-0.039587203;-0.044231433;-0.042537294;-0.039739214;-0.037539277;-0.0627084;-0.051901847;-0.039482005;-0.031422853;-0.026027147;-0.041499916;-0.025686745;-0.017895484;-0.010446331;-0.0029653853;0.00029373445;0.004843477;0.013914603;0.016368426;0.011915426;0.02689124;0.027587324;0.023764476;0.025354998;0.026935773;0.027911196;0.03036044
0.043755602;-0.030544285;-0.035497803;-0.03153156;-0.027587105;-0.040592767;-0.03148048;-0.027705709;-0.18164255;-0.020380154;-0.030470172;-0.025012938;-0.02081925;-0.015108879;-0.013543936;-0.023369333;-0.020866279;-0.020113243;-0.0197408;-0.020517092;-0.044510193;-0.038743604;-0.0436121;-0.030151749;-0.013986123;-0.06706386;-0.05470954;-0.03422841;-0.025342677;-0.017980203;-0.039755397;-0.02288895;-0.013949197;-0.004641983;0.0049202996;0.030798275;0.034992304;0.029307395;0.023550285;0.019489588;0.023125717;0.012462396;0.0065195984;0.0029424292;0.0011003138;-0.009638821;-0.008570227;-0.005878437;-0.0031755324;-0.0011042882;-0.0038136728;0.003303729;0.0076726493;0.010265271;0.01173513;0.02410735;0.022147693;0.016860517;0.009499134;0.0025039255;-0.015034247;-0.030224279;-0.03992227;-0.04441875;-0.044980314;-0.091612116;-0.073221624;-0.054368995;-0.03649296;-0.021014906;-0.018625066;0.019189613;0.04200712;0.052929405;0.05958947;0.13584249;0.13094871;0.049506426;0.089387536;0.06412665;0.09183942;0.032345105;-0.0137696;-0.04842706;-0.07388133;-0.16862006;-0.20551547
-0.011500784;-0.027520485;-0.019410692;-0.019799745;0.0040294793;-0.019717453;0.015604402;-0.004681126;0.110927284;0.0031642441;-0.017959116;-0.015192722;-0.020429492;-0.038513906;-0.036923494;-0.01973925;-0.023741357;-0.023150042;-0.007981485;-0.009483862;-0.0060156463;0.019419493;0.0035517055;0.028524194;0.020287776;-0.04634361;-0.0038426146;0.004999625;0.0004373537;-0.002076105;-0.10898087;-0.113962226;-0.09900322;-0.092554845;-0.09006462;-0.14636384;-0.11515614;-0.08829116;-0.07218342;-0.061731953;-0.13062447;-0.11035301;-0.09710195;-0.088488236;-0.08081806;-0.18564036;-0.1787774;-0.17056589;-0.16780843;-0.16137038;-0.3237799;-0.29304555;-0.26419026;-0.23890255;-0.22689533;-0.40684718;-0.3409879;-0.28602025;-0.2419884;-0.20632456;-0.3487393;-0.2633062;-0.20283923;-0.1523449;-0.12777576;-0.20295131;-0.1475514;-0.11224644;-0.08713018;-0.07011746;-0.1091528;-0.07886835;-0.056535576;-0.04811296;-0.039462406;-0.04788262;-0.03335475;-0.13964215;-0.016188275;-0.012575099;-0.005323855;0.007947317;0.011309714;0.011037314;0.011270116;0.015647514;0.013604198
0.028883686;0.001380723;0.026339298;0.023394888;0.032872703;0.018771598;0.03180892;0.034100804;-0.029635042;0.030285219;0.03393686;0.034193404;0.030060843;-0.029850047;-0.019279594;0.02565769;0.013019351;0.011328802;0.029242992;0.03158736;0.04141838;0.035499897;0.042330142;0.011198534;-0.002528035;0.03767826;0.0361937;0.029832495;0.03224274;0.033374734;0.044886626;0.05404044;0.05833398;0.06265308;0.062869646;0.08985411;0.070557766;0.06705217;0.05855599;0.044083375;0.04000274;-0.0058804248;-0.04081307;-0.06827083;-0.08743305;-0.22514458;-0.25682226;-0.26589522;-0.26412484;-0.2556456;-0.49009478;-0.41735753;-0.34986553;-0.288705;-0.23728429;-0.3862534;-0.25155976;-0.1577379;-0.091660686;-0.04773265;-0.044121604;0.021252943;0.056072544;0.06825282;0.07089555;0.11944859;0.09898837;0.07544361;0.0540216;0.039951768;0.0664754;0.048628416;0.037566584;0.03504999;0.035983145;0.039046716;0.043656066;-0.04890267;0.036571488;0.034249082;0.020892171;0.028233668;0.03110247;0.03371502;0.037179567;0.038603246;0.046623018
-0.0005497132;-0.0002752186;-0.00025148864;-0.00022610567;-0.00019370597;-0.0002850082;-0.00019389502;-0.00013040665;-8.410674e-05;-5.1231986e-05;-8.722974e-05;-5.060152e-05;-2.8106653e-05;1.6663893e-05;5.3924974e-05;0.0003308909;0.00085160194;0.0015458317;0.0023231548;0.0031543074;0.008830727;0.012569297;0.016047828;0.019078016;0.021441797;0.048273195;0.052682027;0.054877616;0.05558791;0.055294838;0.10765311;0.1019446;0.09546743;0.08908499;0.08308753;0.15053003;0.13328777;0.11959316;0.10860695;0.09958993;0.17748293;0.155386;0.13840424;0.124862686;0.11376156;0.20043436;0.17304227;0.1516703;0.13444977;0.12023262;0.20584595;0.17071244;0.14373201;0.122473106;0.10541141;0.17102507;0.13208295;0.10382456;0.082751185;0.06670933;0.098760106;0.06726915;0.046600718;0.03251442;0.022693053;0.026453616;0.011253001;0.0027684108;-0.0019468707;-0.004519619;-0.011673521;-0.012631785;-0.011907227;-0.010593965;-0.009186024;-0.013846789;-0.010051877;-0.007287171;-0.0052852733;-0.0038746297;-0.004329479;-0.0026694816;-0.0017386124;-0.0011877901;-0.0008967762;-0.00071547495;-0.00081552006
-0.00018245413;0.00063983555;0.0005791595;0.0005213416;0.0002695602;0.0004291233;0.00013079362;-0.00016280074;-0.0003521831;-0.0004990583;-0.0003220995;-0.0004980926;-0.00053869;-0.00072514795;-0.0006417838;-0.001453892;-0.0015403312;-0.0013715703;-0.0012953121;-0.001278542;-0.0027046942;-0.0024242995;-0.0020268864;-0.001414094;-0.0010480458;-0.0013686537;-0.0003227585;-1.9288891e-05;0.00011638196;0.00052016485;0.001454107;0.001125461;0.0010163913;0.0008265624;0.0005694987;-0.00025802292;-0.0010280865;-0.0015607954;-0.0015755328;-0.0016920059;-0.004141201;-0.0032144203;-0.002641133;-0.002162419;-0.0017947594;-0.0044594593;-0.0038138018;-0.004062558;-0.004852186;-0.0059239864;-0.017891267;-0.020490536;-0.022806158;-0.024809273;-0.02698332;-0.06513367;-0.06503659;-0.06440388;-0.06278139;-0.061039228;-0.12884802;-0.11225869;-0.09952207;-0.08885226;-0.0795004;-0.14863393;-0.115268506;-0.09319729;-0.07727657;-0.064697556;-0.109899506;-0.07720569;-0.057307173;-0.044076435;-0.03447945;-0.053582452;-0.03428008;-0.022799425;-0.01582343;-0.010978785;-0.017098738;-0.009060778;-0.004575003;-0.0020871905;-0.00071898825;-0.0018720721;0.0011366762
0.009434829;-0.11802225;0.074792124;0.06086006;0.17327362;-0.10738505;-0.062356215;0.14821652;-0.11225228;-0.15403627;-0.17984141;-0.010935998;-0.11902453;0.1432238;-0.15245876;-0.02919379;0.0814713;-0.14631508;-0.19119826;-0.1796524;0.045351345;-0.13413404;-0.123501144;-0.14902243;0.17536104;-0.07082489;-0.17504707;0.14115661;0.050214965;0.19063252;-0.02169047;0.1218408;-0.15149893;-0.02034847;0.15959255;0.09558073;0.17099157;0.10632128;0.13621965;-0.1960712;0.09673051;0.004334868;0.11810364;-0.1629023;0.12053591;-0.049862098;0.14720553;0.11973277;0.1841379;-0.025523163;0.030499773;0.08182193;0.16290043;-0.0073112147;-0.121501215;0.12291784;0.17158724;-0.09564793;-0.004284191;-0.18592419;0.18815091;-0.16704929;-0.15263799;-0.094045445;-0.02489644;0.036395248;-0.07126092;-0.11162701;0.13564344;-0.16140322;-0.16665539;0.09589612;0.124662615;-0.045051884;-0.10429773;0.04809977;-0.18115485;0.044374045;0.18250808;-0.19737802;-0.18435842;-0.16785912;-0.12930608;0.00027914945;-0.15384516;-0.121022984;-0.053724915
-0.115384944;0.036339056;-0.08092685;-0.006961527;-0.15646584;0.08180651;0.06087828;-0.1788081;0.02174598;-0.08509927;0.032930974;0.11576961;0.00082055305;0.04370114;0.06280212;0.0337172;-0.023279151;-0.099595465;-0.085370734;0.15563852;-0.13095543;-0.023019118;-0.15076023;-0.010421045;0.164556;-0.0042108707;-0.07925348;-0.039107796;-0.1427035;0.08039133;-0.1454223;-0.19807209;0.158773;0.060474522;-0.029096067;0.20717925;-0.0593592;-0.093383335;-0.025828997;-0.16564381;0.14346834;0.024825906;0.035466485;-0.12139685;-0.008726721;-0.16511694;0.070480496;-0.1300393;-0.095590405;-0.07285094;0.019567788;-0.17870283;0.09519978;-0.13446426;-0.11159233;-0.16241522;0.17120735;0.07414489;0.038183387;0.13706228;-0.087392606;0.060161203;-0.088178165;-0.08738605;0.02878316;0.040627416;0.1334278;0.101662196;-0.027565345;-0.11773055;-0.14572425;0.1704516;0.17426182;0.19073747;0.0553188;-0.18608803;-0.17676692;-0.095282115;0.06477967;0.021996256;0.11953485;-0.14774054;-0.084863536;-0.1609949;-0.08545367;0.1738041;-0.05932485
-0.02587285;-0.029168906;-0.03106527;-0.029008605;-0.02871327;-0.029826717;-0.029528229;-0.030376198;0.07791737;-0.028439187;-0.03021368;-0.028870704;-0.030200973;-0.026863547;-0.027438613;-0.030043477;-0.028768504;-0.029038174;-0.029674523;-0.029719522;-0.027747795;-0.028019441;-0.021280695;-0.009657196;0.04422007;-0.025123103;-0.019354584;-0.010227645;-0.008188863;-0.007275359;-0.021148536;-0.021763982;-0.02860035;-0.03367855;-0.034507304;-0.0405924;-0.04475207;-0.051544122;-0.05526904;-0.055594075;-0.07696725;-0.06559022;-0.05055323;-0.034992427;-0.020686593;0.028295944;0.070371754;0.10180979;0.12333604;0.13789217;0.3227144;0.33031183;0.3242424;0.30896506;0.2912827;0.5578812;0.4786416;0.40407807;0.3366261;0.27879107;0.4472996;0.3086778;0.21121685;0.14163414;0.092163295;0.11566426;0.058529742;0.031914685;0.01361012;0.0017712141;-0.038021676;-0.04213233;-0.049251728;-0.06738871;-0.070222266;-0.09592923;-0.07472031;0.18336268;-0.05294067;-0.04713284;-0.04775956;-0.04095723;-0.035828132;-0.03002999;-0.029534083;-0.03453339;-0.035206176
-8.4052794e-05;-8.5393345e-05;-0.00014806355;-0.00013803941;-6.6182714e-05;-8.715533e-05;-4.5509558e-05;-5.297005e-05;-6.938751e-05;-6.3444706e-05;-1.9108338e-06;1.41178025e-05;0.00010688398;1.697513e-05;-9.5759315e-06;-1.3210156e-05;-5.982098e-05;-2.4141926e-05;-2.5525675e-05;-9.102975e-05;-0.0001799087;-0.0003194505;-0.00036530217;-0.00047762552;-0.00040502413;-0.00069155986;-0.0006965214;-0.0005479383;-0.0004883398;-0.00043696602;-0.0005272465;-0.00022045948;0.00021318192;0.0005712286;0.00072034536;0.0017271909;0.0017798461;0.0015940721;0.0013723755;0.0010889305;0.001964834;0.0015513571;0.0014317913;0.0013492616;0.001453186;0.003209195;0.003592094;0.0041297055;0.004678411;0.0051603355;0.01182318;0.012909387;0.013629728;0.014031869;0.014284141;0.029302504;0.028508844;0.027397498;0.02613256;0.024784805;0.04693279;0.041844945;0.03772064;0.034372482;0.0317551;0.059316948;0.05246948;0.0480162;0.044870514;0.042520422;0.08206264;0.0757477;0.07152766;0.06823658;0.065453015;0.12568921;0.115277946;0.106693335;0.099298455;0.09266194;0.16922228;0.14848007;0.13154122;0.11730209;0.10517284;0.17983426;0.14801537
-6.99849e-05;0.0016708017;0.00017578623;-0.00014579654;-0.000111838955;-8.730673e-05;0.000111186186;0.0002543624;0.00032284606;0.00036681758;0.0008919032;0.0010105299;0.0010430883;0.0010914612;0.001093643;0.0021821775;0.0023504861;0.0025819428;0.0028246534;0.0030444274;0.0065561794;0.007710936;0.008753348;0.009613097;0.010241894;0.021742878;0.022417936;0.02236954;0.021769857;0.020840593;0.038517732;0.033937816;0.029596094;0.025693614;0.022233576;0.036051933;0.027411107;0.021339415;0.016987635;0.013907157;0.021910466;0.016241733;0.012404522;0.009578526;0.00741996;0.010377542;0.0053845835;0.0013908289;-0.001982233;-0.004847564;-0.015789576;-0.023057988;-0.028299592;-0.031952593;-0.034420233;-0.07141791;-0.07405712;-0.07370952;-0.07156334;-0.06843287;-0.12281096;-0.10785038;-0.09264889;-0.07831123;-0.0653911;-0.09470589;-0.06146836;-0.035302408;-0.014827546;0.001085983;0.038947005;0.0667431;0.08328339;0.092452176;0.096772596;0.19645117;0.18780124;0.17446809;0.15962951;0.14495596;0.2500699;0.2041427;0.16777949;0.1390248;0.11618584;0.18099423;0.13193534
-0.027340263;-0.024933144;-0.024203409;-0.026424654;-0.026626214;-0.021275472;-0.024238292;-0.019176284;-0.026114913;-0.02684764;0.009671685;-0.022538459;-0.025241036;-0.025572706;-0.026847422;0.008685251;0.01832035;0.026451945;0.028635763;0.030834366;0.035263184;0.03648478;0.03771919;0.04907369;0.055711232;0.09421236;0.09615784;0.09215724;0.08553977;0.08047728;0.11429264;0.087906934;0.06374198;0.033196963;0.019117473;-0.0011010182;-0.03748805;-0.04947425;-0.053899847;-0.05372038;-0.07252392;-0.057053994;-0.04253077;-0.030928517;-0.021909155;0.0028130703;0.0178931;0.024315204;0.026396323;0.025736673;0.07395832;0.06225072;0.050505154;0.040479045;0.032132536;0.069903895;0.047410276;0.03236359;0.021640126;0.0130689405;0.037279;0.021658454;0.013396635;0.0075168377;0.0049611884;0.022668824;0.015781287;0.012352301;0.011325565;0.0088844625;0.03136229;0.03205513;0.03282967;0.022580644;0.016153153;0.03255441;0.023515953;0.01613394;0.0135261705;0.0070897737;0.019111797;0.0065002446;0.00018963397;-0.007451265;-0.012085586;-0.005374061;-0.01215123
-0.019568881;-0.035576478;-0.02473148;-0.025452914;-0.018069537;-0.028102072;-0.017591875;-0.022028232;0.14581598;-0.024463048;-0.022436522;-0.025523243;-0.030537948;-0.0408569;-0.03848508;-0.03144032;-0.03698191;-0.036374997;-0.025132533;-0.025771866;-0.025248902;-0.0023669095;-0.005488879;0.02666289;0.027351476;-0.036219772;-0.0037618778;0.034999527;0.028641732;0.02381974;-0.08441433;-0.08426111;-0.07461264;-0.07354765;-0.07214902;-0.114008725;-0.098358855;-0.06293637;-0.026865428;-0.010862555;-0.020244343;0.011010473;0.035995305;0.05218688;0.06564033;0.13596927;0.15011944;0.1537789;0.15328276;0.1475924;0.28444347;0.2556537;0.22829096;0.20369561;0.18059961;0.3280401;0.26530346;0.21586351;0.17674571;0.14607087;0.24842985;0.18413359;0.13754696;0.1049911;0.080797255;0.14349233;0.10063512;0.07121373;0.051157333;0.036570072;0.06974604;0.042479634;0.022718204;0.009394946;0.00023958359;0.008684728;-0.0043561575;0.17748626;-0.012955268;-0.01800867;-0.012887422;-0.008437781;-0.010022707;-0.011414079;-0.011754025;-0.016447857;-0.014556108
0.23486795;-0.024012804;-0.034217995;-0.03456552;-0.034112547;-0.04188306;-0.0365667;-0.03300654;-0.034612685;-0.032583;-0.030819355;-0.033920027;-0.028743863;-0.025813792;-0.021147171;-0.02623167;-0.0130886305;-0.0285291;0.002434736;-0.0013030551;-0.020518498;-0.009569256;-0.014871249;-0.023516994;-0.019674707;-0.022550292;-0.017478537;-0.015187235;-0.013988346;-0.014885288;-0.023393987;-0.021492101;-0.020591764;-0.023603475;-0.026843037;-0.025455415;0.026296414;0.02006586;0.016052287;0.012213866;0.007272659;0.002568383;-0.00066262024;-0.0027398663;-0.0034203664;-0.008375329;-0.010119578;-0.010116798;-0.010717295;-0.011516237;-0.01080233;-0.011886883;-0.011670269;-0.011750938;-0.012222987;-0.008514767;-0.008204642;-0.008019876;-0.0071406923;-0.007033414;-0.00069139956;0.000676345;0.0024975399;0.0043014884;0.0031315638;0.010430612;0.011222865;0.013095653;0.012417533;0.010594472;0.012091969;0.013304503;0.0106064575;0.010098322;0.0113979345;0.014560837;0.010710642;0.0150299985;0.015101829;0.009275757;0.016867463;0.019539766;0.01719598;0.020634877;0.025530398;0.017838627;0.024872174
