Cooling;Heating
0;9.241
0;10.305
0;11.171
0;11.68
0;11.907
0;11.998
0;11.893
0;11.741
0;31.481
0;19.841
0;21.697
0;26.542
0;20.843
0;18.256
0;17.67
0;21.368
0;20.542
0;20
0;0.787
0;6.474
0;8.876
0;9.36
0;9.497
0;9.617
0;9.816
0;9.931
0;9.962
0;9.937
0;9.752
0;9.485
0;9.255
0;9.14
0;29.885
0;17.295
0;14.762
0;14.548
0;12.946
0;13.337
0;11.763
0;13.569
0;13.853
0;16.148
0;0
0;2.841
0;5.185
0;6.1
0;6.433
0;6.784
0;7.183
0;7.439
0;7.593
0;7.673
0;7.805
0;8.043
0;8.148
0;8.298
0;8.381
0;8.24
0;7.901
0;7.57
0;7.297
0;7.827
0;8.956
0;9.713
0;10.041
0;10.132
0;10.179
0;10.267
0;10.398
0;10.702
0;10.854
0;10.769
0;10.8
0;10.914
0;10.914
0;10.878
0;10.959
0;10.87
0;10.731
0;10.815
0;10.932
0;10.583
0;9.466
0;7.396
0;5.6
0;5.015
0;5.592
0;6.938
0;9.318
0;10.511
0;10.611
0;10.552
0;10.528
0;10.511
0;10.517
0;10.68
0;10.902
0;11.023
0;11.234
0;11.273
0;11.175
0;11.149
0;11.157
0;11.208
0;31.261
0;19.199
0;18.496
0;21.751
0;20.188
0;18.561
0;17.474
0;20
0;19.557
0;19.73
0;0.529
0;6.012
0;8.571
0;9.194
0;9.499
0;9.739
0;10.107
0;10.386
0;10.604
0;10.669
0;10.566
0;10.531
0;10.618
0;10.658
0;10.65
0;10.484
0;9.923
0;9.991
0;10.14
0;9.957
0;9.952
0;9.947
0;10.384
0;10.76
0;10.782
0;10.878
0;10.981
0;11.173
0;11.407
0;11.503
0;11.633
0;11.854
0;12.072
0;12.12
0;12.083
0;12.276
0;12.517
0;12.799
0;12.988
0;12.062
0;10.348
0;9.71
0;9.665
0;9.982
0;10.385
0;10.807
0;11.664
0;12.184
0;12.256
0;12.366
0;12.462
0;12.554
0;12.557
0;12.576
0;12.643
0;12.678
0;12.664
0;12.641
0;12.594
0;12.643
0;12.778
0;12.955
0;32.01
0;21.432
0;21.226
0;25.449
0;22.269
0;20.011
0;19.569
0;22.296
0;22.197
0;21.686
0;1.35
0;8.292
0;10.659
0;11.177
0;11.48
0;11.713
0;11.87
0;12.008
0;12.138
0;12.259
0;12.356
0;12.421
0;12.478
0;12.508
0;31.792
0;21.813
0;22.441
0;26.685
0;21.419
0;18.749
0;18.621
0;22.283
0;22.045
0;21.429
0;1.254
0;8.161
0;10.756
0;11.369
0;11.721
0;12.015
0;12.234
0;12.273
0;12.275
0;12.255
0;12.156
0;11.954
0;11.807
0;11.753
0;11.634
0;11.31
0;10.805
0;10.518
0;10.349
0;10.265
0;10.178
0;10.233
0;10.327
0;10.325
0;10.186
0;9.908
0;9.51
0;9.186
0;9.002
0;8.985
0;9.233
0;9.505
0;9.608
0;9.65
0;9.759
0;9.763
0;9.718
0;9.975
0;10.163
0;9.707
0;8.873
0;8.281
0;7.834
0;6.602
0;5.555
0;6.059
0;8.025
0;9.319
0;9.635
0;9.6
0;10.033
0;10.403
0;10.237
0;10.39
0;10.615
0;10.772
0;10.876
0;10.925
0;10.951
0;11.016
0;11.167
0;11.354
0;31.569
0;18.716
0;14.515
0;15.062
0;15.324
0;13.588
0;12.443
0;14.772
0;15.731
0;17.995
0;0.065
0;4.694
0;7.515
0;8.131
0;8.455
0;8.722
0;8.869
0;8.979
0;9.17
0;9.356
0;9.278
0;8.889
0;8.414
0;8.164
0;8.065
0;7.899
0;7.628
0;7.238
0;6.834
0;6.674
0;6.694
0;6.865
0;7.304
0;7.645
0;7.65
0;7.861
0;8.123
0;8.101
0;8.077
0;7.988
0;7.769
0;7.546
0;7.457
0;7.621
0;7.92
0;8.104
0;8.334
0;8.584
0;8.661
0;8.499
0;7.95
0;7.28
0;6.864
0;6.215
0;6.607
0;7.298
0;8.245
0;9.002
0;9.315
0;9.503
0;9.396
0;9.354
0;9.331
0;9.372
0;9.394
0;9.319
0;9.277
0;9.317
0;9.504
0;9.684
0;9.54
0;9.385
0;30.375
0;17.393
0;14.37
0;14.658
0;15.956
0;15.523
0;12.856
0;15.001
0;15.808
0;18.036
0;0.082
0;4.785
0;7.665
0;8.356
0;8.659
0;8.794
0;8.922
0;9.176
0;9.305
0;9.314
0;9.426
0;9.601
0;9.761
0;9.959
0;30.855
0;18.393
0;15.347
0;16.687
0;14.271
0;14.105
0;12.906
0;16.183
0;16.423
0;17.935
0;0.106
0;5.326
0;8.299
0;9.033
0;9.338
0;9.451
0;9.561
0;9.78
0;10.086
0;10.315
0;10.404
0;10.459
0;10.464
0;10.452
0;10.397
0;9.728
0;8.043
0;8.04
0;8.511
0;8.697
0;8.833
0;9.042
0;9.599
0;10.007
0;10.169
0;10.447
0;10.812
0;11.021
0;11.146
0;11.088
0;11.007
0;11.015
0;10.915
0;10.812
0;10.78
0;10.731
0;10.707
0;10.718
0;10.512
0;10.052
0;9.369
0;8.719
0;8.379
0;7.999
0;7.653
0;7.46
0;7.529
0;7.718
0;7.694
0;7.656
0;7.76
0;7.834
0;7.828
0;7.898
0;7.958
0;7.913
0;7.851
0;7.853
0;7.879
0;7.868
0;7.885
0;8.004
0;29.659
0;15.895
0;10.979
0;9.288
0;13.238
0;14.261
0;9.939
0;10.23
0;11.663
0;15.352
0;0.015
0;2.119
0;5.633
0;6.988
0;7.348
0;7.55
0;7.801
0;8.106
0;8.38
0;8.52
0;8.675
0;8.878
0;9.066
0;9.281
0;9.355
0;8.145
0;5.226
0;3.051
0;2.143
0;1.864
0;2.31
0;3.623
0;5.463
0;7.21
0;7.7
0;7.916
0;7.965
0;7.981
0;8.16
0;8.321
0;8.476
0;8.71
0;8.939
0;9.121
0;9.2
0;9.052
0;8.863
0;8.803
0;8.837
0;8.535
0;7.664
0;6.544
0;6.965
0;7.388
0;7.425
0;7.466
0;7.916
0;8.152
0;8.108
0;8.153
0;8.257
0;8.397
0;8.533
0;8.629
0;8.689
0;8.884
0;9.054
0;9.192
0;9.328
0;9.374
0;9.574
0;9.947
0;30.873
0;17.359
0;13.852
0;14.683
0;12.152
0;13.716
0;12.129
0;13.542
0;14.581
0;17.171
0;0.025
0;3.621
0;6.454
0;6.945
0;7.003
0;6.971
0;6.881
0;6.835
0;6.854
0;6.922
0;7.062
0;7.262
0;7.522
0;7.882
0;29.555
0;16.526
0;13.322
0;12.789
0;12.457
0;10.941
0;9.247
0;11.495
0;12.672
0;15.514
0;0
0;2.618
0;5.32
0;6.615
0;7.193
0;7.427
0;7.671
0;8.037
0;8.307
0;8.395
0;8.453
0;8.811
0;9.145
0;9.432
0;9.546
0;8.667
0;6.646
0;6.289
0;5.65
0;5.385
0;6.622
0;7.849
0;8.87
0;9.833
0;10.318
0;10.402
0;10.474
0;10.51
0;10.404
0;10.209
0;10.002
0;10.268
0;10.535
0;10.469
0;10.651
0;10.694
0;10.589
0;10.662
0;10.611
0;10.481
0;9.149
0;6.345
0;5.942
0;5.201
0;5.202
0;7.09
0;8.818
0;9.877
0;10.167
0;10.368
0;10.735
0;10.863
0;10.966
0;11.113
0;11.24
0;11.283
0;11.355
0;11.701
0;11.669
0;11.617
0;11.841
0;12.046
0;31.767
0;18.985
0;17.386
0;19.57
0;13.031
0;11.913
0;12.762
0;16.301
0;17.069
0;19.344
0;0.658
0;6.631
0;9.668
0;10.63
0;11.161
0;11.524
0;11.892
0;12.023
0;11.958
0;11.96
0;12.012
0;12.156
0;12.233
0;12.269
0;12.284
0;11.636
0;10.382
0;8.784
0;8.028
0;8.331
0;9.54
0;10.444
0;11.271
0;11.954
0;12.067
0;12.029
0;11.91
0;11.854
0;11.818
0;11.83
0;11.855
0;11.723
0;11.588
0;11.522
0;11.474
0;11.483
0;11.536
0;11.552
0;11.481
0;10.603
0;7.471
0;4.913
0;4.044
0;3.777
0;4.218
0;5.541
0;8.071
0;10.091
0;10.575
0;10.72
0;10.912
0;11.065
0;10.976
0;10.873
0;10.891
0;11.155
0;11.533
0;11.763
0;12.002
0;12.186
0;12.301
0;12.409
0;31.859
0;20.013
0;19.135
0;21.778
0;19.718
0;18.203
0;16.204
0;17.894
0;18.216
0;19.392
0;0.445
0;5.916
0;8.311
0;9.064
0;9.552
0;9.832
0;10.117
0;10.608
0;11.022
0;11.238
0;11.444
0;11.597
0;11.688
0;11.934
0;31.658
0;20.476
0;19.095
0;22.001
0;18.903
0;16.958
0;15.563
0;18.889
0;19.036
0;19.888
0;0.812
0;6.985
0;9.54
0;10.169
0;10.531
0;10.852
0;11.014
0;10.957
0;10.958
0;11.124
0;11.218
0;11.292
0;11.408
0;11.484
0;11.336
0;10.367
0;8.597
0;7.521
0;7.345
0;7.945
0;8.916
0;9.682
0;10.256
0;10.855
0;11.273
0;11.464
0;11.487
0;11.51
0;11.516
0;11.507
0;11.48
0;11.361
0;11.309
0;11.226
0;11.109
0;11.024
0;10.943
0;10.872
0;10.72
0;10.346
0;9.632
0;8.932
0;8.594
0;8.504
0;8.281
0;8.275
0;8.988
0;9.629
0;9.773
0;9.808
0;9.859
0;9.917
0;9.976
0;10.077
0;10.047
0;10.015
0;10.03
0;9.968
0;9.915
0;9.913
0;9.988
0;10.042
0;30.893
0;17.738
0;14.124
0;14.041
0;16.214
0;15.127
0;11.898
0;13.363
0;14.57
0;17.441
0;0.032
0;4.706
0;8.008
0;8.613
0;8.835
0;9.048
0;9.123
0;9.144
0;9.25
0;9.314
0;9.443
0;9.678
0;9.873
0;9.934
0;9.768
0;9.068
0;8.077
0;7.768
0;7.51
0;7.247
0;7.154
0;7.228
0;7.637
0;8.081
0;8.231
0;8.32
0;8.335
0;8.324
0;8.329
0;8.321
0;8.334
0;8.346
0;8.337
0;8.362
0;8.438
0;8.47
0;8.458
0;8.453
0;8.37
0;8.031
0;7.461
0;7.022
0;6.779
0;6.09
0;5.602
0;5.52
0;6.131
0;6.937
0;7.213
0;7.305
0;7.355
0;7.298
0;7.377
0;7.617
0;7.879
0;8.147
0;8.351
0;8.529
0;8.665
0;8.773
0;8.885
0;8.968
0;30.143
0;16.382
0;13.109
0;14.76
0;15.655
0;15.345
0;14.056
0;17.445
0;17.504
0;18.435
0;0.069
0;4.436
0;7.235
0;8.006
0;8.241
0;8.342
0;9.089
0;9.519
0;9.475
0;9.565
0;9.31
0;9.412
0;10.02
0;10.201
0;30.512
0;16.8
0;13.395
0;12.375
0;10.953
0;13.837
0;11.215
0;11.882
0;13.17
0;16.042
0;0
0;3.703
0;6.505
0;7.272
0;7.523
0;7.525
0;7.588
0;7.666
0;8.107
0;8.571
0;8.819
0;9.193
0;9.719
0;10.174
0;10.148
0;9.989
0;9.527
0;9.282
0;8.889
0;8.061
0;7.925
0;9.023
0;10.05
0;10.662
0;11.1
0;11.343
0;11.405
0;11.417
0;11.413
0;11.443
0;11.448
0;11.406
0;11.314
0;11.286
0;11.334
0;11.423
0;11.566
0;11.623
0;11.625
0;10.44
0;7.243
0;4.78
0;3.869
0;3.36
0;4.653
0;6.226
0;8.674
0;10.176
0;10.779
0;11.33
0;11.592
0;11.499
0;11.606
0;11.65
0;11.899
0;12.09
0;12.149
0;12.067
0;12.034
0;12.045
0;12.417
0;12.882
0;31.863
0;20.077
0;20.502
0;24.189
0;19.418
0;16.88
0;15.042
0;17.303
0;16.836
0;19.285
0;0.836
0;7.201
0;9.766
0;10.351
0;10.745
0;10.863
0;10.993
0;11.221
0;11.619
0;11.954
0;12.092
0;12.515
0;12.738
0;12.593
0;12.452
0;11.698
0;10.994
0;9.279
0;6.577
0;5.353
0;5.25
0;6.011
0;8.338
0;10.225
0;11.286
0;12.094
0;12.411
0;12.173
0;12.335
0;12.885
0;13.165
0;13.247
0;13.256
0;13.291
0;13.069
0;12.778
0;12.742
0;12.864
0;12.357
0;9.84
0;6.122
0;4.338
0;4.51
0;4.418
0;5.034
0;6.139
0;8.225
0;10.856
0;11.812
0;11.947
0;12.379
0;12.887
0;13.222
0;13.352
0;13.787
0;14.021
0;14.121
0;14.348
0;14.369
0;14.419
0;14.656
0;15.363
0;32.548
0;21.62
0;19.25
0;26.528
0;13.12
0;10.608
0.205;12.969
0;17.01
0;16.461
0;18.914
0;1.37
0;8.61
0;11.468
0;12.266
0;12.914
0;13.367
0;13.642
0;14.015
0;14.308
0;14.628
0;15.028
0;15.145
0;15.109
0;15.354
0;32.211
0;21.103
0;19.481
0;27.31
0;12.472
0.057;9.752
0.157;13.305
0;18.003
0;16.831
0;18.731
0;1.218
0;8.311
0;11.214
0;11.969
0;12.438
0;12.829
0;13.267
0;13.427
0;13.601
0;13.862
0;14.239
0;14.442
0;14.569
0;14.719
0;13.955
0;10.286
0;5.273
0;2.775
0;1.196
0;1.009
0;1.858
0;3.671
0;7.585
0;10.296
0;11.499
0;11.677
0;11.679
0;11.681
0;12.022
0;12.455
0;12.533
0;12.525
0;12.486
0;12.432
0;12.41
0;12.384
0;12.395
0;12.489
0;12.42
0;11.953
0;11.294
0;10.803
0;10.604
0;10.437
0;10.449
0;10.523
0;11.084
0;11.708
0;11.944
0;12.072
0;12.153
0;12.208
0;12.223
0;12.268
0;12.197
0;11.967
0;11.853
0;11.842
0;11.822
0;11.739
0;11.575
0;11.439
0;31.489
0;18.542
0;12.683
0;12.479
0;10.904
0;10.984
0;8.953
0;10.815
0;11.973
0;16.165
0;0.07
0;5.124
0;7.932
0;8.509
0;8.762
0;9.042
0;9.275
0;9.416
0;9.602
0;9.713
0;9.798
0;10.623
0;11.685
0;11.92
0;11.685
0;10.819
0;9.773
0;9.405
0;9.108
0;7.41
0;6.018
0;7.069
0;9.489
0;10.736
0;11.166
0;11.175
0;11.056
0;11.025
0;11.028
0;11.031
0;11.162
0;11.257
0;11.314
0;11.29
0;11.239
0;11.206
0;11.208
0;11.302
0;11.042
0;10.062
0;8.779
0;8.282
0;7.9
0;7.563
0;7.668
0;7.936
0;8.532
0;9.116
0;9.233
0;9.173
0;9.095
0;9.057
0;9.071
0;9.123
0;9.196
0;9.274
0;9.271
0;9.212
0;9.192
0;9.175
0;9.114
0;9.029
0;30.185
0;16.435
0;11.353
0;9.638
0;13.416
0;14.27
0;9.651
0;9.684
0;11.435
0;15.538
0;0.013
0;1.91
0;5.045
0;5.942
0;6.26
0;6.464
0;6.669
0;6.936
0;7.293
0;7.669
0;7.893
0;8.114
0;8.412
0;8.647
0;29.912
0;15.269
0;9.472
0;10.353
0;7.085
0;8.575
0;7.27
0;8.703
0;10.422
0;13.929
0;0
0;2.9
0;6.024
0;7.151
0;7.518
0;7.531
0;7.591
0;7.83
0;7.952
0;8.01
0;8.083
0;8.201
0;8.287
0;8.242
0;7.876
0;7.271
0;6.595
0;6.072
0;5.673
0;5.376
0;4.527
0;4.957
0;5.932
0;6.744
0;7.365
0;7.801
0;7.647
0;8.021
0;8.546
0;8.824
0;9.235
0;9.114
0;9.131
0;9.279
0;9.337
0;9.52
0;9.95
0;10.209
0;9.947
0;8.929
0;7.541
0;6.088
0;4.627
0;3.864
0;3.742
0;4.492
0;5.567
0;7.898
0;9.11
0;9.822
0;10.391
0;10.337
0;10.52
0;10.278
0;9.89
0;9.845
0;9.968
0;10.079
0;10.295
0;10.451
0;10.457
0;10.365
0;30.814
0;17.939
0;16.304
0;18.435
0;16.305
0;14.074
0;12.157
0;14.099
0;13.623
0;16.732
0;0.039
0;4.74
0;7.696
0;8.236
0;8.589
0;9.003
0;9.462
0;9.636
0;9.869
0;10.08
0;10.185
0;10.36
0;10.443
0;10.518
0;10.364
0;9.775
0;8.904
0;8.305
0;8.012
0;7.773
0;7.781
0;5.99
0;5.35
0;7.612
0;9.177
0;9.64
0;9.832
0;10.13
0;10.424
0;10.814
0;11.102
0;11.281
0;11.503
0;11.57
0;11.727
0;11.951
0;12.024
0;12.076
0;11.197
0;8.973
0;6.101
0;3.086
0;1.359
0;1.751
0;3.935
0;5.469
0;6.854
0;8.074
0;8.792
0;9.159
0;9.412
0;9.448
0;9.43
0;9.515
0;9.612
0;9.682
0;9.694
0;9.679
0;9.695
0;9.719
0;9.759
0;9.841
0;30.528
0;16.828
0;12.871
0;11.905
0;13.509
0;14.162
0;9.733
0;9.67
0;10.19
0;14.348
0;0.018
0;2.488
0;5.845
0;7.313
0;8.078
0;8.397
0;8.601
0;8.836
0;9.099
0;9.252
0;9.333
0;9.309
0;9.26
0;9.105
0;29.836
0;16.023
0;12.139
0;11.194
0;10.931
0;12.688
0;10.036
0;11.61
0;12.754
0;15.704
0;0
0;2.4
0;5.203
0;6.334
0;6.913
0;7.359
0;7.655
0;7.919
0;8.092
0;8.281
0;8.417
0;8.534
0;8.619
0;8.47
0;7.481
0;5.157
0;3.117
0;1.361
0;0.27
0;0.147
0;0.969
0;2.407
0;3.155
0;4.863
0;6.223
0;6.607
0;6.764
0;6.918
0;7.207
0;7.648
0;8.213
0;8.783
0;9.268
0;9.632
0;9.843
0;9.981
0;9.999
0;9.93
0;9.213
0;6.837
0;5.224
0;5.382
0;5.417
0;6.019
0;6.118
0;6.972
0;7.627
0;8.279
0;8.729
0;8.999
0;9.187
0;9.394
0;9.545
0;9.689
0;9.764
0;9.747
0;9.777
0;9.799
0;9.816
0;10.003
0;10.361
0;10.464
0;30.479
0;15.832
0;14.889
0;16.697
0;12.993
0;10.922
0;8.344
0;9.837
0;10.649
0;13.845
0;0.027
0;3.736
0;7.043
0;8.204
0;8.643
0;8.927
0;9.41
0;9.777
0;10.087
0;10.296
0;10.448
0;10.639
0;10.672
0;10.688
0;9.762
0;6.96
0;3.165
0;1.555
0;0.634
0;0.485
0;0.377
0;0.316
0;1.13
0;3.084
0;5.573
0;6.964
0;7.601
0;8.015
0;8.307
0;8.52
0;8.736
0;9.045
0;9.482
0;9.858
0;10.259
0;10.577
0;10.56
0;10.583
0;9.741
0;7.123
0;4.302
0;2.442
0;1.587
0;0.819
0;0.646
0;1.949
0;3.971
0;5.929
0;6.937
0;7.537
0;8.082
0;8.593
0;8.974
0;9.112
0;9.072
0;9.078
0;9.504
0;10.156
0;10.66
0;10.926
0;10.928
0;10.845
0;30.7
0;14.681
0;9.93
0;13.55
0;6.476
0;5.875
0;5.729
0;6.226
0;7.875
0;10.465
0;0.017
0;1.555
0;4.355
0;5.872
0;6.483
0;6.877
0;7.143
0;7.296
0;7.46
0;7.569
0;7.584
0;7.591
0;7.616
0;7.659
0;29.109
0;14.945
0;12.3
0;12.072
0;12.08
0;12.512
0;9.705
0;10.631
0;11.412
0;14.074
0;0
0;1.283
0;3.65
0;4.91
0;5.372
0;5.767
0;6.093
0;6.261
0;6.367
0;6.515
0;6.619
0;6.665
0;6.793
0;6.829
0;6.483
0;5.894
0;5.173
0;4.548
0;4.063
0;3.957
0;4.056
0;4.462
0;5.09
0;5.85
0;6.337
0;6.574
0;6.765
0;6.889
0;6.962
0;7.064
0;7.125
0;7.087
0;7.173
0;7.334
0;7.553
0;7.962
0;8.349
0;8.337
0;6.911
0;3.52
0;1.422
0;0.419
0;0.205
0;0.191
0;0.19
0;0.121
0;0.246
0;1.785
0;4.147
0;6.135
0;6.793
0;7.103
0;7.357
0;7.688
0;7.917
0;7.814
0;7.962
0;8.017
0;7.733
0;7.956
0;8.425
0;8.62
0;29.742
0;15.72
0;14.638
0;16.708
0;14.584
0;13.606
0;10.773
0;11.124
0;11.592
0;14.274
0;0.022
0;1.82
0;4.593
0;6.094
0;6.584
0;6.873
0;7.119
0;7.332
0;7.52
0;7.678
0;7.774
0;7.844
0;7.909
0;7.874
0;7.239
0;6.081
0;5.03
0;3.929
0;2.946
0;2.336
0;0.612
0;0.332
0;2.134
0;3.793
0;5.245
0;5.829
0;6.194
0;6.716
0;7.105
0;7.27
0;7.395
0;7.508
0;7.651
0;7.798
0;7.871
0;7.92
0;7.977
0;7.955
0;7.351
0;6.19
0;5.637
0;5.142
0;4.717
0;4.344
0;4.333
0;4.574
0;4.231
0;5.387
0;6.563
0;7.233
0;7.706
0;8.227
0;8.734
0;9.21
0;9.562
0;9.897
0;10.216
0;10.395
0;10.612
0;10.733
0;10.786
0;10.599
0;29.939
0;13.148
0;8.833
0;12.346
0;5.163
0.029;4.367
0.257;4.864
0.01;5.781
0;7.276
0;9.097
0;0.017
0;1.21
0;4.159
0;5.982
0;6.578
0;7.057
0;7.657
0;8.194
0;8.465
0;8.801
0;9.132
0;9.299
0;9.386
0;9.139
0;28.634
0;12.741
0;8.4
0;8.987
0;3.74
0;3.15
0;1.511
0;0.933
0;3.061
0;7.145
0;0
0;0
0;1.237
0;2.326
0;3.481
0;4.102
0;4.308
0;4.463
0;4.713
0;4.619
0;4.551
0;4.603
0;4.636
0;4.644
0;4.101
0;2.898
0;1.056
0;0.468
0;0.27
0;0.085
0;0.14
0;1.205
0;2.203
0;3.435
0;4.338
0;4.93
0;5.296
0;5.44
0;5.727
0;6.078
0;6.191
0;6.285
0;6.396
0;6.49
0;6.538
0;6.632
0;6.753
0;6.73
0;6.305
0;5.099
0;3.664
0;2.714
0;3.151
0;2.434
0;1.479
0;2.067
0;2.872
0;4.107
0;5.324
0;6.343
0;7.178
0;7.732
0;8.215
0;8.418
0;8.676
0;8.885
0;8.811
0;9.039
0;9.469
0;9.706
0;9.808
0;9.514
0;28.879
0;10.768
0;7.552
0;10.972
0.016;3.531
0.557;2.713
0.548;2.997
0.112;4.167
0;5.247
0;7.095
0;0.016
0;0.486
0;2.958
0;4.542
0;5.371
0;5.716
0;5.767
0;5.671
0;5.556
0;5.547
0;5.649
0;5.813
0;5.999
0;6.029
0;5.514
0;4.718
0;3.986
0;3.332
0;2.752
0;2.385
0;2.198
0;2.423
0;3.207
0;4.002
0;4.347
0;4.49
0;4.658
0;4.88
0;5.096
0;5.196
0;5.247
0;5.311
0;5.257
0;5.27
0;5.311
0;5.314
0;5.351
0;5.349
0;4.988
0;4.257
0;3.48
0;2.806
0;2.342
0;2.145
0;2.294
0;2.696
0;3.571
0;4.34
0;4.664
0;4.972
0;5.106
0;5.149
0;5.239
0;5.335
0;5.241
0;5.112
0;5.129
0;5.223
0;5.366
0;5.547
0;5.657
0;5.606
0;27.709
0;12.619
0;8.338
0;7.911
0;8.929
0;10.368
0;7.102
0;7.189
0;8.981
0;11.745
0;0.014
0;0.221
0;2.354
0;3.507
0;4.286
0;4.773
0;5.16
0;5.362
0;5.361
0;5.333
0;5.477
0;5.683
0;5.807
0;5.635
0;27.529
0;12.627
0;9.225
0;9.895
0;9.356
0;10.196
0;7.663
0;8.122
0;9.347
0;11.386
0;0
0;0.143
0;2.033
0;2.806
0;3.69
0;4.117
0;4.343
0;4.569
0;4.921
0;5.184
0;5.494
0;5.971
0;6.229
0;6.062
0;5.326
0;4.769
0;4.068
0;3.252
0;1.791
0;1.204
0;1.29
0;1.666
0;2.604
0;3.813
0;4.815
0;5.454
0;6.046
0;6.382
0;6.746
0;7.572
0;7.914
0;7.868
0;7.932
0;8.08
0;8.061
0;8.019
0;7.912
0;7.587
0;6.003
0;3.654
0;1.575
0;0.829
0;0.389
0;0.318
0;0.332
0;1.23
0;2.837
0;4.269
0;5.421
0;5.894
0;6.148
0;6.394
0;6.844
0;7.42
0;7.672
0;7.696
0;7.538
0;7.447
0;7.723
0;8.039
0;8.192
0;7.968
0;28.646
0;14.155
0;11.861
0;13.103
0;12.451
0;12.457
0;9.905
0;10.073
0;10.245
0;12.548
0;0.015
0;0.484
0;2.528
0;3.711
0;4.42
0;4.962
0;5.249
0;5.45
0;5.742
0;5.932
0;5.908
0;6.01
0;6.073
0;5.872
0;5.425
0;4.562
0;3.656
0;2.75
0;2.253
0;2.818
0;4.044
0;4.769
0;5.416
0;6.392
0;7.211
0;7.506
0;7.648
0;7.787
0;7.964
0;8.139
0;8.405
0;8.751
0;9.026
0;9.159
0;9.368
0;9.5
0;9.489
0;8.923
0;6.803
0;3.488
0;1.777
0;1.01
0;0.595
0;0.549
0;0.531
0;0.818
0;2.695
0;5.062
0;6.998
0;7.966
0;8.392
0;8.743
0;9.123
0;9.081
0;8.951
0;9.178
0;9.002
0;8.749
0;8.706
0;8.551
0;8.944
0;8.876
0;28.889
0;12.956
0;9.263
0;12.435
0;7.73
0;8.652
0;8.995
0;11.852
0;11.791
0;13.187
0;0.029
0;3.173
0;6.068
0;7.076
0;7.652
0;8.241
0;8.652
0;8.854
0;8.899
0;8.914
0;9.046
0;9.161
0;9.174
0;8.617
0;28.957
0;14.652
0;12.573
0;14.283
0;11.929
0;12.166
0;10.206
0;11.776
0;12.19
0;14.322
0;0
0;2.28
0;4.87
0;6.046
0;6.516
0;6.893
0;7.242
0;7.767
0;8.297
0;8.472
0;8.578
0;9.04
0;9.258
0;8.415
0;6.276
0;5.067
0;2.548
0;0.904
0;0.125
0;0.862
0;1.644
0;2.149
0;3.187
0;4.87
0;6.639
0;7.667
0;8.238
0;8.565
0;8.836
0;9.04
0;9.184
0;9.134
0;9.232
0;9.321
0;9.282
0;9.27
0;9.198
0;8.691
0;7.625
0;5.453
0;2.831
0;2.016
0;1.558
0;1.905
0;1.094
0;0.474
0;2.228
0;4.568
0;6.223
0;7.005
0;7.315
0;7.376
0;7.466
0;7.537
0;7.579
0;7.725
0;8.071
0;8.285
0;8.249
0;8.176
0;8.032
0;7.602
0;28.733
0;14.415
0;11.797
0;11.913
0;8.054
0;8.321
0;6.769
0;8.389
0;10.157
0;12.085
0;0.019
0;1.343
0;4.071
0;5.468
0;5.993
0;6.308
0;6.481
0;6.694
0;6.915
0;7.055
0;7.202
0;7.425
0;7.468
0;7.014
0;5.972
0;4.578
0;3.229
0;2.447
0;2.005
0;0.766
0;0.267
0;0.147
0;0.503
0;1.935
0;4.485
0;6.165
0;6.656
0;6.859
0;6.927
0;6.824
0;6.744
0;6.654
0;6.377
0;6.105
0;5.939
0;5.83
0;5.764
0;5.606
0;4.892
0;3.99
0;2.701
0;0.43
0;0.09
0;0.057
0;0.046
0;0.031
0.002;0.027
0.001;0.035
0;0.046
0;0.156
0;1.474
0;2.368
0;3.129
0;3.614
0;3.93
0;4.081
0;4.328
0;4.645
0;4.947
0;5.17
0;5.323
0;5.335
0;27.046
0;11.646
0;6.83
0;6.708
0;3.21
0;2.616
0.444;1.987
0.8;2.404
0.198;2.263
0;4.231
0;0.006
0;0
0;0.003
0;1.204
0;1.686
0;2.286
0;2.808
0;3.045
0;3.316
0;3.643
0;3.993
0;4.324
0;4.409
0;4.33
0;25.724
0;8.662
0;2.129
0;0.513
0;0.389
0;0.612
0.288;0.223
1.123;0.199
0.489;0.193
0.049;1.33
0;0
0;0
0;0
0;0
0;0.008
0;0.025
0;0.033
0;0.382
0;0.694
0;0.828
0;1.001
0;1.523
0;2.077
0;2.215
0;1.1
0;0.008
0;0.007
0;0.004
0;0
0;0
0.012;0
0.05;0
0.033;0
0.007;0
0;0
0;0
0;0
0;0
0;0.004
0;0.014
0;0.019
0;0.024
0;0.029
0;0.056
0;0.42
0;0.652
0;0.781
0;0.99
0;1.01
0;0.582
0;0.131
0;0.088
0;0.133
0;0.125
0;0.134
0;0.08
0;0.044
0;0.03
0;0.006
0;0.046
0;0.644
0;1.29
0;2.017
0;2.392
0;2.65
0;2.854
0;3.052
0;3.281
0;3.51
0;3.711
0;3.99
0;4.001
0;25.618
0;9.433
0;5.865
0;6.707
0;5.043
0;4.736
0;1.384
0;1.922
0;3.797
0;7.038
0;0.015
0;0
0;0.167
0;1.366
0;1.957
0;2.281
0;2.637
0;2.811
0;3.065
0;3.42
0;3.712
0;4.026
0;4.289
0;4.222
0;3.527
0;2.206
0;1.732
0;0.387
0;0.147
0;0.175
0;0.213
0;0.135
0;0.129
0;0.663
0;1.137
0;1.984
0;2.816
0;3.079
0;3.066
0;3.015
0;3.008
0;3.15
0;3.377
0;3.514
0;3.52
0;3.686
0;3.822
0;3.772
0;3.11
0;1.315
0;0.178
0;0.108
0;0.165
0;0.157
0;0.167
0;0.083
0;0.056
0;0.055
0;0.016
0;0.02
0;1.189
0;2.537
0;3.32
0;3.685
0;4.024
0;4.229
0;4.364
0;4.498
0;4.663
0;4.914
0;5.029
0;4.82
0;25.849
0;8.839
0;6.089
0;8.798
0;2.53
0;1.047
0;2.441
0;3.959
0;3.861
0;4.292
0;0.011
0;0
0;0
0;1.007
0;1.959
0;2.694
0;3.198
0;3.462
0;3.735
0;3.94
0;4.157
0;4.396
0;4.462
0;4.282
0;25.884
0;10.486
0;7.559
0;8.805
0;3.009
0;2.274
0;3.282
0.013;5.288
0;3.902
0;4.515
0;0
0;0
0;0
0;1.157
0;1.969
0;2.549
0;3.243
0;3.652
0;3.896
0;4.136
0;4.367
0;4.492
0;4.474
0;4.239
0;3.258
0;1.745
0;0.258
0;0.051
0;0.014
0;0
0;0.306
0;0.818
0;1.37
0;2.06
0;2.561
0;3.405
0;4.127
0;4.642
0;5.03
0;5.133
0;5.041
0;5.014
0;5.159
0;5.397
0;5.71
0;5.872
0;5.881
0;5.861
0;5.508
0;4.883
0;4.218
0;3.642
0;3.168
0;2.836
0;2.731
0;2.651
0;2.691
0;2.249
0;1.803
0;3.262
0;4.65
0;5.217
0;5.421
0;5.451
0;5.573
0;5.815
0;5.906
0;5.84
0;5.602
0;5.31
0;5.356
0;5.307
0;26.367
0;9.843
0;5.79
0;8.475
0;5.88
0;8.171
0;6.763
0;6.646
0;5.526
0;5.346
0;0.016
0;0
0;0.56
0;2.249
0;3.151
0;3.98
0;4.23
0;4.435
0;4.724
0;5.074
0;5.383
0;5.602
0;5.624
0;5.491
0;4.816
0;3.477
0;2.507
0;0.789
0;0.252
0;0.259
0;0.251
0;0.172
0;0.115
0;0.092
0;0.948
0;3.158
0;4.84
0;5.388
0;5.463
0;5.615
0;5.864
0;6.007
0;6.013
0;6.004
0;6.06
0;6.303
0;6.567
0;6.263
0;4.754
0;2.434
0;1.606
0;1.032
0;0.451
0;0.271
0;0.241
0;0.118
0;0.077
0;0.081
0;0.042
0;1.199
0;3.152
0;4.68
0;5.229
0;5.428
0;5.467
0;5.461
0;5.398
0;5.262
0;5.183
0;5.18
0;5.09
0;4.852
0;26.615
0;10.355
0;5.116
0;5.002
0;3.854
0;4.552
0;3.391
0;3.075
0;3.65
0;5.969
0;0.008
0;0
0;0
0;1.454
0;2.292
0;3.171
0;3.625
0;3.81
0;3.952
0;4.168
0;4.469
0;4.691
0;4.773
0;4.325
0;25.707
0;8.909
0;4.393
0;5.05
0;1.356
0;0.314
0.365;0.439
0.466;0.228
0;0.178
0;1.458
0;0
0;0
0;0
0;0
0;0.118
0;0.931
0;1.448
0;1.807
0;2.281
0;2.96
0;3.48
0;3.955
0;4.287
0;3.869
0;1.883
0;0.074
0;0.017
0;0.015
0;0.002
0;0
0;0
0;0
0;0
0;0
0;0
0;0
0;0
0;0
0;0.215
0;0.936
0;1.211
0;1.462
0;2.1
0;2.593
0;3.1
0;3.6
0;3.751
0;3.162
0;1.193
0;0.064
0;0.035
0;0.012
0;0.001
0;0
0;0
0;0
0;0
0;0
0;0
0;0
0;0
0;0
0;0.019
0;0.471
0;1.152
0;1.675
0;1.901
0;1.771
0;2.052
0;2.694
0;3.108
0;2.869
0;24.431
0;7.59
0;5.783
0;9.403
0;4.163
0;3.16
0;3.856
0;6.126
0;4.813
0;3.987
0;0.016
0;0
0;0
0;0.444
0;1.757
0;2.492
0;3.327
0;4.009
0;4.308
0;4.597
0;4.902
0;5.06
0;5.062
0;4.551
0;2.832
0;0.752
0;0.204
0;0.165
0;0.217
0;0.186
0;0.16
0;0.079
0;0.039
0;0.026
0;0.005
0;0
0;0
0;0.049
0;0.875
0;1.492
0;1.885
0;2.436
0;2.693
0;3.038
0;3.463
0;3.889
0;4.108
0;3.39
0;1.573
0;0.199
0;0.086
0;0.073
0;0.114
0;0.092
0;0.057
0;0.014
0;0.005
0;0.005
0;0.002
0;0
0;0
0;0.333
0;1.291
0;2.369
0;3.223
0;3.858
0;4.393
0;4.813
0;5.03
0;5.182
0;5.389
0;5.136
0;26.625
0;11.371
0;10.361
0;12.233
0;8.153
0;6.386
0;4.529
0;5.916
0;4.91
0;5.065
0;0.018
0;0
0;0.003
0;1.51
0;2.512
0;3.487
0;4.292
0;4.946
0;5.619
0;6.097
0;6.278
0;6.581
0;6.971
0;6.232
0;26.226
0;9.637
0;8.556
0;12.746
0;3.757
0.114;1.124
0.944;3.895
1.143;5.633
0.584;3.908
0.003;3.955
0;0
0;0
0;0
0;0.808
0;2.106
0;2.79
0;3.512
0;4.442
0;4.708
0;4.796
0;4.99
0;5.058
0;4.988
0;4.403
0;3.005
0;1.724
0;1.213
0;0.711
0;0.429
0;0.413
0;0.398
0;0.096
0;0.024
0;0.006
0;0.088
0;1.625
0;3.506
0;5.083
0;5.814
0;6.31
0;6.56
0;6.563
0;6.837
0;7.234
0;7.359
0;7.537
0;7.677
0;6.798
0;4.302
0;1.49
0;0.508
0;0.251
0;0.363
0;0.358
0;0.381
0;0.2
0;0.12
0;0.101
0;0.022
0;0.782
0;2.554
0;4.788
0;5.703
0;6.169
0;6.313
0;6.087
0;5.975
0;6.026
0;6.217
0;6.329
0;6.213
0;5.88
0;27.088
0;12.031
0;10.085
0;11.742
0;8.883
0;9.013
0;8.562
0;10.807
0;10.651
0;11.238
0;0.028
0;0.621
0;3.658
0;5.225
0;5.949
0;6.406
0;6.729
0;6.972
0;7.102
0;7.041
0;7.198
0;7.155
0;6.912
0;6.189
0;4.458
0;2.268
0;1.202
0;0.735
0;0.583
0;0.451
0;0.371
0;0.198
0;0.155
0;0.984
0;2.759
0;4.609
0;5.874
0;6.54
0;6.775
0;6.973
0;7.063
0;7.136
0;7.19
0;7.255
0;7.402
0;7.606
0;7.664
0;7.407
0;6.652
0;5.461
0;4.29
0;3.019
0;2.263
0;1.515
0;0.368
0;0.19
0;0.143
0;1.045
0;2.513
0;4.081
0;5.346
0;5.965
0;6.238
0;6.4
0;6.543
0;6.699
0;6.868
0;7.034
0;7.141
0;7.163
0;7.16
0;6.975
0;28.211
0;13.248
0;11.489
0;13.404
0;10.239
0;9.877
0;7.709
0;8.109
0;8.448
0;9.321
0;0.012
0;0
0;0.397
0;1.843
0;2.883
0;3.563
0;4.06
0;4.623
0;5.268
0;5.644
0;5.873
0;6.042
0;6.14
0;5.807
0;27.232
0;10.747
0;2.878
0;0.336
0;0.968
0.468;0.773
1.398;0.417
1.395;0.235
0.759;0.958
0.099;2.4
0;0
0;0
0;0
0;0
0;0.007
0;1.008
0;1.585
0;2.06
0;2.705
0;3.108
0;3.722
0;4.21
0;3.94
0;2.507
0;0.411
0;0
0.01;0
0.054;0
0.025;0
0.001;0
0.045;0
0.088;0
0.063;0
0.018;0
0;0
0;0
0;0
0;0
0;0
0;0
0;0.004
0;0.104
0;0.641
0;1.023
0;1.089
0;1.228
0;1.294
0;0.411
0;0.004
0.028;0
0.166;0
0.409;0
0.798;0
0.928;0
1.115;0
0.699;0
0.437;0
0.348;0
0.074;0
0;0
0;0
0;0
0;0
0;0
0;0
0;0
0;0
0;0
0;0
0;0
0;0.037
0;0.008
0;19.264
0;2.952
0;0.234
0;0.175
1.199;0.151
0.47;0.137
4.002;0.128
3.36;0.134
0.45;0.215
0;2.263
0;0
0;0
0;0
0;0
0;0
0;0
0;0
0;0
0;0
0;0
0;0
0;0
0;0
0;0
0;0
0;0
0;0
0;0
0;0
0;0
0;0
0;0
0;0
0;0
0;0
0;0
0;0
0;0
0;0
0;0
0;0
0;0
0;0
0;0
0;0
0;0.024
0;0.084
0;0.126
0;0.04
0;0.003
0;0.009
0;0.023
0;0.063
0;0.078
0;0.09
0;0.05
0;0.032
0;0.07
0;0.685
0;1.404
0;2.129
0;2.75
0;3.157
0;3.586
0;3.872
0;3.94
0;4.253
0;4.687
0;4.976
0;5.151
0;5.052
0;3.866
0;24.253
0;7.181
0;3.628
0;1.777
0;3.241
0;2.654
0;0.492
0;0.244
0;2.436
0;5.003
0;0
0;0
0;0
0;0.349
0;1.738
0;2.493
0;3.254
0;3.771
0;4.153
0;4.59
0;4.919
0;5.053
0;4.846
0;3.896
0;24.669
0;8.666
0;3.331
0;0.917
0;4.091
0;3.726
0;1.018
0;0.462
0;2.622
0;4.703
0;0
0;0
0;0
0;0.208
0;1.024
0;1.381
0;1.574
0;1.699
0;1.936
0;2.144
0;2.181
0;2.236
0;2.252
0;1.775
0;0.762
0;0.049
0;0
0;0
0;0
0;0
0;0
0;0
0;0
0;0
0;0
0;0
0;0
0;0.048
0;1.015
0;1.585
0;2.305
0;2.823
0;3.011
0;3.302
0;3.534
0;3.669
0;3.377
0;1.816
0;0.17
0;0
0;0
0;0
0;0
0;0
0;0
0;0
0;0
0;0
0;0
0;0
0;0
0;0
0;0.388
0;0.922
0;1.411
0;1.764
0;1.91
0;2.126
0;2.106
0;1.982
0;1.816
0;1.067
0;22.771
0;6.678
0;1.07
0;0.195
0;1.643
0;1.371
0;0.175
0;0.165
0;0.849
0;3.629
0;0
0;0
0;0
0;0
0;0
0;0
0;0.403
0;0.731
0;1.058
0;1.337
0;1.552
0;1.879
0;1.818
0;0.754
0;0.068
0;0
0;0
0;0
0;0
0;0
0;0
0;0
0;0
0;0
0;0
0;0
0;0
0;0
0;0
0;0.571
0;1.08
0;1.345
0;1.712
0;2.443
0;2.861
0;2.759
0;2.153
0;0.914
0;0.015
0;0.003
0;0
0.023;0
0.182;0
0.24;0
0.24;0
0.169;0
0.114;0
0.12;0
0.031;0
0;0
0;0
0;0
0;0
0;0
0;0
0;0
0;0
0;0.059
0;0.295
0;0.536
0;0.57
0;0.275
0;22.209
0;6.031
0;1.683
0;0.249
0;3.871
0;3.608
0;0.855
0;0.157
0;0.28
0;0.952
0;0
0;0
0;0
0;0
0;0
0;0
0;0.01
0;0.453
0;0.798
0;1.138
0;1.461
0;1.717
0;1.689
0;1.178
0;23.247
0;6.748
0;1.388
0;0.179
0;2.337
0;1.891
0;0.199
0.621;0.154
2.552;0.141
0.693;0.143
0;0
0;0
0;0
0;0
0;0
0;0
0;0
0;0
0;0
0;0
0;0
0;0
0;0
0;0
0;0
0.002;0
0.035;0
0.097;0
0.049;0
0.001;0
0.094;0
0.168;0
0.128;0
0.037;0
0.001;0
0;0
0;0
0;0
0;0
0;0
0;0
0;0
0;0
0;0
0;0
0;0
0;0
0;0
0.045;0
0.209;0
0.354;0
0.596;0
1.109;0
1.253;0
1.384;0
0.84;0
0.524;0
0.437;0
0.106;0
0.001;0
0;0
0;0
0;0
0;0
0;0
0;0
0;0
0;0
0;0
0;0
0;0
0;0
0;10.497
0;0.735
0;0.13
0;0.108
0.242;0.092
0.149;0.086
2.482;0.078
3.049;0.072
0.764;0.075
0.152;0.082
0.011;0
0;0
0;0
0;0
0;0
0;0
0;0
0;0
0;0
0;0
0;0
0;0
0;0
0;0
0;0
0.008;0
0.071;0
0.172;0
0.403;0
0.581;0
0.77;0
0.537;0
0.345;0
0.249;0
0.028;0
0;0
0;0
0;0
0;0
0;0
0;0
0;0
0;0
0;0
0;0
0;0
0;0
0;0
0;0
0;0
0.007;0
0.045;0
0.025;0
0;0
0;0
0;0
0;0
0;0
0;0
0;0
0;0
0;0
0;0
0;0
0;0
0;0
0;0
0;0
0;0
0;0
0;0
0;0
0;11.167
0;0.637
0;0.112
0;0.084
0;0.069
0;0.07
0;0.061
0;0.048
0;0.043
0;0.057
0;0
0;0
0;0
0;0
0;0
0;0
0;0
0;0
0;0
0;0
0;0
0;0
0;0
0;0
0;13.976
0;2.367
0;0.149
0;0.102
0;0.089
0;0.096
0;0.086
0;0.07
0;0.061
0;0.066
0;0
0;0
0;0
0;0
0;0
0;0
0;0
0;0
0;0
0;0
0;0
0;0
0;0
0;0
0;0
0;0
0;0
0;0
0;0
0;0
0;0
0;0
0;0
0;0
0;0
0;0
0;0
0;0
0;0
0;0
0;0
0;0
0;0
0;0
0;0
0;0.064
0;0.039
0;0.015
0;0.016
0;0.001
0;0
0;0
0;0
0;0
0;0
0;0
0;0
0;0
0;0
0;0
0;0
0;0
0;0
0;0
0;0
0;0
0;0
0;0
0;0.02
0;0.359
0;0.205
0;0.011
0;16.57
0;1.401
0;0.115
0;0.07
0.006;0.05
0.869;0.05
1.733;0.047
1.737;0.045
1.159;0.052
0.416;0.064
0;0
0;0
0;0
0;0
0;0
0;0
0;0
0;0
0;0
0;0
0;0
0;0
0;0
0;0.002
0;0
0;0
0;0
0;0
0;0
0.012;0
0.072;0
0.08;0
0.065;0
0.045;0
0.006;0
0;0
0;0
0;0
0;0
0;0
0;0
0;0
0;0
0;0
0;0
0;0
0;0
0;0
0;0
0;0
0;0
0;0
0;0
0;0
0;0
0;0
0;0
0;0
0;0
0;0
0;0
0;0
0;0
0;0
0;0
0;0
0;0
0;0
0;0
0;0.014
0;0.017
0;0.003
0;15.829
0;1.949
0;0.129
0;0.104
0;0.087
0;0.083
0;0.07
0.167;0.057
0;0.054
0;0.062
0;0
0;0
0;0
0;0
0;0
0;0
0;0
0;0
0;0
0;0
0;0
0;0
0;0
0;0
0;14.524
0;0.744
0;0.114
0;0.074
0.037;0.05
0.61;0.047
2.911;0.039
5.316;0.035
3.675;0.038
0.667;0.046
0;0
0;0
0;0
0;0
0;0
0;0
0;0
0;0
0;0
0;0
0;0
0;0
0;0
0;0
0;0
0;0
0;0
0;0
0;0
0;0
0.011;0
0.033;0
0.028;0
0.008;0
0;0
0;0
0;0
0;0
0;0
0;0
0;0
0;0
0;0
0;0
0;0
0;0
0;0
0;0
0;0
0;0
0;0
0;0
0;0
0.005;0
0.051;0
0.026;0
0.019;0
0.034;0
0.01;0
0;0
0;0
0;0
0;0
0;0
0;0
0;0
0;0
0;0
0;0
0;0
0;0
0;0
0.034;6.043
0.13;0.115
12.63;0.075
32.133;0.038
9.804;0.016
2.083;0.005
17.069;0
28.801;0
18.131;0
3.797;0
0.09;0
0;0
0;0
0;0
0;0
0;0
0;0
0;0
0;0
0;0
0;0
0;0
0;0
0;0
0;0
0;0
0;0
0;0
0;0
0;0
0;0
0;0
0;0
0;0
0;0
0;0
0;0
0;0
0;0
0;0
0;0
0;0
0;0
0;0
0;0
0;0
0;0
0;0
0;0
0;0
0;0
0;0
0;0
0;0
0;0
0;0
0;0
0;0
0;0
0;0
0;0
0;0
0;0
0;0
0;0
0;0
0;0
0;0
0;0
0;0
0;0
0;0
0;7.663
0;0.162
0;0.068
0;0.036
0;0.022
0.195;0.02
0.581;0.013
0.76;0.008
0.445;0.012
0.058;0.022
0;0
0;0
0;0
0;0
0;0
0;0
0;0
0;0
0;0
0;0
0;0
0;0
0;0
0;0
0;7.321
0;0.128
0;0.057
0;0.012
0.21;0
0.735;0
1.251;0
4.329;0
2.798;0
0.246;0.001
0;0
0;0
0;0
0;0
0;0
0;0
0;0
0;0
0;0
0;0
0;0
0;0
0;0
0;0
0;0
0;0
0;0
0;0
0;0
0;0
0.002;0
0.006;0
0.001;0
0;0
0;0
0;0
0;0
0;0
0;0
0;0
0;0
0;0
0;0
0;0
0;0
0;0
0;0
0;0
0;0
0;0
0;0
0;0
0;0
0;0
0;0
0.001;0
0;0
0;0
0;0
0;0
0;0
0;0
0;0
0;0
0;0
0;0
0;0
0;0
0;0
0;0
0;0
0;0
0;9.694
0;0.528
0;0.08
0;0.055
0;0.029
0;0.02
0;0.014
0.23;0.003
0;0.002
0;0.015
0;0
0;0
0;0
0;0
0;0
0;0
0;0
0;0
0;0
0;0
0;0
0;0
0;0
0;0
0;0
0;0
0;0
0;0
0;0
0;0
0;0
0;0
0;0
0;0
0;0
0;0
0;0
0;0
0;0
0;0
0;0
0;0
0;0
0;0
0;0
0;0
0;0
0;0
0;0
0;0
0;0
0;0
0;0
0;0
0;0
0;0
0;0
0;0
0;0
0;0
0;0
0;0
0;0
0;0
0;0
0;0
0;0
0;0
0;0
0;0
0;0
0;0
0;13.331
0;2.223
0;0.104
0;0.084
0;0.074
0;0.079
0;0.069
0;0.054
0;0.053
0;0.057
0;0
0;0
0;0
0;0
0;0
0;0
0;0
0;0
0;0
0;0
0;0
0;0
0;0
0;0
0;11.536
0;0.911
0;0.097
0;0.072
0;0.058
0;0.06
0;0.054
0;0.046
0;0.046
0;0.053
0;0
0;0
0;0
0;0
0;0
0;0
0;0
0;0
0;0
0;0
0;0
0;0
0;0
0;0
0;0
0;0
0;0
0;0
0;0
0;0
0;0
0;0
0;0
0;0
0;0
0;0
0;0
0;0
0;0
0;0
0;0
0;0
0;0
0;0
0;0
0;0
0;0
0;0
0;0
0;0
0;0
0;0
0;0
0;0
0;0
0;0
0;0
0;0
0;0
0;0
0;0
0;0
0;0
0;0
0;0
0;0
0;0
0;0
0;0
0;0
0;0
0;0
0;13.965
0;1.184
0;0.1
0;0.066
0;0.048
0;0.051
0;0.046
0;0.038
0;0.039
0;0.049
0;0
0;0
0;0
0;0
0;0
0;0
0;0
0;0
0;0
0;0
0;0
0;0
0;0
0;0
0;0
0;0
0;0
0;0
0.01;0
0.074;0
0.169;0
0.225;0
0.149;0
0.101;0
0.028;0
0;0
0;0
0;0
0;0
0;0
0;0
0;0
0;0
0;0
0;0
0;0
0;0
0;0
0;0
0;0
0.02;0
0.09;0
0.299;0
0.46;0
0.63;0
0.385;0
0.24;0
0.241;0
0.055;0
0;0
0;0
0;0
0;0
0;0
0;0
0;0
0;0
0;0
0;0
0;0
0;0
0;0
0;5.406
0.021;0.088
3.803;0.053
9.413;0.025
3.15;0.007
1.007;0
6.972;0
11.366;0
8.522;0
1.842;0
0.045;0
0;0
0;0
0;0
0;0
0;0
0;0
0;0
0;0
0;0
0;0
0;0
0;0
0;0
0;1.515
0.192;0.063
4.075;0.036
9.6;0.012
2.332;0
0.006;0.003
3.508;0.003
4.438;0.001
1.656;0.005
0.236;0.014
0;0
0;0
0;0
0;0
0;0
0;0
0;0
0;0
0;0
0;0
0;0
0;0
0;0
0;0
0;0
0;0
0;0
0.013;0
0.011;0
0;0
0.02;0
0.01;0
0;0
0.003;0
0;0
0;0
0;0
0;0
0;0
0;0
0;0
0;0
0;0
0;0
0;0
0;0
0;0
0;0
0;0
0;0
0;0
0;0
0.002;0
0.066;0
0.153;0
0.088;0
0.023;0
0;0
0;0
0;0
0;0
0;0
0;0
0;0
0;0
0;0
0;0
0;0
0;0
0;0
0;0
0;0
0;3.098
0;0.055
0;0.026
0;0.006
0;0.003
0;0.013
0;0.012
0;0.003
0;0
0.005;0
0.001;0
0;0
0;0
0;0
0;0
0;0
0;0
0;0
0;0
0;0
0;0
0;0
0;0
0;0
0;0
0;0
0;0
0;0
0;0
0.006;0
0.118;0
0.019;0
0;0
0.001;0
0.001;0
0;0
0;0
0;0
0;0
0;0
0;0
0;0
0;0
0;0
0;0
0;0
0;0
0;0
0;0
0;0
0.003;0
0.037;0
0.17;0
0.356;0
0.47;0
0.306;0
0.202;0
0.167;0
0.035;0
0;0
0;0
0;0
0;0
0;0
0;0
0;0
0;0
0;0
0;0
0;0
0;0
0.002;0
0.004;0.567
0.01;0.037
1.443;0.016
5.335;0.001
2.244;0
0.611;0
9.341;0
17.03;0
11.232;0
2.918;0
0.057;0
0;0
0;0
0;0
0;0
0;0
0;0
0;0
0;0
0;0
0;0
0;0
0;0
0;0
0;0.055
0.657;0.006
22.399;0
50.477;0
11.505;0
3.426;0
23.992;0
39.423;0
23.046;0
4.539;0
0;0
0;0
0;0
0;0
0;0
0;0
0;0
0;0
0;0
0;0
0;0
0;0
0;0
0;0
0;0
0.025;0
0.127;0
0.272;0
0.095;0
0.001;0
0.1;0
0.204;0
0.138;0
0.033;0
0.001;0
0;0
0;0
0;0
0;0
0;0
0;0
0;0
0;0
0;0
0;0
0;0
0;0
0;0
0;0
0;0
0.001;0
0.049;0
0.137;0
0.175;0
0.3;0
0.255;0
0.179;0
0.143;0
0.03;0
0;0
0;0
0;0
0;0
0;0
0;0
0;0
0;0
0;0
0;0
0;0
0;0
0;0
0;0
0.006;0
3.873;0
15.977;0
6.019;0
3.305;0
13.618;0
19.449;0
11.904;0
2.991;0
0.058;0
0;0
0;0
0;0
0;0
0;0
0;0
0;0
0;0
0;0
0;0
0;0
0;0
0.041;0
0.155;0
0.303;0
0.461;0
0.492;0
0.582;0
0.831;0
0.997;0
0.59;0
0.446;0
0.335;0
0.064;0
0;0
0;0
0;0
0;0
0;0
0;0
0;0
0;0
0;0
0;0
0;0
0;0
0;0
0;0
0;0
0;0
0;0
0;0
0.009;0
0.25;0
0.13;0
0;0
0;0
0;0
0;0
0;0
0;0
0;0
0;0
0;0
0;0
0;0
0;0
0;0
0;0
0;0
0;0
0;0
0.006;0
8.115;0
25.976;0
9.372;0
2.898;0
26.293;0
44.53;0
28.06;0
5.666;0
0.078;0
0;0
0;0
0;0
0;0
0;0
0;0
0;0
0;0
0;0
0;0
0;0
0;0
0;0
0;0
0.072;0
6.071;0
22.101;0
8.154;0
4.421;0
22.976;0
39.477;0
26.129;0
7.945;0
0;0
0;0
0;0
0;0
0;0
0;0
0;0
0;0
0;0
0;0
0;0
0;0
0;0
0;0
0;0
0.014;0
0.099;0
0.208;0
0.072;0
0.15;0
0.9;0
1.065;0
0.712;0
0.112;0
0.001;0
0;0
0;0
0;0
0;0
0;0
0;0
0;0
0;0
0;0
0;0
0;0
0;0
0.023;0
0.095;0
0.242;0
0.482;0
0.897;0
1.714;0
2.088;0
2.733;0
2.164;0
1.445;0
0.905;0
0.191;0
0.001;0
0;0
0;0
0;0
0;0
0;0
0;0
0;0
0;0
0;0
0;0
0;0
0.196;0
0.645;0
4.225;0
40.754;0
69.168;0
19.427;0
11.656;0
30.75;0
41.451;0
25.899;0
11.558;0
0.121;0
0.001;0
0;0
0;0
0;0
0;0
0;0
0;0
0;0
0;0
0;0
0;0
0;0
0;0
0;0
0.055;0
0.171;0
0.458;0
1.133;0
1.491;0
2;0
1.432;0
1.547;0
1.306;0
0.177;0
0.001;0
0;0
0;0
0;0
0;0
0;0
0;0
0;0
0;0
0;0
0;0
0;0
0.095;0
0.16;0
0.131;0
0.154;0
0.247;0
0.608;0
0.692;0
0.853;0
0.534;0
0.274;0
0.219;0
0.057;0
0;0
0;0
0;0
0;0
0;0
0;0
0;0
0;0
0;0
0;0
0;0
0;0
0;0
0;0
1.831;0
4.657;0
4.696;0
3.041;0
6.598;0
5.74;0
5.779;0
5.681;0
5.089;0
0.023;0
0;0
0;0
0;0
0;0
0;0
0;0
0;0
0;0
0;0
0;0
0;0
0;0
0;0
0;0
0.684;0
7.225;0
18.806;0
8.433;0
9.438;0
17.627;0
25.736;0
17.913;0
9.389;0
0;0
0;0
0;0
0;0
0;0
0;0
0;0
0;0
0;0
0;0
0;0
0;0
0;0
0;0
0;0
0.037;0
0.215;0
0.435;0
0.54;0
1.327;0
1.931;0
2.104;0
1.662;0
0.934;0
0.335;0
0.009;0
0;0
0;0
0;0
0;0
0;0
0;0
0;0
0;0
0;0
0;0
0;0
0.007;0
0.005;0
0.001;0
0.043;0
0.139;0
0.345;0
0.877;0
1.278;0
0.986;0
0.495;0
0.21;0
0.035;0
0;0
0;0
0;0
0;0
0;0
0;0
0;0
0;0
0;0
0;0
0;0
0;0
0;0
0.005;0
3.326;0
5.733;0
5.096;0
1.126;0
3.306;0
4.042;0
2.206;0
1.835;0
0.742;0
0;0
0;0
0;0
0;0
0;0
0;0
0;0
0;0
0;0
0;0
0;0
0;0
0;0
0;0
0;0
0;0
0;0
0.022;0
0.136;0
0.242;0
0.364;0
0.273;0
0.196;0
0.158;0
0.029;0
0;0
0;0
0;0
0;0
0;0
0;0
0;0
0;0
0;0
0;0
0;0
0;0
0;0
0;0
0;0
0;0
0;0
0;0
0;0
0;0
0.001;0
0.009;0
0.006;0
0;0
0;0
0;0
0;0
0;0
0;0
0;0
0;0
0;0
0;0
0;0
0;0
0;0
0;0
0;0
0.06;0
1.202;0
0.232;0
0.246;0
2.164;0
3.521;0
1.776;0
1.721;0
0.929;0
0.008;0
0;0
0;0
0;0
0;0
0;0
0;0
0;0
0;0
0;0
0;0
0;0
0;0
0;0
0;0
0;0
0.558;0
1.663;0
2.659;0
6.356;0
6.784;0
8.893;0
7.189;0
4.72;0
0;0
0;0
0;0
0;0
0;0
0;0
0;0
0;0
0;0
0;0
0;0
0;0
0;0
0;0
0;0
0;0
0;0
0;0
0;0
0;0
0;0
0;0
0;0
0;0
0;0
0;0
0;0
0;0
0;0
0;0
0;0
0;0
0;0
0;0
0;0
0;0
0;0
0;0
0;0
0;0
0;0
0;0
0;0
0;0
0;0
0;0
0;0
0;0
0;0
0;0
0;0
0;0
0;0
0;0
0;0
0;0
0;0
0;0
0;0
0;0
0;0
0;0
0;0
0;0
0.401;0
0.177;0
0.224;0
0.786;0
5.898;0
8.287;0
5.51;0
1.324;0
0.017;0
0;0
0;0
0;0
0;0
0;0
0;0
0;0
0;0
0;0
0;0
0;0
0;0
0;0
0;0
0;0
0;0
0.001;0
0.128;0
0.329;0
0.418;0
0.251;0
0.157;0
0.137;0
0.032;0
0;0
0;0
0;0
0;0
0;0
0;0
0;0
0;0
0;0
0;0
0;0
0;0
0;0
0;0
0.001;0
0.049;0
0.152;0
0.49;0
0.605;0
0.584;0
0.338;0
0.245;0
0.242;0
0.055;0
0;0
0;0
0;0
0;0
0;0
0;0
0;0
0;0
0;0
0;0
0;0
0;0
0;0
0.003;0
0.103;0
17.039;0
42.535;0
16.414;0
11.849;0
26.602;0
37.794;0
24.966;0
11.409;0
0.097;0
0;0
0;0
0;0
0;0
0;0
0;0
0;0
0;0
0;0
0;0
0;0
0;0
0;0
0;0
0;0
0.24;0
0.779;0
0.684;0
4.14;0
4.967;0
5.532;0
4.842;0
1.991;0
0;0
0;0
0;0
0;0
0;0
0;0
0;0
0;0
0;0
0;0
0;0
0;0
0;0
0;0
0;0
0;0
0;0
0;0
0;0
0;0
0.001;0
0.001;0
0;0
0;0
0;0
0;0
0;0
0;0
0;0
0;0
0;0
0;0
0;0
0;0
0;0
0;0
0;0
0;0
0;0
0;0
0.006;0
0.061;0
0.163;0
0.236;0
0.267;0
0.167;0
0.142;0
0.148;0
0.031;0
0;0
0;0
0;0
0;0
0;0
0;0
0;0
0;0
0;0
0;0
0;0
0;0
0;0
0;0
0;0
0.639;0
2.18;0
2.814;0
6.881;0
12.745;0
15.117;0
8.19;0
5.894;0
0.038;0
0;0
0;0
0;0
0;0
0;0
0;0
0;0
0;0
0;0
0;0
0;0
0;0
0;0
0;0
0.055;0
0.196;0
0.437;0
0.83;0
1.661;0
2.39;0
1.909;0
1.377;0
0.688;0
0.079;0
0;0
0;0
0;0
0;0
0;0
0;0
0;0
0;0
0;0
0;0
0;0
0;0
0;0
0.006;0
0.106;0
0.217;0
0.402;0
1.031;0
2.117;0
2.712;0
2.287;0
1.746;0
1.069;0
0.141;0
0;0
0;0
0;0
0;0
0;0
0;0
0;0
0;0
0;0
0;0
0;0
0;0
0;0
0.06;0
3.539;0
23.391;0
44.27;0
17.048;0
12.971;0
29.668;0
42.617;0
26.098;0
11.737;0
0.117;0
0.001;0
0;0
0;0
0;0
0;0
0;0
0;0
0;0
0;0
0;0
0;0
0;0
0;0
0;0
0.47;0
1.854;0
1.136;0
0.203;0
4.904;0
10.487;0
14.421;0
10.566;0
7.81;0
0;0
0;0
0;0
0;0
0;0
0;0
0;0
0;0
0;0
0;0
0;0
0;0
0;0
0;0
0;0
0;0
0;0
0.022;0
0.016;0
0;0
0.024;0
0.054;0
0.04;0
0.011;0
0;0
0;0
0;0
0;0
0;0
0;0
0;0
0;0
0;0
0;0
0;0
0;0
0;0
0;0
0;0
0;0
0;0
0.001;0
0.096;0
0.216;0
0.32;0
0.202;0
0.134;0
0.138;0
0.03;0
0;0
0;0
0;0
0;0
0;0
0;0
0;0
0;0
0;0
0;0
0;0
0;0
0;0
0;0
0.313;0
7.515;0
20.509;0
9.502;0
9.778;0
17.564;0
23.904;0
14.93;0
7.189;0
0.06;0
0;0
0;0
0;0
0;0
0;0
0;0
0;0
0;0
0;0
0;0
0;0
0;0
0.005;0
0;0
0;0
0;0
0.021;0
0.201;0
0.285;0
0.371;0
0.273;0
0.344;0
0.114;0
0.019;0
0;0
0;0
0;0
0;0
0;0
0;0
0;0
0;0
0;0
0;0
0;0
0;0
0;0
0;0
0.037;0
0.098;0
0.216;0
0.596;0
1.159;0
1.974;0
1.694;0
1.336;0
0.715;0
0.069;0
0;0
0;0
0;0
0;0
0;0
0;0
0;0
0;0
0;0
0;0
0;0
0;0
0;0
0;0
0.813;0
13.645;0
33.054;0
13.971;0
11.638;0
22.98;0
33.234;0
23.394;0
11.52;0
0.09;0
0;0
0;0
0;0
0;0
0;0
0;0
0;0
0;0
0;0
0;0
0;0
0;0
0;0
0;0
1.306;0
18.987;0
42.549;0
17.067;0
12.451;0
28.471;0
42.099;0
27.593;0
12.212;0
0;0
0;0
0;0
0;0
0;0
0;0
0;0
0;0
0;0
0;0
0;0
0;0
0;0
0;0
0;0
0.028;0
0.139;0
0.248;0
1.183;0
2.084;0
2.718;0
2.918;0
2.436;0
1.45;0
0.541;0
0.014;0
0;0
0;0
0;0
0;0
0;0
0;0
0;0
0;0
0;0
0;0
0;0
0;0
0;0
0.001;0
0.03;0
0.102;0
0.401;0
1.846;0
3.037;0
2.978;0
2.506;0
1.629;0
0.355;0
0.001;0
0;0
0;0
0;0
0;0
0;0
0;0
0;0
0;0
0;0
0;0
0;0
0;0
0.002;0
5.013;0
29.942;0
77.421;0
31.864;0
19.691;0
57.061;0
90.184;0
58.23;0
21.922;0
0.175;0
0.001;0
0;0
0;0
0;0
0;0
0;0
0;0
0;0
0;0
0;0
0;0
0;0
0.066;0
0.24;0
0.348;0
0.536;0
1.091;0
3.187;0
4.313;0
4.681;0
3.793;0
2.742;0
1.797;0
0.603;0
0.025;0
0;0
0;0
0;0
0;0
0;0
0;0
0;0
0;0
0;0
0;0
0;0
0.149;0
0.357;0
0.351;0
0.369;0
0.509;0
1.613;0
2.26;0
2.222;0
1.204;0
0.615;0
0.401;0
0.081;0
0;0
0;0
0;0
0;0
0;0
0;0
0;0
0;0
0;0
0;0
0;0
0;0
0;0
1.508;0
8.27;0
12.243;0
22.93;0
11.337;0
12.712;0
16.414;0
19.371;0
14.041;0
9.439;0
0.034;0
0;0
0;0
0;0
0;0
0;0
0;0
0;0
0;0
0;0
0;0
0;0
0;0
0;0
0.353;0
3.792;0
6.269;0
15.408;0
7.23;0
10.849;0
20.134;0
29.466;0
21.946;0
12.821;0
0;0
0;0
0;0
0;0
0;0
0;0
0;0
0;0
0;0
0;0
0;0
0;0
0;0
0;0
0;0
0.011;0
0.078;0
0.168;0
0.657;0
1.266;0
2.175;0
2.409;0
1.781;0
0.797;0
0.101;0
0;0
0;0
0;0
0;0
0;0
0;0
0;0
0;0
0;0
0;0
0;0
0;0
0;0
0;0
0.008;0
0.083;0
0.217;0
0.502;0
0.839;0
1.709;0
1.371;0
0.645;0
0.282;0
0.057;0
0;0
0;0
0;0
0;0
0;0
0;0
0;0
0;0
0;0
0;0
0;0
0;0
0;0
0.107;0
5.767;0
15.046;0
30.21;0
13.616;0
13.641;0
25.114;0
29.996;0
17.755;0
9.647;0
0.059;0
0;0
0;0
0;0
0;0
0;0
0;0
0;0
0;0
0;0
0;0
0;0
0;0
0;0
0;0
0.045;0
0.135;0
0.348;0
0.756;0
0.836;0
1.04;0
0.809;0
0.336;0
0.252;0
0.046;0
0;0
0;0
0;0
0;0
0;0
0;0
0;0
0;0
0;0
0;0
0;0
0;0
0;0
0;0
0;0
0.021;0
0.079;0
0.238;0
0.386;0
0.548;0
0.356;0
0.238;0
0.233;0
0.051;0
0;0
0;0
0;0
0;0
0;0
0;0
0;0
0;0
0;0
0;0
0;0
0;0
0;0
0;0
2.723;0
9.414;0
22.003;0
12.403;0
13.245;0
22.658;0
29.711;0
18.311;0
7.832;0
0.047;0
0;0
0;0
0;0
0;0
0;0
0;0
0;0
0;0
0;0
0;0
0;0
0;0
0;0
0;0
1.09;0
1.141;0
1.053;0
0.209;0
2.063;0
4.556;0
8.035;0
3.223;0
1.8;0
0;0
0;0
0;0
0;0
0;0
0;0
0;0
0;0
0;0
0;0
0;0
0;0
0;0
0;0
0;0
0;0
0;0
0;0
0;0
0;0
0.007;0
0.005;0
0;0
0;0
0;0
0;0
0;0
0;0
0;0
0;0
0;0
0;0
0;0
0;0
0;0
0;0
0;0
0;0
0;0
0;0
0;0
0;0
0;0
0.028;0
0.079;0
0.035;0
0.011;0
0.005;0
0;0
0;0
0;0
0;0
0;0
0;0
0;0
0;0
0;0
0;0
0;0
0;0
0;0
0;0
0;0
0.286;0
1.217;0
0.108;0
0;0
0.637;0
1.759;0
1.045;0
0.926;0
1.228;0
0;0
0;0
0;0
0;0
0;0
0;0
0;0
0;0
0;0
0;0
0;0
0;0
0;0
0;0
0;0
0;0
0;0
0;0
0.077;0
0.19;0
0.265;0
0.628;0
0.246;0
0.134;0
0.028;0
0;0
0;0
0;0
0;0
0;0
0;0
0;0
0;0
0;0
0;0
0;0
0;0
0;0
0;0
0;0
0;0
0;0
0.004;0
0.011;0
0.108;0
0.118;0
0.066;0
0.008;0
0;0
0;0
0;0
0;0
0;0
0;0
0;0
0;0
0;0
0;0
0;0
0;0
0;0
0;0
0;0
0;0
0.112;0
0.045;0
0.122;0
0.659;0
2.089;0
1.031;0
0.714;0
0.623;0
0;0
0;0
0;0
0;0
0;0
0;0
0;0
0;0
0;0
0;0
0;0
0;0
0;0
0;0
0;0
0;0
0;0
0;0
0;0
0;0
0.706;0
0.158;0
0;0
0;0
0;0
0;0
0;0
0;0
0;0
0;0
0;0
0;0
0;0
0;0
0;0
0;0
0;0
0;0
0;0
0;0
0;0
0;0
0;0
0;0
0.002;0
0.005;0
0.001;0
0;0
0;0
0;0
0;0
0;0
0;0
0;0
0;0
0;0
0;0
0;0
0;0
0;0
0;0
0;0
0;0
0;0
0;0
0;0
0;0
0;0
0.012;0
0.031;0
0.022;0
0.017;0
0.002;0
0;0
0;0
0;0
0;0
0;0
0;0
0;0
0;0
0;0
0;0
0;0
0;0
0;0
0;0.882
0;0
0;0
0;0
0.239;0
1.148;0
3.129;0
5.83;0
4.848;0
1.577;0
0.019;0
0;0
0;0
0;0
0;0
0;0
0;0
0;0
0;0
0;0
0;0
0;0
0;0
0.066;0
0.127;0
0.139;0
0.199;0
0.351;0
0.574;0
0.625;0
0.998;0
0.647;0
0.431;0
0.371;0
0.074;0
0;0
0;0
0;0
0;0
0;0
0;0
0;0
0;0
0;0
0;0
0;0
0;0
0;0
0;0
0;0
0.018;0
0.065;0
0.244;0
0.353;0
0.452;0
0.295;0
0.206;0
0.185;0
0.03;0
0;0
0;0
0;0
0;0
0;0
0;0
0;0
0;0
0;0
0;0
0;0
0;0
0;0
0;0
0;0
0;0
0;0
0;0
0;0
0;0
0;0
0;0
0;0
0;0
0;0
0;0
0;0
0;0
0;0
0;0
0;0
0;0
0;0
0;0
0;0
0;0
0;0
0;0.501
0;0
0;0
0;0
0;0
0.297;0
3.19;0
4.691;0
2.008;0
0.029;0
0;0
0;0
0;0
0;0
0;0
0;0
0;0
0;0
0;0
0;0
0;0
0;0
0;0
0;0
0;0
0;0
0;0
0.012;0
0.011;0
0;0
0.471;0
0.646;0
0.195;0
0.006;0
0;0
0;0
0;0
0;0
0;0
0;0
0;0
0;0
0;0
0;0
0;0
0;0
0;0
0;0
0;0
0;0
0;0
0.008;0
0.129;0
0.165;0
0.123;0
0.057;0
0.047;0
0.045;0
0.004;0
0;0
0;0
0;0
0;0
0;0
0;0
0;0
0;0
0;0
0;0
0;0
0;0
0;0
0;2.569
0;0
0;0
0.412;0
0.942;0
1.872;0
2.985;0
2.438;0
1.564;0
0.788;0
0;0
0;0
0;0
0;0
0;0
0;0
0;0
0;0
0;0
0;0
0;0
0;0
0;0
0;0
0;0
0;0
0;0
0;0
0.101;0
0.231;0
0.351;0
0.25;0
0.148;0
0.113;0
0.02;0
0;0
0;0
0;0
0;0
0;0
0;0
0;0
0;0
0;0
0;0
0;0
0;0
0;0
0;0
0;0
0.005;0
0.048;0
0.039;0
0;0
0;0
0;0
0;0
0;0
0;0
0;0
0;0
0;0
0;0
0;0
0;0
0;0
0;0
0;0
0;0
0;0
0;0
0;0
0;0.578
0;0
0;0
0;0
0;0
0.214;0
1.595;0
0.64;0
0.048;0
0.021;0
0;0
0;0
0;0
0;0
0;0
0;0
0;0
0;0
0;0
0;0
0;0
0;0
0;0
0;0
0;4.269
0;0.08
0;0
0;0
0;0
0;0
0;0
0;0
0;0
0;0
0;0
0;0
0;0
0;0
0;0
0;0
0;0
0;0
0;0
0;0
0;0
0;0
0;0
0;0
0;0
0;0
0;0
0;0
0;0
0;0
0;0
0;0
0;0
0;0
0;0
0;0
0;0
0;0
0;0
0;0
0;0
0;0
0;0
0;0
0;0
0;0
0;0
0;0
0;0
0;0
0;0
0;0
0;0
0;0
0;0
0;0
0;0
0;0
0;0
0;0
0;0
0;0
0;0
0;0
0;0
0;0
0;0
0;0
0;0
0;0
0;0
0;0
0;7.419
0;0.728
0;0.04
0;0.024
0;0.015
0;0.022
0;0.018
0;0.009
0;0.006
0;0.015
0;0
0;0
0;0
0;0
0;0
0;0
0;0
0;0
0;0
0;0
0;0
0;0
0;0
0;0
0;0
0;0
0.019;0
0.028;0
0;0
0.129;0
0.32;0
0.202;0
0.137;0
0.107;0
0.016;0
0;0
0;0
0;0
0;0
0;0
0;0
0;0
0;0
0;0
0;0
0;0
0;0
0;0
0;0
0;0
0;0
0;0
0;0
0;0
0;0
0;0
0;0
0;0
0;0
0;0
0;0
0;0
0;0
0;0
0;0
0;0
0;0
0;0
0;0
0;0
0;0
0;0
0;12.302
0;2.31
0;0.061
0;0.041
0;0.029
0;0.03
0;0.022
0;0.015
0;0.012
0;0.018
0;0
0;0
0;0
0;0
0;0
0;0
0;0
0;0
0;0
0;0
0;0
0;0
0;0
0;0
0;12.254
0;3.001
0;0.11
0;0.057
0;0.818
0;0.772
0;0.05
0;0.039
0;0.036
0;0.593
0;0
0;0
0;0
0;0
0;0
0;0
0;0
0;0
0;0
0;0
0;0
0;0
0;0
0;0
0;0
0;0
0;0
0;0
0;0
0;0
0.004;0
0.006;0
0.001;0
0;0
0;0
0;0
0;0
0;0
0;0
0;0
0;0
0;0
0;0
0;0
0;0
0;0
0;0
0;0
0;0
0;0
0;0
0;0
0;0
0;0
0;0
0;0
0;0
0;0
0;0
0;0
0;0
0;0
0;0
0;0
0;0
0;0
0;0
0;0
0;0
0;0
0;0
0;0
0;14.171
0;2.861
0;0.103
0;0.063
0;0.051
0;0.063
0;0.055
0;0.052
0;0.807
0;2.102
0;0
0;0
0;0
0;0
0;0
0;0
0;0
0;0
0;0
0;0
0;0
0;0
0;0
0;0
0;0
0;0
0;0
0;0
0;0
0;0
0;0
0;0
0;0
0;0
0;0
0;0
0;0
0;0
0;0
0;0
0;0
0;0
0;0
0;0
0;0
0;0
0;0
0;0.006
0;0.004
0;0
0;0
0;0
0.061;0
0.274;0
0.807;0
0.569;0
0.213;0
0.207;0
0.044;0
0;0
0;0
0;0
0;0
0;0
0;0
0;0
0;0
0;0
0;0
0;0
0;0
0;0
0;9.719
0.047;0.415
7.918;0.056
23.411;0.013
9.784;0
3.312;0
25.061;0
44.382;0
26.853;0
5.013;0
0.135;0
0.001;0
0;0
0;0
0;0
0;0
0;0
0;0
0;0
0;0
0;0
0;0
0;0
0;0
0;12.469
0;1.241
0;0.055
0.027;0.018
0.625;0
2.012;0.002
2.864;0
2.726;0
1.703;0
0.44;0.011
0;0
0;0
0;0
0;0
0;0
0;0
0;0
0;0
0;0
0;0
0;0
0;0
0;0
0;0
0;0
0;0
0;0
0.003;0
0.012;0
1.041;0
1.747;0
1.543;0
0.591;0
0.014;0
0;0
0;0
0;0
0;0
0;0
0;0
0;0
0;0
0;0
0;0
0;0
0;0
0;0
0;0
0;0
0;0
0.001;0
0.123;0
0.462;0
0.739;0
0.889;0
0.457;0
0.28;0
0.23;0
0.043;0
0;0
0;0
0;0
0;0
0;0
0;0
0;0
0;0
0;0
0;0
0;0
0;0
0;0
0;7.765
0;1.238
0;0.064
0;0.042
0.033;0.026
0.147;0.022
5.104;0.007
13.096;0
9.365;0
1.699;0
0.045;0
0;0
0;0
0;0
0;0
0;0
0;0
0;0
0;0
0;0
0;0
0;0
0;0
0;0
0;0
0;0
0.066;0
0.282;0
0.652;0
1.68;0
1.946;0
1.211;0
0.511;0
0.246;0
0.043;0
0;0
0;0
0;0
0;0
0;0
0;0
0;0
0;0
0;0
0;0
0;0
0;0
0;0
0;0
0;0
0;0
0;0
0;0
0;0
0;0
0;0
0;0
0;0
0;0
0;0
0;0
0;0
0;0
0;0
0;0
0;0
0;0
0;0
0;0
0;0
0;0
0;0.023
0;11.089
0;2.431
0;3.073
0;4.992
0;1.03
0;0.214
0;0.651
0;0.45
0;0.12
0;0.099
0;0.001
0;0
0;0
0;0
0;0
0;0
0;0
0;0
0;0
0;0
0;0
0;0
0;0
0;0
0;7.474
0;1.14
0;0.14
0.264;0.036
0;0.011
0.126;0.017
4.025;0.007
5.712;0
2.669;0
0.326;0
0;0
0;0
0;0
0;0
0;0
0;0
0;0
0;0
0;0
0;0
0;0
0;0
0;0
0;0
0;0
0;0
0;0
0.026;0
0.018;0
0.001;0
0.039;0
0.068;0
0.043;0
0.011;0
0;0
0;0
0;0
0;0
0;0
0;0
0;0
0;0
0;0
0;0
0;0
0;0
0;0
0;0
0;0
0;0
0.072;0
0.266;0
0.645;0
0.847;0
1.014;0
0.589;0
0.355;0
0.277;0
0.047;0
0;0
0;0
0;0
0;0
0;0
0;0
0;0
0;0
0;0
0;0
0;0
0;0
0;0.004
0;3.499
0;0.104
0;0.015
2.041;0
1.216;0
1.953;0
2.912;0
4.441;0
1.365;0
0.309;0
0;0
0;0
0;0
0;0
0;0
0;0
0;0
0;0
0;0
0;0
0;0
0;0
0;0
0;0.018
0;0.038
0;0.04
0;0.036
0;0.019
0;0
0;0
0;0
0;0
0;0
0;0
0;0
0;0
0;0
0;0
0;0
0;0
0;0
0;0
0;0
0;0
0;0
0;0
0;0
0;0.015
0;0.028
0;0.026
0;0.019
0;0.014
0;0.004
0;0
0;0
0;0
0;0
0;0
0;0
0;0
0;0
0;0
0;0
0;0
0;0
0;0
0;0
0;0
0;0
0;0
0;0
0;0.025
0;9.771
0;1.845
0;3.214
0;5.512
0;1.078
0;0.106
0;1.14
0;2.036
0;1.315
0;0.456
0;0.011
0;0
0;0
0;0
0;0
0;0
0;0
0;0
0;0
0;0
0;0
0;0
0;0
0;0
0;9.521
0;2.129
0;2.619
0;4.329
0;0.919
0;0.142
0;1.31
0;2.621
0;1.656
0;1.339
0;0
0;0
0;0
0;0
0;0
0;0
0;0
0;0
0;0
0;0
0;0
0;0
0;0
0;0
0;0
0;0.002
0;0.008
0;0.013
0;0.004
0;0
0;0.004
0;0.005
0;0.003
0;0.001
0;0
0;0
0;0
0;0
0;0
0;0
0;0
0;0
0;0
0;0
0;0
0;0
0;0
0;0.027
0;0.058
0;0.062
0;0.07
0;0.093
0;0.125
0;0.104
0;0.113
0;0.067
0;0.039
0;0.041
0;0.011
0;0
0;0
0;0
0;0
0;0
0;0
0;0
0;0
0;0
0;0
0;0
0;0
0;0.04
0;18.127
0;4.817
0;4.078
0;5.241
0;1.125
0;1.306
0;1.404
0;1.851
0;1.218
0;1.855
0;0.007
0;0
0;0
0;0
0;0
0;0
0;0
0;0
0;0
0;0
0;0
0;0
0;0
0;0.034
0;0.066
0;0.063
0;0.052
0;0.028
0;0.001
0;0
0.054;0
0.106;0
0.073;0
0.03;0
0;0
0;0
0;0
0;0
0;0
0;0
0;0
0;0
0;0
0;0
0;0
0;0
0;0
0;0.025
0;0.054
0;0.053
0;0.043
0;0.044
0;0.061
0;0.034
0;0.011
0;0.001
0;0.006
0;0.013
0;0.006
0;0
0;0
0;0
0;0
0;0
0;0
0;0
0;0
0;0
0;0
0;0
0;0
0;0.021
0;15.825
0;4.194
0;2.696
0;3.505
0;0.782
0;0.33
0;0.805
0;1.211
0;0.733
0;1.907
0;0.002
0;0
0;0
0;0
0;0
0;0
0;0
0;0
0;0
0;0
0;0
0;0
0;0
0;0
0;17.308
0;4.825
0;4.169
0;6.211
0;1.421
0;0.777
0;1.719
0;3.069
0;2.548
0;3.887
0;0
0;0
0;0
0;0
0;0
0;0
0;0
0;0
0;0
0;0.133
0;0.034
0;0.127
0;0.301
0;0.401
0;0.278
0;0.006
0;0.023
0;0.039
0;0.012
0;0
0;0.012
0;0.02
0;0.013
0;0.003
0;0
0;0
0;0
0;0
0;0.213
0;0.545
0;0.642
0;0.719
0;0.913
0;0.88
0;0.747
0;0.702
0;0.645
0;0.611
0;0.504
0;0.184
0;0.068
0;0.085
0;0.104
0;0.067
0;0.047
0;0.026
0;0.018
0;0.018
0;0.005
0;0
0;0
0;0
0;0
0;0
0;0
0;0
0;0
0;0
0;0
0;0
0;0
0;0.011
0;19.5
0;5.436
0;1.825
0;2.369
0;3.555
0;4.518
0;3.144
0;2.972
0;2.035
0;3.99
0;0.011
0;0
0;0
0;0
0;0.676
0;0.982
0;1.134
0;1.207
0;1.131
0;1.162
0;1.263
0;1.452
0;1.561
0;1.566
0;1.523
0;0.789
0;0.104
0;0.125
0;0.179
0;0.177
0;0.193
0;0.123
0;0.082
0;0.069
0;0.28
0;1.05
0;1.495
0;1.65
0;1.703
0;1.863
0;1.971
0;2.06
0;2.239
0;2.359
0;2.415
0;2.548
0;2.815
0;3.147
0;3.191
0;1.68
0;0.257
0;0.108
0;0.187
0;0.183
0;0.183
0;0.095
0;0.064
0;0.066
0;0.041
0;1.327
0;2.07
0;2.644
0;3.082
0;3.399
0;3.823
0;4.288
0;4.478
0;4.609
0;4.873
0;5.339
0;5.83
0;6.218
0;28.219
0;12.582
0;12.192
0;16.765
0.287;4.151
1.074;1.274
1.368;3.01
1.113;4.334
0.155;3.562
0;5.312
0;0.017
0;0
0;0.579
0;1.861
0;2.555
0;2.982
0;3.379
0;3.787
0;4.211
0;4.729
0;5.33
0;5.768
0;5.966
0;6.241
0;27.972
0;12.208
0;10.752
0;14.077
0.75;3.729
1.685;1.092
2.101;2.533
1.669;2.812
0.356;2.094
0;4.389
0;0
0;0
0;0.702
0;2.342
0;3.005
0;3.076
0;3.566
0;3.894
0;4.239
0;4.684
0;5.317
0;5.64
0;5.973
0;6.133
0;5.881
0;4.602
0;1.132
0;0.252
0;0.019
0;0
0;0.014
0;0.023
0;0.013
0;0.268
0;1.486
0;2.042
0;2.493
0;3.105
0;3.995
0;4.553
0;4.89
0;5.17
0;5.514
0;5.835
0;6.236
0;6.8
0;7.404
0;7.457
0;7.031
0;6.272
0;5.285
0;4.309
0;2.465
0;0.57
0;0.304
0;0.219
0;0.58
0;1.871
0;2.676
0;3.667
0;3.821
0;3.89
0;4.086
0;4.172
0;4.293
0;4.462
0;4.549
0;4.551
0;4.476
0;4.394
0;4.327
0;4.385
0;26.813
0;11.61
0;7.854
0;8.068
0;5.04
0;3.67
0;2.416
0;2.276
0;2.953
0;5.662
0;0.011
0;0
0;0.895
0;2.044
0;2.549
0;2.886
0;3.483
0;3.854
0;4.216
0;4.377
0;4.381
0;4.429
0;4.314
0;4.129
0;3.94
0;3.006
0;1.089
0;0.118
0;0.084
0;0.06
0;0.018
0;0
0;0
0;0.011
0;0.027
0;1.068
0;1.703
0;2.204
0;2.98
0;3.392
0;3.807
0;4.191
0;4.458
0;4.664
0;4.831
0;4.803
0;4.59
0;4.538
0;4.53
0;4.291
0;3.756
0;2.705
0;0.621
0;0.227
0;0.177
0;0.091
0;0.123
0;1.052
0;2.431
0;4.086
0;5.068
0;5.673
0;6.049
0;6.277
0;6.506
0;6.71
0;6.828
0;6.982
0;7.193
0;7.408
0;7.561
0;7.806
0;29.345
0;14.063
0;10.653
0;13.828
0;4.59
0.142;3.921
0.255;4.732
0.017;6.258
0;7.381
0;7.631
0;0.023
0;0.908
0;3.153
0;4.113
0;5.393
0;5.844
0;6.39
0;6.983
0;7.226
0;7.449
0;8.064
0;8.69
0;8.87
0;9.002
0;29.913
0;15.97
0;14.076
0;15.14
0;4.993
0;3.58
0;4.678
0;6.557
0;8.233
0;10.008
0;0
0;0.873
0;3.005
0;3.692
0;4.58
0;4.818
0;4.691
0;4.496
0;4.413
0;4.372
0;4.369
0;4.306
0;4.314
0;4.28
0;4.134
0;3.785
0;3.071
0;1.647
0;0.171
0;0
0;0.009
0;0.027
0;0.666
0;1.709
0;3.156
0;4.115
0;4.391
0;4.402
0;4.429
0;4.47
0;4.541
0;4.623
0;4.676
0;4.751
0;4.846
0;4.947
0;5.097
0;5.37
0;4.839
0;2.843
0;1.963
0;1.961
0;1.824
0;1.081
0;0.98
0;1.452
0;2.272
0;2.858
0;3.052
0;3.185
0;3.273
0;3.393
0;3.498
0;3.604
0;3.709
0;3.773
0;3.831
0;3.879
0;3.889
0;3.894
0;3.935
0;3.926
0;26.483
0;11.054
0;5.755
0;4.022
0;5.451
0;7.952
0;4.935
0;3.97
0;6.831
0;9.765
0;0.007
0;0
0;0.252
0;1.211
0;1.634
0;2.121
0;2.779
0;3.217
0;3.628
0;3.982
0;4.372
0;4.836
0;4.992
0;4.938
0;4.467
0;2.84
0;0.934
0;0.174
0;0.137
0;0.092
0;0.059
0;0.037
0;0.055
0;1.101
0;2.253
0;3.456
0;3.896
0;4.391
0;4.907
0;5.104
0;5.103
0;5.263
0;5.272
0;5.224
0;5.242
0;5.157
0;5.175
0;5.234
0;4.313
0;1.694
0;0.277
0;0.045
0;0.028
0;0
0;0
0;0.002
0;0.012
0;0.445
0;1.742
0;2.809
0;3.179
0;3.176
0;3.312
0;3.407
0;3.61
0;4.041
0;4.663
0;4.865
0;4.972
0;5.317
0;5.201
0;5.046
0;26.79
0;9.129
0;4.357
0;3.794
0;2.256
0;4.488
0;3.292
0;2.993
0;6.273
0;9.2
0;0.008
0;0
0;0.252
0;1.172
0;1.642
0;2.057
0;2.661
0;3.05
0;3.469
0;3.921
0;4.11
0;4.366
0;4.462
0;4.159
0;26.662
0;11.904
0;9.431
0;9.765
0;8.81
0;9.678
0;7.612
0;8.151
0;9.578
0;11.109
0;0
0;0
0;1.612
0;2.286
0;2.694
0;3.437
0;4.05
0;4.609
0;5.026
0;5.239
0;5.497
0;5.639
0;5.793
0;6.275
0;5.501
0;1.83
0;0.29
0;0.047
0;0.005
0;0
0;0
0;0
0;0.003
0;0.3
0;1.786
0;2.375
0;3.102
0;3.644
0;4.069
0;4.227
0;4.237
0;4.224
0;4.305
0;4.398
0;4.518
0;4.7
0;4.763
0;4.838
0;4.116
0;1.569
0;0.385
0;0.093
0;0.063
0;0.009
0;0
0;0
0;0.002
0;0.095
0;0.765
0;1.568
0;2.549
0;2.446
0;2.421
0;2.87
0;3.164
0;3.501
0;3.816
0;4.225
0;4.581
0;4.687
0;4.818
0;4.831
0;26.659
0;9.681
0;4.135
0;3.623
0;3.153
0;3.618
0;1.545
0;0.823
0;4.935
0;8.368
0;0.007
0;0
0;0.449
0;1.847
0;2.317
0;3.05
0;3.67
0;4.265
0;4.722
0;4.683
0;4.797
0;5.323
0;6.008
0;6.192
0;5.744
0;4.142
0;2.17
0;0.717
0;0.185
0;0.121
0;0.103
0;0.19
0;1.337
0;2.68
0;3.433
0;4.366
0;5.081
0;5.727
0;6.118
0;6.014
0;6.067
0;6.618
0;7.173
0;7.361
0;7.641
0;7.887
0;7.971
0;8.133
0;7.618
0;5.225
0;2.633
0;0.873
0;0.771
0;0.682
0;0.667
0;1.68
0;3.168
0;5.622
0;6.615
0;6.746
0;6.856
0;7.129
0;7.252
0;7.356
0;7.615
0;7.876
0;8.04
0;8.212
0;8.486
0;8.727
0;8.942
0;9.12
0;29.824
0;13.685
0;11.734
0;15.163
0;7.32
0;5.878
0;7.533
0;10.173
0;12.344
0;14.468
0;0.033
0;3.158
0;5.599
0;7.139
0;7.859
0;8.267
0;8.591
0;9.018
0;9.492
0;9.986
0;10.236
0;10.287
0;10.342
0;10.626
0;30.68
0;16.36
0;16.295
0;20.88
0;11.927
0;10.895
0;11.402
0;15.17
0;15.493
0;16.543
0;0.03
0;4.523
0;6.677
0;7.725
0;8.425
0;8.962
0;8.934
0;9.066
0;9.738
0;10.009
0;10.33
0;10.717
0;11.013
0;11.287
0;10.924
0;8.274
0;4.924
0;3.218
0;2.312
0;2.245
0;2.802
0;4.075
0;6.79
0;9.117
0;10.128
0;10.629
0;11.053
0;11.393
0;11.82
0;12.019
0;12.248
0;12.572
0;12.667
0;12.899
0;13.139
0;13.302
0;13.322
0;13.222
0;12.465
0;11.158
0;10.239
0;9.856
0;9.976
0;9.945
0;9.815
0;9.749
0;10.006
0;10.287
0;10.286
0;10.326
0;10.288
0;10.14
0;10.041
0;9.985
0;9.947
0;9.951
0;10.029
0;10.105
0;10.187
0;10.246
0;10.281
0;10.313
0;30.764
0;17.444
0;14.789
0;14.649
0;14.545
0;14.32
0;11.36
0;12.925
0;14.247
0;16.964
0;0.024
0;3.882
0;7.034
0;7.542
0;7.743
0;7.946
0;8.108
0;8.215
0;8.255
0;8.305
0;8.376
0;8.453
0;8.511
0;8.564
0;8.406
0;7.679
0;6.677
0;5.922
0;6.11
0;5.774
0;5.889
0;6.442
0;7.349
0;8.073
0;8.771
0;9.581
0;9.952
0;10.124
0;10.278
0;10.518
0;10.843
0;10.984
0;11.173
0;11.369
0;11.514
0;11.773
0;11.854
0;11.797
0;11.863
0;11.378
0;10.762
0;10.337
0;10.21
0;10.078
0;10.357
0;10.561
0;11.025
0;11.269
0;11.159
0;11.107
0;10.966
0;10.793
0;10.668
0;10.655
0;10.687
0;10.711
0;10.636
0;10.633
0;10.68
0;10.734
0;10.648
0;10.639
0;31.079
0;18.197
0;15.867
0;17.083
0;17.321
0;16.579
0;13.734
0;15.674
0;16.363
0;18.176
0;0.06
0;4.707
0;7.514
0;8.183
0;8.509
0;8.749
0;8.926
0;9.061
0;9.16
0;9.253
0;9.32
0;9.317
0;9.318
0;9.33
0;30.307
0;17.583
0;15.291
0;16.015
0;16.466
0;15.833
0;13.321
0;15.525
0;15.952
0;17.809
0;0.037
0;4.648
0;7.413
0;8.07
0;8.41
0;8.643
0;8.81
0;9.128
0;9.449
0;9.635
0;9.906
0;10.025
0;10.063
0;10.172
0;9.893
0;8.747
0;7.424
0;6.648
0;4.132
0;3.574
0;4.343
0;5.569
0;7.919
0;9.371
0;10.012
0;10.136
0;10.024
0;10.226
0;10.729
0;10.962
0;11.11
0;11.532
0;11.974
0;12.083
0;11.94
0;11.769
0;11.812
0;11.749
0;11.599
0;10.629
0;8.764
0;6.647
0;5.318
0;4.521
0;4.996
0;6.672
0;8.578
0;9.702
0;10.187
0;10.842
0;11.392
0;11.8
0;12.002
0;12.092
0;12.42
0;12.598
0;12.631
0;12.66
0;12.66
0;12.574
0;12.451
0;12.344
0;31.764
0;18.365
0;15.07
0;17.153
0;9.758
0;9.077
0;9.754
0;13.411
0;15.699
0;18.653
0;0.467
0;6.254
0;9.144
0;10.051
0;10.678
0;11.032
0;11.398
0;11.743
0;12.01
0;12.335
0;12.566
0;12.418
0;12.622
0;13.131
0;12.82
0;11.118
0;8.745
0;8.48
0;8.219
0;6.807
0;7.256
0;8.535
0;9.57
0;10.062
0;10.146
0;10.27
0;10.399
0;10.27
0;9.978
0;9.76
0;9.663
0;9.606
0;9.436
0;9.144
0;8.939
0;8.765
0;8.545
0;8.479
0;8.374
0;7.883
0;7.162
0;6.573
0;6.296
0;6.022
0;5.985
0;6.247
0;6.581
0;6.69
0;6.653
0;6.501
0;6.358
0;6.335
0;6.364
0;6.483
0;6.496
0;6.38
0;6.281
0;6.258
0;6.295
0;6.323
0;6.427
0;6.535
0;28.649
0;14.432
0;7.975
0;5.011
0;9.963
0;11.957
0;7.137
0;6.959
0;9.404
0;13.813
0;0.008
0;0.654
0;3.169
0;4.472
0;4.441
0;4.104
0;3.982
0;4.049
0;3.953
0;4.294
0;5.332
0;5.656
0;5.765
0;5.99
0;28.054
0;14.043
0;9.364
0;8.365
0;12.049
0;13.617
0;10.173
0;10.585
0;11.516
0;14.521
0;0
0;1.19
0;3.338
0;4.455
0;4.916
0;5.188
0;5.267
0;5.316
0;5.383
0;5.46
0;5.545
0;5.607
0;5.689
0;5.772
0;5.746
0;5.425
0;4.781
0;4.171
0;3.455
0;3.791
0;4.374
0;5.14
0;6.141
0;6.723
0;6.717
0;6.812
0;6.997
0;7.221
0;7.377
0;7.558
0;7.733
0;7.852
0;7.862
0;7.791
0;7.64
0;7.626
0;7.786
0;7.886
0;7.862
0;7.314
0;5.114
0;3.908
0;3.449
0;3.938
0;4.999
0;6.096
0;6.907
0;7.389
0;7.58
0;7.73
0;8.057
0;8.602
0;8.897
0;8.836
0;8.766
0;8.798
0;8.903
0;8.901
0;8.884
0;8.918
0;9.04
0;9.45
0;30.538
0;16.77
0;13.607
0;14.965
0;11.999
0;10.583
0;10.051
0;12.744
0;14.31
0;17.199
0;0.065
0;4.258
0;7.435
0;8.422
0;9.009
0;9.397
0;9.564
0;9.628
0;9.723
0;9.8
0;9.92
0;10.067
0;10.208
0;10.424
0;10.576
0;10.395
0;10.038
0;9.726
0;9.206
0;8.978
0;9.344
0;10.048
0;10.616
0;10.986
0;11.039
0;11.112
0;11.252
0;11.418
0;11.544
0;11.721
0;11.827
0;11.949
0;12.032
0;12.072
0;12.153
0;12.326
0;12.413
0;12.587
0;12.688
0;12.474
0;11.731
0;11.125
0;10.924
0;10.911
0;11.202
0;11.504
0;12.083
0;12.386
0;12.369
0;12.382
0;12.389
0;12.402
0;12.406
0;12.436
0;12.482
0;12.504
0;12.519
0;12.488
0;12.55
0;12.611
0;12.664
0;12.853
0;31.953
0;21.022
0;21.576
0;26.176
0;21.757
0;19.305
0;19.434
0;22.635
0;22.101
0;21.402
0;1.255
0;8.038
0;10.41
0;10.976
0;11.311
0;11.574
0;11.75
0;11.863
0;12.08
0;12.266
0;12.373
0;12.451
0;12.492
0;12.576
0;31.709
0;21.363
0;21.097
0;23.479
0;18.089
0;14.748
0;13.259
0;16.713
0;17.8
0;19.573
0;0.589
0;6.447
0;9.276
0;9.943
0;10.271
0;10.656
0;10.88
0;11.083
0;11.416
0;11.598
0;11.71
0;11.801
0;11.824
0;11.889
0;11.854
0;11.397
0;10.669
0;10.221
0;10.101
0;9.854
0;10.155
0;11.006
0;11.546
0;11.949
0;12.203
0;12.291
0;12.315
0;12.36
0;12.459
0;12.517
0;12.546
0;12.466
0;12.505
0;12.565
0;12.43
0;12.473
0;12.543
0;12.519
0;12.488
0;11.029
0;8.149
0;6.272
0;5.666
0;5.356
0;6.006
0;7.661
0;10.554
0;11.749
0;11.95
0;12.044
0;12.237
0;12.21
0;12.236
0;12.209
0;12.293
0;12.423
0;12.407
0;12.393
0;12.374
0;12.409
0;12.388
0;12.55
0;31.986
0;20.714
0;19.279
0;22.001
0;20.011
0;18.44
0;17.175
0;19.631
0;20.299
0;20.943
0;0.995
0;7.65
0;10.107
0;11.105
0;11.765
0;11.797
0;12.184
0;12.526
0;12.5
0;12.56
0;12.936
0;13.267
0;13.291
0;13.347
0;13.371
0;12.986
0;12.357
0;11.925
0;11.662
0;11.462
0;11.441
0;11.457
0;11.777
0;11.98
0;11.991
0;12.065
0;12.133
0;12.198
0;12.237
0;12.294
0;12.312
0;12.293
0;12.256
0;12.225
0;12.21
0;12.179
0;12.07
0;12.018
0;12.01
0;11.807
0;11.393
0;11.028
0;10.95
0;10.864
0;10.974
0;11.1
0;11.433
0;11.676
0;11.686
0;11.77
0;11.861
0;11.954
0;11.985
0;12.02
0;12.071
0;12.092
0;12.143
0;12.147
0;12.168
0;12.138
0;12.117
0;12.251
0;31.973
0;20.399
0;17.638
0;19.183
0;19.685
0;18.669
0;16.375
0;18.087
0;18.923
0;20.043
0;0.525
0;6.55
0;9.122
0;9.618
0;9.866
0;10.096
0;10.212
0;10.24
0;10.282
0;10.338
0;10.386
0;10.382
0;10.298
0;10.148
0;30.8
0;18.187
0;13.764
0;12.544
0;15.25
0;15.559
0;12.267
0;13.646
0;14.89
0;17.614
0;0
0;4.046
0;7.177
0;7.975
0;8.237
0;8.353
0;8.392
0;8.471
0;8.48
0;8.558
0;8.598
0;8.562
0;8.551
0;8.469
0;8.31
0;8.146
0;7.711
0;7.242
0;6.933
0;6.843
0;6.821
0;6.927
0;6.968
0;7.007
0;7.016
0;6.784
0;6.494
0;6.366
0;6.285
0;6.229
0;6.089
0;6.152
0;6.492
0;6.899
0;7.395
0;7.757
0;7.933
0;8.074
0;8.208
0;7.684
0;6.822
0;6.53
0;6.227
0;5.328
0;5.879
0;6.715
0;7.507
0;8.036
0;8.255
0;8.301
0;8.258
0;8.24
0;8.213
0;8.175
0;8.159
0;8.195
0;8.237
0;8.263
0;8.311
0;8.288
0;8.245
0;8.265
0;29.743
0;15.795
0;10.81
0;9.318
0;13.092
0;13.979
0;9.285
0;8.875
0;10.535
0;14.631
0;0.011
0;0.89
0;3.333
0;4.571
0;4.938
0;5.253
0;5.59
0;5.774
0;5.86
0;5.988
0;6.109
0;6.259
0;6.417
0;6.578
0;6.688
0;6.519
0;6.187
0;6.053
0;6.109
0;6.188
0;6.224
0;6.486
0;6.873
0;7.105
0;7.137
0;7.143
0;7.084
0;6.957
0;6.733
0;6.592
0;6.908
0;7.584
0;8.087
0;8.292
0;8.218
0;8.283
0;8.491
0;8.601
0;8.652
0;7.947
0;6.426
0;4.94
0;4.535
0;4.459
0;4.781
0;5.758
0;7.116
0;7.917
0;8.238
0;8.433
0;8.596
0;8.733
0;8.86
0;8.914
0;8.993
0;9.101
0;9.279
0;9.694
0;10.102
0;10.354
0;10.548
0;10.582
0;31.03
0;16.997
0;12.014
0;10.867
0;7.734
0;8.14
0;6.653
0;7.822
0;10.465
0;13.823
0;0.014
0;1.35
0;4.259
0;6.003
0;6.624
0;7.002
0;7.655
0;8.264
0;8.655
0;8.859
0;8.942
0;8.899
0;8.83
0;8.744
0;29.836
0;16.79
0;14.542
0;14.746
0;15.314
0;14.95
0;12.185
0;13.684
0;13.964
0;16.144
0;0
0;2.388
0;4.784
0;5.729
0;5.925
0;5.995
0;6.067
0;6.281
0;6.665
0;7.039
0;7.17
0;7.348
0;7.605
0;7.652
0;7.558
0;7.279
0;6.295
0;6.058
0;5.936
0;6.163
0;6.512
0;6.782
0;7.22
0;7.636
0;7.905
0;8.004
0;8.064
0;8.105
0;8.178
0;8.329
0;8.59
0;8.857
0;9.067
0;9.436
0;9.708
0;9.948
0;10.2
0;10.201
0;9.885
0;9.284
0;7.777
0;5.866
0;4.674
0;3.875
0;4.446
0;5.814
0;8.043
0;9.162
0;9.462
0;9.67
0;9.947
0;10.297
0;10.559
0;10.589
0;10.591
0;10.596
0;10.637
0;10.748
0;10.845
0;10.945
0;11.049
0;11.163
0;31.407
0;18.451
0;16.445
0;18.959
0;15.368
0;15.423
0;14.57
0;17.329
0;17.469
0;18.591
0;0.125
0;5.056
0;7.847
0;8.79
0;9.5
0;9.932
0;10.059
0;10.03
0;9.99
0;9.973
0;10.01
0;10.104
0;10.105
0;10.058
0;10.032
0;9.796
0;9.351
0;9.098
0;9.008
0;8.855
0;8.802
0;8.952
0;9.284
0;9.541
0;9.623
0;9.707
0;9.721
0;9.81
0;9.914
0;9.918
0;9.962
0;10.082
0;10.142
0;10.076
0;9.992
0;9.959
0;9.999
0;10.053
0;10.062
0;9.69
0;9.021
0;8.652
0;8.343
0;7.994
0;7.93
0;8.058
0;8.613
0;9.161
0;9.441
0;9.84
0;10.224
0;10.437
0;10.481
0;10.431
0;10.378
0;10.4
0;10.488
0;10.451
0;10.434
0;10.42
0;10.443
0;10.556
0;31.037
0;17.935
0;15.314
0;16.809
0;16.37
0;15.488
0;12.842
0;14.65
0;15.682
0;17.94
0;0.051
0;4.303
0;7.088
0;7.696
0;7.992
0;8.094
0;8.119
0;8.239
0;8.417
0;8.446
0;8.477
0;8.503
0;8.544
0;8.62
0;29.927
0;16.56
0;13.016
0;13.054
0;14.464
0;14.454
0;10.957
0;11.791
0;12.929
0;16.046
0;0
0;2.37
0;4.933
0;5.854
0;6.186
0;6.307
0;6.292
0;6.377
0;6.638
0;6.818
0;7.039
0;7.166
0;7.274
0;7.504
0;7.633
0;6.934
0;5.852
0;5.731
0;5.592
0;5.44
0;5.699
0;6.552
0;7.196
0;7.477
0;7.403
0;7.123
0;6.666
0;6.434
0;6.649
0;6.815
0;6.755
0;6.689
0;6.602
0;6.521
0;6.537
0;6.699
0;6.937
0;7.308
0;7.836
0;8.103
0;7.829
0;7.489
0;7.218
0;6.542
0;5.825
0;5.753
0;5.935
0;6.131
0;6.214
0;6.249
0;6.206
0;6.173
0;6.265
0;6.544
0;6.893
0;7.082
0;7.184
0;7.187
0;7.194
0;7.202
0;7.295
0;7.587
0;29.365
0;15.562
0;12.278
0;12.578
0;14.782
0;14.988
0;12.064
0;13.317
0;13.717
0;16.37
0;0.023
0;2.665
0;5.436
0;6.543
0;7.007
0;7.481
0;7.854
0;8.14
0;8.271
0;8.373
0;8.473
0;8.456
0;8.532
0;8.898
0;9.27
0;9.168
0;8.448
0;7.49
0;5.962
0;6.124
0;6.527
0;6.9
0;7.493
0;8.025
0;8.141
0;8.193
0;8.392
0;8.586
0;8.695
0;8.835
0;8.981
0;9.083
0;9.073
0;9.012
0;8.985
0;9.005
0;9.081
0;9.343
0;9.524
0;9.209
0;8.448
0;7.508
0;6.404
0;6.388
0;6.597
0;6.864
0;7.36
0;7.671
0;7.614
0;7.721
0;7.998
0;8.221
0;8.344
0;8.452
0;8.579
0;8.692
0;8.653
0;8.576
0;8.543
0;8.531
0;8.599
0;8.845
0;30.094
0;16.773
0;13.84
0;12.877
0;13.964
0;14.038
0;10.013
0;10.242
0;11.601
0;15.079
0;0.015
0;1.518
0;4.283
0;5.752
0;6.702
0;7.846
