Heating;Cooling
29.393;0
33.924;0
37.327;0
39.268;0
41.7773;0
51.9931;0
58.1393;0
45.2462;0
38.83545;0
36.72815;0
40.99545;0
45.6182;0
37.99675;0
36.37345;0
34.1383;0
39.57645;0
43.60575;0
45.5708;0
60.0745;0
64.7264;0
50.4233;0
40.83565;0
36.90505;0
34.22145;0
35.513;0
35.865;0
35.675;0
35.269;0
35.9173;0
44.5111;0
49.9853;0
36.1912;0
30.31445;0
27.23915;0
25.18445;0
25.6472;0
19.80575;0
19.31745;0
21.1423;0
23.85845;0
27.94975;0
32.2398;0
46.2845;0
50.9474;0
38.5793;0
29.25965;0
25.92605;0
23.95745;0
25.731;0
26.614;0
26.92;0
26.934;0
28.8473;0
39.4121;0
46.1843;0
33.4132;0
31.10345;0
26.98915;0
27.50945;0
31.7742;0
29.47475;0
29.34845;0
32.3033;0
35.65045;0
39.37875;0
42.4798;0
56.0725;0
61.1384;0
46.0003;0
39.48765;0
36.85505;0
34.16945;0
35.366;0
36.154;0
36.172;0
36.006;0
37.9243;0
47.3741;0
53.3633;0
41.3872;0
38.35645;0
33.65515;0
34.19745;0
31.9742;0
21.16975;0
17.93045;0
18.1923;0
27.24845;0
38.22975;0
42.9198;0
57.8345;0
61.9964;0
44.4463;0
36.58365;0
33.38905;0
31.59645;0
33.493;0
34.326;0
35.185;0
35.306;0
36.5273;0
46.2631;0
52.8303;0
40.7292;0
34.33245;0
31.73915;0
35.75645;0
40.8942;0
35.07975;0
34.38145;0
33.1863;0
38.20845;0
41.15975;0
42.3318;0
56.2005;0
60.5874;0
46.6613;0
37.63765;0
34.33005;0
32.06445;0
33.993;0
35.012;0
35.561;0
35.53;0
36.5163;0
46.0621;0
52.7953;0
40.5332;0
36.93445;0
32.85015;0
35.36745;0
41.0922;0
36.31275;0
34.08645;0
32.4253;0
37.38045;0
41.55975;0
43.4548;0
58.1095;0
62.8644;0
45.7033;0
38.65565;0
36.34005;0
34.31945;0
35.885;0
37.068;0
37.934;0
38.09;0
39.5633;0
50.1371;0
57.5843;0
46.3432;0
40.56845;0
35.72715;0
35.00245;0
38.3682;0
31.25875;0
31.44045;0
31.5193;0
38.15945;0
43.37375;0
45.9068;0
60.5855;0
65.3834;0
51.6403;0
42.72465;0
39.31505;0
36.93845;0
38.202;0
38.642;0
38.595;0
38.478;0
39.8963;0
49.9241;0
56.9923;0
45.3442;0
39.23745;0
36.82115;0
40.83445;0
45.5382;0
38.96375;0
37.84545;0
36.9953;0
42.35945;0
45.51975;0
47.0798;0
61.5225;0
66.1024;0
52.1283;0
42.91365;0
39.68405;0
37.47945;0
38.615;0
39.083;0
39.304;0
39.513;0
41.2993;0
51.2091;0
57.8303;0
44.6212;0
39.20145;0
37.60815;0
39.96145;0
43.2892;0
38.25775;0
35.84045;0
35.1363;0
37.43845;0
41.73175;0
46.2228;0
59.7275;0
64.9574;0
53.5033;0
44.71665;0
41.69605;0
39.74145;0
41.089;0
41.162;0
40.88;0
40.522;0
41.5313;0
50.3761;0
56.1883;0
42.6372;0
39.29245;0
34.60415;0
34.71345;0
39.2882;0
37.19475;0
34.47545;0
32.8163;0
33.54745;0
36.26175;0
38.9028;0
51.8875;0
55.5484;0
38.4373;0
29.44265;0
25.59005;0
23.06445;0
24.834;0
26.179;0
26.604;0
26.747;0
28.7583;0
38.5861;0
44.9563;0
33.7422;0
31.17445;0
25.97715;0
27.64645;0
30.5372;0
23.65475;0
18.26645;0
14.0253;0
19.29345;0
29.17675;0
34.1818;0
50.0325;0
54.4144;0
38.9413;0
32.42665;0
28.65005;0
26.88045;0
28.629;0
29.679;0
30.16;0
30.381;0
32.1403;0
42.2741;0
49.4383;0
37.9462;0
31.88145;0
26.97215;0
23.94445;0
26.4132;0
19.83075;0
14.84445;0
17.4923;0
26.65145;0
31.71675;0
33.9138;0
48.7845;0
53.7684;0
40.1073;0
30.92965;0
27.71505;0
25.56645;0
26.444;0
26.862;0
27.402;0
27.901;0
29.0193;0
37.2081;0
41.8093;0
28.5722;0
25.02445;0
20.82515;0
24.31545;0
28.0792;0
21.10775;0
18.86345;0
17.2693;0
22.74145;0
27.19375;0
29.2048;0
43.9835;0
49.3134;0
33.4363;0
25.16865;0
22.04005;0
19.21045;0
19.044;0
18.592;0
18.337;0
18.995;0
21.7453;0
32.2871;0
39.7613;0
28.4942;0
22.61045;0
20.41515;0
23.70845;0
27.1472;0
18.91575;0
15.99945;0
15.8093;0
22.79745;0
28.96175;0
32.5748;0
48.2415;0
53.4804;0
39.2433;0
29.88865;0
26.45505;0
24.10845;0
25.002;0
25.089;0
25.014;0
25.209;0
27.6033;0
38.1681;0
44.1713;0
31.4072;0
25.38345;0
23.33815;0
26.36345;0
29.9192;0
22.15075;0
20.50845;0
19.5163;0
26.30945;0
31.68375;0
34.7138;0
49.9905;0
55.0904;0
41.7373;0
32.80365;0
29.48305;0
26.83345;0
27.667;0
28.647;0
28.889;0
28.7;0
30.5903;0
40.9671;0
48.0043;0
35.4752;0
30.86145;0
27.26315;0
22.45845;0
24.4082;0
19.74375;0
19.04445;0
20.5543;0
24.03845;0
30.14175;0
35.1178;0
50.2115;0
56.7844;0
45.7863;0
37.09965;0
33.80405;0
31.06345;0
31.894;0
32.74;0
33.653;0
34.277;0
36.0343;0
45.9161;0
52.3283;0
38.9612;0
35.98945;0
30.37915;0
26.50045;0
31.6982;0
31.71575;0
29.98745;0
29.2343;0
30.65745;0
35.12175;0
39.2178;0
53.3305;0
59.1344;0
44.8563;0
38.02665;0
35.33905;0
32.70045;0
33.419;0
33.815;0
33.444;0
33.03;0
34.5203;0
44.1641;0
50.6183;0
38.3942;0
34.18745;0
29.03115;0
31.11345;0
33.8112;0
27.32775;0
24.35645;0
21.3523;0
25.44145;0
28.35075;0
29.7118;0
44.3425;0
48.6684;0
32.2843;0
24.16265;0
21.12805;0
18.83445;0
19.71;0
19.938;0
19.769;0
19.784;0
21.5103;0
31.3061;0
37.9233;0
26.1452;0
20.08945;0
17.60315;0
21.00345;0
24.8892;0
17.18575;0
15.58345;0
14.6533;0
19.91645;0
24.03375;0
25.8648;0
41.2605;0
47.5554;0
36.0463;0
28.29065;0
25.06605;0
22.57945;0
23.73;0
24.896;0
25.706;0
26.027;0
28.0863;0
38.5801;0
45.7543;0
34.2722;0
31.24645;0
24.01815;0
19.05145;0
16.8452;0
12.81275;0
9.75845;0
8.4183;0
10.95045;0
21.51175;0
28.2198;0
44.7345;0
50.1574;0
33.5523;0
25.57265;0
23.13005;0
21.19145;0
22.512;0
23.877;0
24.861;0
25.613;0
27.5793;0
36.8751;0
42.7213;0
30.3222;0
24.20145;0
21.47815;0
23.63245;0
25.4422;0
20.02775;0
20.53945;0
19.3533;0
24.59245;0
28.60575;0
30.2428;0
44.5415;0
49.2204;0
35.8683;0
27.14865;0
24.26405;0
22.06045;0
23.012;0
24.148;0
24.857;0
25.419;0
27.5743;0
37.6281;0
44.9783;0
34.1962;0
28.78545;0
23.88515;0
21.64645;0
20.5052;0
14.05375;0
15.68345;0
18.0163;0
24.15645;0
29.33275;0
32.2488;0
47.2205;0
52.1014;0
38.1033;0
28.25665;0
24.01705;0
20.66545;0
20.482;0
20.288;0
20.112;0
20.127;0
22.0943;0
32.5391;0
39.9553;0
28.0912;0
23.63545;0
21.38215;0
21.23945;0
23.7252;0
16.67075;0
10.40445;0
10.9293;0
16.44945;0
22.54875;0
28.0648;0
42.8785;0
48.3094;0
36.8913;0
29.01165;0
26.61705;0
24.22545;0
25.413;0
26.768;0
27.541;0
27.63;0
29.2853;0
40.3871;0
48.0943;0
35.9252;0
33.64845;0
27.04715;0
22.18045;0
26.1232;0
22.43475;0
19.28045;0
22.2173;0
27.01745;0
33.17675;0
39.5798;0
54.9275;0
59.9914;0
44.6423;0
37.13365;0
33.58005;0
30.42345;0
30.534;0
32.014;0
33.082;0
32.804;0
35.1433;0
45.1141;0
51.2433;0
39.2392;0
35.58045;0
31.84015;0
31.88545;0
27.0712;0
21.13475;0
17.35245;0
15.9243;0
25.89645;0
34.88875;0
39.0528;0
54.7545;0
59.9414;0
43.9093;0
36.60665;0
33.83105;0
31.99045;0
33.519;0
34.041;0
34.392;0
35.729;0
37.1983;0
46.8561;0
54.2823;0
42.7542;0
36.10845;0
30.32315;0
28.16745;0
23.9472;0
16.79375;0
14.72145;0
15.4103;0
21.99845;0
32.57375;0
39.5568;0
56.1095;0
61.5974;0
49.3573;0
41.66165;0
39.27005;0
37.58345;0
39.545;0
39.986;0
39.493;0
39.278;0
40.9363;0
51.1871;0
57.8743;0
45.5552;0
41.85945;0
36.33315;0
36.48145;0
36.3212;0
28.02975;0
27.55545;0
30.2863;0
38.61445;0
43.99875;0
46.8588;0
61.8775;0
66.0874;0
48.0283;0
40.16865;0
36.82005;0
34.49145;0
35.633;0
35.437;0
34.928;0
34.649;0
36.0713;0
45.9361;0
52.6603;0
40.4112;0
33.72445;0
29.20115;0
24.37345;0
21.4582;0
15.06675;0
12.54645;0
11.4393;0
15.36445;0
28.91275;0
35.9208;0
52.1145;0
57.1664;0
43.9533;0
35.30265;0
31.57405;0
28.70645;0
29.703;0
31.136;0
32.647;0
33.546;0
36.1193;0
46.6981;0
53.7233;0
41.8702;0
35.52745;0
31.40715;0
33.98145;0
37.3652;0
31.25475;0
30.12845;0
28.1963;0
32.97745;0
36.36775;0
38.3398;0
53.0435;0
56.9794;0
42.5313;0
34.07565;0
31.51105;0
29.41345;0
30.934;0
32.853;0
34.206;0
34.794;0
37.0423;0
47.3241;0
54.1083;0
41.8062;0
36.92145;0
32.93915;0
29.88445;0
34.5782;0
31.15775;0
28.66245;0
27.0403;0
29.23045;0
34.97775;0
40.5818;0
55.2375;0
60.4844;0
48.6543;0
39.85865;0
36.86005;0
34.97245;0
36.146;0
35.858;0
35.611;0
36.011;0
37.7913;0
47.7451;0
54.5993;0
41.5662;0
38.18945;0
31.57515;0
27.40745;0
28.9062;0
26.48575;0
26.10645;0
28.1713;0
31.60445;0
36.15175;0
41.0218;0
56.0365;0
61.4984;0
45.9183;0
38.44065;0
35.28905;0
32.85345;0
33.786;0
33.641;0
33.48;0
33.14;0
34.2893;0
43.7911;0
50.0163;0
37.4932;0
33.55445;0
28.75815;0
30.78945;0
33.2752;0
26.75675;0
25.01945;0
22.6703;0
27.73345;0
32.84375;0
35.6388;0
50.7695;0
55.3664;0
38.2693;0
30.63965;0
27.72105;0
25.68845;0
26.413;0
26.689;0
26.81;0
26.6;0
28.0473;0
37.8771;0
44.6893;0
32.6852;0
25.83945;0
23.09615;0
26.58445;0
30.4592;0
22.42475;0
18.16045;0
17.7153;0
24.92745;0
29.22775;0
31.6678;0
47.8185;0
54.6634;0
41.9643;0
32.65065;0
29.03305;0
26.67845;0
27.286;0
27.374;0
27.57;0
27.58;0
29.5443;0
40.1551;0
47.3263;0
35.2302;0
31.27045;0
25.25515;0
26.35445;0
30.3722;0
23.88375;0
21.29345;0
19.2783;0
24.42745;0
28.58475;0
30.8328;0
46.1105;0
50.9394;0
33.9363;0
25.87765;0
22.76405;0
20.29045;0
21.026;0
21.476;0
21.507;0
21.612;0
23.5253;0
33.5141;0
40.0523;0
27.8082;0
21.35045;0
18.50415;0
21.59945;0
25.8832;0
18.33775;0
15.20645;0
12.5203;0
15.42345;0
20.73275;0
24.4448;0
39.9115;0
44.8094;0
31.7473;0
22.36865;0
19.26405;0
17.27345;0
18.509;0
19.999;0
20.888;0
21.606;0
23.7933;0
34.1091;0
41.1423;0
29.2842;0
22.80645;0
19.27315;0
22.28345;0
27.0722;0
20.53275;0
20.19445;0
21.0993;0
28.96245;0
34.02875;0
35.8448;0
49.5755;0
53.6774;0
40.0443;0
31.42465;0
27.84605;0
25.07745;0
28.276;0
29.882;0
29.524;0
29.641;0
30.0713;0
40.2271;0
49.0263;0
36.3992;0
29.26345;0
22.09915;0
16.60645;0
15.7932;0
14.03175;0
18.06245;0
14.3933;0
13.22045;0
20.74375;0
29.7198;0
45.5515;0
51.4424;0
39.3983;0
30.40165;0
26.83205;0
23.62345;0
24.129;0
24.386;0
25.84;0
27.33;0
29.6853;0
40.7901;0
49.2783;0
37.7262;0
34.98345;0
30.98915;0
31.32645;0
36.1402;0
33.35075;0
28.11645;0
26.3433;0
30.83945;0
37.13375;0
41.9438;0
56.9995;0
62.6584;0
47.2053;0
39.72565;0
36.54605;0
34.27845;0
35.345;0
35.55;0
35.234;0
35.128;0
36.9303;0
47.1071;0
54.1723;0
42.0742;0
38.58645;0
31.31415;0
25.22445;0
21.7052;0
17.10575;0
14.19545;0
14.3193;0
20.34545;0
33.20875;0
38.7308;0
55.6335;0
62.2354;0
45.7303;0
37.70965;0
34.98605;0
32.78645;0
34.827;0
35.943;0
36.222;0
35.892;0
37.4153;0
47.3171;0
55.3803;0
44.8442;0
37.13045;0
32.52715;0
36.11045;0
38.7702;0
29.48375;0
26.87245;0
21.2483;0
24.87045;0
31.45675;0
39.2638;0
56.7095;0
62.5714;0
48.7983;0
39.77365;0
36.86905;0
34.18245;0
35.239;0
36.076;0
37.35;0
38.367;0
40.3133;0
51.6661;0
58.9023;0
45.9072;0
41.70045;0
35.67015;0
37.80245;0
37.3132;0
22.58675;0
17.40745;0
15.4493;0
21.27345;0
32.84875;0
39.3638;0
57.8755;0
65.3714;0
48.9123;0
40.32765;0
37.81505;0
37.60145;0
39.72;0
40.36;0
40.429;0
40.562;0
41.2963;0
50.0141;0
56.4503;0
44.6252;0
36.37845;0
26.39615;0
20.89645;0
19.7512;0
15.89075;0
14.14945;0
13.3923;0
17.32645;0
29.40375;0
38.4548;0
56.1305;0
60.9904;0
48.6493;0
41.41065;0
39.32005;0
37.43445;0
40.226;0
41.488;0
41.972;0
42.842;0
44.6023;0
54.7041;0
62.2093;0
52.5702;0
47.10545;0
34.63615;0
25.66445;0
22.7142;0
18.59475;0
16.32045;0
14.0463;0
14.15445;0
23.13375;0
36.7568;0
56.9955;0
64.1804;0
51.8753;0
43.81565;0
42.02405;0
40.74645;0
42.466;0
43.972;0
44.874;0
45.943;0
48.9833;0
59.2391;0
65.6203;0
53.3822;0
46.54645;0
32.42815;0
24.30445;0
21.6962;0
14.38575;0
11.47645;0
12.0633;0
15.32145;0
23.31975;0
35.8738;0
53.9475;0
61.6844;0
51.2653;0
43.10765;0
40.64505;0
39.15245;0
41.508;0
42.174;0
42.658;0
43.532;0
46.4733;0
57.0111;0
64.0123;0
51.3112;0
45.39245;0
31.42915;0
21.40045;0
17.0822;0
11.42075;0.047
8.11345;0.167
6.8593;0.006
11.76845;0
24.37675;0
35.0588;0
52.4055;0
57.9094;0
42.4933;0
34.98865;0
33.15105;0
32.23745;0
33.55;0
34.047;0
34.035;0
33.907;0
35.5223;0
45.3311;0
51.9973;0
40.1492;0
36.45445;0
31.54715;0
33.89445;0
37.4112;0
31.53175;0
29.65245;0
28.1853;0
33.68245;0
38.18175;0
41.0208;0
56.5445;0
61.4944;0
44.3003;0
36.92165;0
33.83905;0
31.66945;0
32.484;0
31.987;0
31.644;0
31.646;0
33.2313;0
42.7831;0
48.7243;0
36.0112;0
28.80945;0
24.08915;0
18.88245;0
16.5402;0
11.29775;0
9.13845;0
7.8443;0
8.89945;0
17.13275;0
27.3898;0
46.3425;0
52.2434;0
39.0243;0
29.79365;0
26.35905;0
24.20645;0
25.407;0
26.029;0
26.575;0
26.824;0
28.6413;0
41.6511;0
52.2143;0
40.7342;0
36.35245;0
29.93415;0
30.96645;0
35.2422;0
28.74175;0
21.44445;0
15.7683;0
23.76045;0
34.84775;0
39.4358;0
55.5315;0
59.9344;0
42.0503;0
34.25065;0
31.11905;0
28.74445;0
30.202;0
30.969;0
31.269;0
31.192;0
32.6353;0
42.3601;0
48.9193;0
37.0492;0
29.73745;0
24.62815;0
25.44045;0
29.2272;0
20.81575;0
18.51345;0
17.6103;0
23.70345;0
28.18475;0
30.9788;0
45.8025;0
50.0514;0
36.0023;0
26.64665;0
23.31605;0
20.90545;0
21.875;0
22.563;0
22.611;0
22.404;0
23.9813;0
33.7881;0
40.1433;0
27.6292;0
20.76645;0
17.37515;0
20.02545;0
23.2542;0
15.55475;0
13.78545;0
12.4093;0
16.41645;0
21.51075;0
24.2528;0
39.6585;0
44.7274;0
31.8053;0
22.63665;0
19.30105;0
16.50345;0
16.828;0
17.943;0
19.047;0
20.242;0
22.5833;0
33.2021;0
40.8283;0
28.4952;0
22.11445;0
15.52315;0
10.86245;0
11.2122;0
7.67275;0
6.64445;0
6.6423;0
8.57645;0
13.22975;0
22.7878;0
40.4875;0
47.2714;0
36.6413;0
28.31165;0
25.21605;0
22.00145;0
22.264;0
23.286;0
23.565;0
23.606;0
25.3653;0
35.5431;0
42.3173;0
28.9682;0
25.26545;0
19.64615;0
19.18645;0
22.5952;0
19.90675;0
16.71545;0
13.0803;0
14.60345;0
19.86275;0
26.0128;0
42.1035;0
48.3384;0
32.5443;0
26.01865;0
24.70905;0
23.28445;0
25.533;0
25.542;0
25.73;0
26.343;0
28.2373;0
38.8271;0
47.0733;0
35.8172;0
31.67545;0
24.71915;0
24.31445;0
24.2742;0
15.88775;0
12.42245;0
10.5163;0
14.03345;0
22.93575;0
31.0158;0
49.5775;0
56.6714;0
41.5813;0
33.60365;0
31.14805;0
27.83445;0
27.235;0
27.477;0
28.039;0
28.521;0
31.0333;0
41.5301;0
48.1293;0
35.5532;0
28.80545;0
25.92915;0
27.24845;0
29.9792;0
21.52875;0
16.99845;0
15.0693;0
18.89345;0
24.20375;0
30.7868;0
48.7605;0
55.5474;0
42.1603;0
32.58865;0
29.44005;0
27.83045;0
29.88;0
30.551;0
31.24;0
31.825;0
33.6723;0
44.0521;0
50.8033;0
38.7172;0
34.64745;0
29.15815;0
30.67445;0
33.9522;0
27.39875;0
24.95045;0
23.3743;0
22.45445;0
23.72475;0
31.4328;0
50.8395;0
56.8654;0
40.2853;0
33.59765;0
31.55505;0
30.64045;0
32.692;0
33.798;0
34.728;0
34.982;0
37.2543;0
47.9721;0
54.8063;0
42.7162;0
33.20145;0
23.69415;0
19.11845;0
15.1362;0
9.70075;0
7.98045;0
8.9783;0
13.67045;0
22.80975;0
28.3998;0
45.5055;0
51.4234;0
38.6093;0
29.53465;0
26.11205;0
23.91945;0
25.113;0
25.751;0
25.88;0
25.861;0
27.5793;0
37.5341;0
44.2743;0
32.4022;0
25.26445;0
20.71615;0
22.06645;0
22.4362;0
16.38675;0
15.41445;0
11.6713;0
13.29545;0
16.24675;0
22.9398;0
41.5675;0
47.7194;0
35.4803;0
28.43365;0
26.74805;0
24.70745;0
25.784;0
26.675;0
27.463;0
27.846;0
29.6233;0
39.2401;0
45.4963;0
31.6562;0
24.32645;0
19.06915;0
16.85745;0
16.7662;0
13.43975;0
13.73945;0
14.2913;0
17.18545;0
21.88875;0
27.1258;0
41.7005;0
47.1104;0
35.5713;0
26.94865;0
24.54605;0
22.89045;0
24.179;0
25.174;0
25.589;0
26.088;0
28.0513;0
38.2011;0
44.9513;0
31.1822;0
25.41745;0
15.04815;0
11.57445;0
11.3852;0
6.83275;0
4.58145;0
6.4713;0
8.94045;0
12.72475;0
20.9998;0
38.4615;0
44.3824;0
30.0013;0
22.33365;0
20.28605;0
18.90045;0
21.053;0
23.871;0
25.941;0
27.431;0
29.9543;0
40.3921;0
47.0743;0
34.6172;0
28.92345;0
17.37815;0
16.06145;0
21.1022;0
17.26275;0
17.43845;0
16.4883;0
23.35945;0
28.80175;0
31.9538;0
48.3325;0
53.8124;0
37.3773;0
30.32665;0
27.74305;0
25.88245;0
27.034;0
27.348;0
27.549;0
27.66;0
29.3453;0
39.9521;0
47.9663;0
36.1452;0
26.46145;0
18.86315;0
23.52245;0
27.9232;0
14.23175;0
9.59345;0
7.0803;0
7.34645;0
12.78175;0
24.2338;0
45.2235;0
53.0024;0
40.5053;0
32.78965;0
29.92005;0
27.83345;0
29.998;0
31.418;0
32.411;0
33.007;0
35.0563;0
45.5211;0
52.0623;0
39.7942;0
32.82445;0
19.38815;0
12.61045;0
12.8432;0
8.70975;0
6.25345;0
4.9453;0
5.48445;0
7.32875;0
16.1028;0
37.7925;0
45.7594;0
31.6723;0
24.86465;0
22.88605;0
21.00945;0
22.116;0
23.905;0
25.779;0
27.362;0
30.6723;0
41.8291;0
48.3633;0
36.3192;0
26.96945;0
16.12715;0
12.08145;0
11.3912;0
7.22375;0
5.32045;0
4.1943;0
5.25245;0
10.57575;0
20.3818;0
38.6615;0
45.3114;0
34.1373;0
26.67265;0
24.66805;0
22.56745;0
22.975;0
23.536;0
25.344;0
27.918;0
31.5533;0
42.5111;0
49.1523;0
36.7062;0
26.61645;0
14.42015;0
9.74645;0
11.8352;0
8.56075;0
6.51845;0
5.1443;0
5.35345;0
7.00275;0
14.0448;0
34.9025;0
42.8334;0
31.4323;0
23.25065;0
20.79805;0
18.67645;0
19.05;0
19.651;0
20.154;0
20.471;0
22.0703;0
31.8861;0
38.4993;0
25.6382;0
19.52345;0
15.47415;0
16.35145;0
19.7722;0
15.36175;0
13.17545;0
12.7563;0
14.47445;0
17.69175;0
23.0438;0
37.9855;0
43.4664;0
32.0233;0
22.99765;0
19.97505;0
17.71145;0
18.27;0
19.017;0
19.232;0
19.603;0
21.4703;0
31.3561;0
38.2983;0
25.2882;0
21.96845;0
16.58715;0
16.00245;0
18.8322;0
16.29675;0
13.84445;0
12.7813;0
14.32745;0
18.42375;0
24.5288;0
40.1365;0
45.6324;0
31.1833;0
23.43765;0
20.69805;0
18.35145;0
18.799;0
19.17;0
19.681;0
20.354;0
22.8673;0
34.3341;0
42.3953;0
30.1192;0
21.98245;0
8.91615;0
5.47245;0
9.2772;0
6.76475;0
5.15645;0
4.2533;0
4.93845;0
6.60175;0
12.7858;0
34.8985;0
43.2214;0
29.5163;0
21.87665;0
19.94005;0
18.34945;0
19.096;0
19.207;0
19.963;0
20.277;0
21.0043;0
31.8201;0
40.2293;0
28.7682;0
21.53145;0
18.15715;0
21.56745;0
25.8882;0
17.81675;0
15.32845;0
12.7883;0
13.90945;0
18.80475;0
23.9688;0
40.7935;0
46.5274;0
34.4763;0
26.41165;0
23.52005;0
21.19145;0
22.029;0
22.959;0
23.479;0
23.857;0
25.6923;0
35.6881;0
42.3673;0
29.9122;0
24.56045;0
17.04815;0
17.61745;0
18.8362;0
12.50575;0
9.37445;0
5.1773;0
5.36645;0
9.57775;0
18.8638;0
37.7015;0
43.9224;0
29.4603;0
22.51265;0
20.82305;0
18.72745;0
19.554;0
20.509;0
21.204;0
21.83;0
23.7763;0
33.8491;0
40.6463;0
28.3632;0
20.09545;0
14.47115;0
17.34545;0
21.3072;0
14.38175;0
12.15945;0
10.7883;0
13.59445;0
16.41175;0
21.6268;0
39.9785;0
46.8104;0
35.0793;0
27.71265;0
26.14705;0
25.38045;0
27.508;0
29.196;0
30.535;0
31.283;0
33.8133;0
44.1711;0
50.9873;0
38.1262;0
25.35545;0
11.93815;0
8.01445;0
10.9982;0
7.97275;0
6.04145;0
4.8203;0
5.24345;0
6.71475;0
12.6748;0
33.3405;0
42.2074;0
32.2563;0
24.76765;0
22.25705;0
20.49745;0
22.32;0
24.567;0
25.508;0
26.7;0
29.5183;0
39.9301;0
46.7983;0
32.8002;0
20.82945;0
11.28515;0
8.07245;0
9.0432;0
5.68275;0
3.38345;0
2.0783;0
2.60045;0
4.18375;0
11.9718;0
28.9665;0
35.8744;0
25.5433;0
17.13465;0
14.57905;0
12.28845;0
11.125;0
11.598;0
12.263;0
11.883;0
13.2603;0
23.2051;0
29.8213;0
17.4542;0
14.79945;0
8.96915;0
7.02345;0
10.0042;0
8.12275;0
5.82245;0
4.7813;0
7.25445;0
11.07275;0
18.3138;0
34.3865;0
40.5254;0
26.9933;0
18.73065;0
16.74605;0
14.94945;0
14.438;0
15.084;0
15.593;0
16.028;0
17.9173;0
28.1651;0
35.2393;0
22.9792;0
19.33845;0
12.75215;0
11.54845;0
13.1822;0
11.66275;0
9.15345;0
6.3583;0
7.36045;0
11.94575;0
19.2508;0
37.6775;0
45.1714;0
31.9693;0
25.46265;0
24.01305;0
22.05645;0
23.242;0
24.611;0
24.508;0
25.543;0
28.9323;0
39.7771;0
46.8333;0
33.6242;0
20.08545;0
7.37315;0
5.81745;0
9.7892;0
7.12575;0
4.87445;0.12
3.8253;0.025
4.34645;0
5.84875;0
11.7468;0
29.5895;0
38.3484;0
29.0543;0
21.34065;0
18.75705;0
16.33045;0
15.473;0
15.241;0
14.768;0
14.637;0
16.5353;0
26.8691;0
34.0333;0
21.8642;0
17.78545;0
12.00015;0
12.74245;0
15.3282;0
10.87275;0
8.51545;0
6.5183;0
7.18545;0
13.26375;0
18.8868;0
35.2235;0
40.2354;0
25.7223;0
17.33065;0
15.16205;0
12.61445;0
11.948;0
12.424;0
12.363;0
12.466;0
14.2923;0
24.1961;0
30.9123;0
18.7012;0
12.22945;0
8.71515;0
10.00945;0
13.0192;0
8.02775;0
6.38045;0
5.6243;0
6.98045;0
12.74375;0
18.3588;0
34.3335;0
39.8314;0
27.7053;0
18.69465;0
15.60905;0
12.93745;0
11.74;0
11.615;0
11.783;0
12.139;0
14.2703;0
24.7671;0
31.7313;0
19.3532;0
12.94245;0
9.61215;0
10.94245;0
14.0772;0
9.00575;0
7.38245;0
6.4853;0
7.72245;0
13.18475;0
18.5118;0
35.3165;0
41.0744;0
29.3963;0
20.77265;0
17.87505;0
15.73445;0
15.914;0
16.732;0
16.574;0
16.32;0
18.3453;0
28.8231;0
35.7103;0
22.1532;0
15.79545;0
11.83415;0
11.88745;0
15.8632;0
12.31075;0
9.99445;0
9.3443;0
10.93945;0
13.91675;0
19.8338;0
35.4925;0
40.9434;0
29.5273;0
20.84065;0
17.96205;0
15.52945;0
15.131;0
15.944;0
16.995;0
17.716;0
20.3043;0
31.7521;0
39.1343;0
25.4862;0
21.15345;0
15.91315;0
15.20745;0
17.4542;0
12.88275;0
9.57845;0
8.2903;0
9.46245;0
13.63175;0
21.0428;0
37.9005;0
44.4164;0
31.3363;0
24.12065;0
22.32205;0
22.43645;0
24.081;0
24.458;0
24.858;0
25.466;0
27.0663;0
36.8101;0
43.0083;0
29.6382;0
21.14945;0
10.93115;0
8.30245;0
10.8852;0
8.25575;0
6.56445;0
5.6783;0
7.49445;0
12.58775;0
21.1028;0
39.0285;0
44.8764;0
30.0843;0
22.32965;0
20.81305;0
19.94345;0
21.076;0
21.699;0
21.263;0
21.045;0
23.8013;0
34.8801;0
42.0723;0
29.0792;0
19.81045;0
15.54115;0
17.27345;0
21.1642;0
15.70175;0
14.06545;0
12.0253;0
13.67745;0
17.52075;0
20.7158;0
37.1185;0
42.4304;0
30.1423;0
21.19465;0
18.47305;0
16.54345;0
16.831;0
17.687;0
18.592;0
19.061;0
20.4313;0
30.5111;0
37.1853;0
24.1442;0
19.71545;0
13.70615;0
14.20145;0
16.1982;0
12.20675;0
11.98645;0
13.4453;0
17.64645;0
24.13875;0
28.8258;0
46.4815;0
51.9644;0
35.5483;0
28.09665;0
25.59405;0
23.77445;0
25.537;0
27.27;0
28.384;0
28.924;0
31.3893;0
41.7661;0
48.3133;0
34.0582;0
20.06845;0
8.93015;0
7.83145;0
10.9392;0
8.56875;0
7.32245;0
6.2413;0
6.65645;0
10.10875;0
21.1138;0
41.5595;0
49.5174;0
37.7313;0
29.84365;0
27.86505;0
25.14345;0
25.484;0
26.762;0
26.154;0
25.276;0
26.7683;0
36.0631;0
44.2153;0
31.8122;0
20.57845;0
11.40515;0
8.25645;0
10.4592;0
8.72975;0
7.84145;0
7.6863;0
10.18945;0
15.54075;0
22.0768;0
43.1995;0
51.9854;0
38.9223;0
29.91965;0
27.52805;0
26.47445;0
28.385;0
29.153;0
29.104;0
28.965;0
30.9533;0
41.1301;0
47.6693;0
32.5152;0
23.63345;0
17.23415;0
15.13545;0
17.7952;0
16.23075;0
14.59445;0
13.8313;0
15.69245;0
19.55575;0
25.6948;0
41.8105;0
48.2684;0
37.0483;0
28.10165;0
25.26805;0
23.39745;0
24.914;0
26.907;0
28.663;0
29.061;0
30.9033;0
42.3641;0
49.6323;0
33.4582;0
23.43645;0
16.02815;0
11.53245;0
12.4072;0
8.35575;0
8.78045;0
8.6183;0
10.58345;0
15.44875;0
23.6348;0
41.7895;0
49.5174;0
36.2513;0
29.68665;0
27.58505;0
25.91745;0
27.281;0
27.519;0
28.033;0
28.415;0
29.9253;0
39.7661;0
46.0983;0
32.1062;0
25.23545;0
14.60915;0
10.48445;0
12.3282;0
9.82775;0
8.75545;0
6.2423;0
6.03745;0
9.83075;0
20.6768;0
40.0165;0
46.9594;0
31.9483;0
23.91165;0
21.24805;0
18.84245;0
19.352;0
20.464;0
21.954;0
22.841;0
24.3863;0
33.9961;0
40.0503;0
26.2802;0
18.25045;0
14.91015;0
17.21345;0
16.3662;0
8.08875;0
6.36045;0
5.4993;0
7.14645;0
12.43975;0
18.8328;0
37.5225;0
44.9334;0
33.1943;0
24.48665;0
21.68305;0
19.32945;0
19.782;0
20.684;0
21.312;0
21.651;0
23.6863;0
34.2721;0
40.9063;0
26.9912;0
20.35945;0
12.56715;0
11.58345;0
13.8812;0
10.85875;0
7.37945;0
5.2013;0
5.58245;0
7.35975;0
14.8938;0
36.2535;0
44.7794;0
30.6333;0
22.88465;0
20.15205;0
17.07545;0
16.667;0
16.918;0
16.157;0
15.296;0
16.3743;0
25.9001;0
32.2853;0
19.4462;0
11.53245;0
7.48115;0
7.46245;0
7.4002;0
4.44375;0
2.47345;0
1.6443;0
2.46645;0
4.11075;0.071
9.8658;0.044
24.6645;0
30.0414;0
20.4093;0
12.14465;0
10.14505;0
7.86345;0
6.321;0
7.059;0
7.879;0
8.858;0
11.4593;0
22.0291;0
29.1003;0
16.9112;0
9.92245;0
6.37515;0
6.71645;0
8.5132;0
5.91975;0
4.04045;0
2.8473;0.049
3.47345;0.055
4.88575;0
10.5528;0
25.4815;0
31.2124;0
22.5543;0
14.36065;0
11.76405;0
8.87845;0
6.984;0
7.262;0
7.739;0
8.41;0
10.8803;0
21.5561;0
28.3293;0
16.0002;0
9.23945;0
3.81415;0
3.13245;0
6.6502;0
4.11075;0
2.46645;0.054
1.6443;0.47
2.46645;0.948
4.11075;0.355
9.8658;0.206
24.6645;0.008
29.5974;0
18.2813;0
10.78365;0
7.82605;0
4.82445;0
2.935;0
3.466;0
3.958;0
4.261;0
6.3223;0
17.0601;0
24.3613;0
12.9822;0
10.47745;0
2.68615;0
3.09845;0.124
6.8242;1.182
4.11075;3.114
2.46645;2.293
1.6443;4.785
2.46645;7.086
4.11075;4.552
9.8658;3.299
24.6645;2.753
29.5974;1.712
18.0873;0.734
9.04365;0.068
5.75505;0
3.28245;0
1.331;0
1.812;0
2.381;0
2.946;0
5.0193;0
15.2321;0
22.0183;0
10.2422;0
8.93945;0
4.77915;0
4.81445;0
8.1332;0
6.07575;0
4.52745;0
3.4063;0
4.09945;0
5.35875;0
11.3468;0
27.4235;0
34.0484;0
21.7663;0
13.61565;0
11.07105;0
8.28445;0
6.441;0
6.863;0
7.271;0
7.741;0
9.8263;0
20.0601;0
27.1573;0
15.0212;0
8.81145;0
5.15115;0
5.27845;0
8.3922;0
5.80675;0
3.76845;0
2.5713;0
3.39045;0
5.59975;0
11.9578;0
28.7945;0
35.6934;0
25.3793;0
16.97965;0
14.33205;0
11.35745;0
9.011;0
9.091;0
9.444;0
10.068;0
12.2393;0
22.7481;0
29.9373;0
17.4552;0
14.21745;0
8.40015;0
8.87845;0
9.7892;0
6.73275;0
5.71145;0
4.8733;0
5.44945;0
7.57575;0
14.5858;0
31.6935;0
37.3644;0
24.4863;0
15.64865;0
12.69805;0
9.52745;0
7.349;0
7.811;0
8.357;0
8.705;0
10.4193;0
20.7471;0
27.7273;0
15.3262;0
8.94545;0
4.50715;0
4.58645;0
8.5502;0
6.11975;0
4.57745;0
3.9253;0
4.39145;0
5.92375;0
11.6708;0
26.1145;0
32.2704;0
22.8263;0
15.24165;0
12.97005;0
10.36445;0
8.823;0
9.444;0
9.92;0
10.314;0
12.4703;0
23.0881;0
30.0333;0
17.2262;0
9.22745;0
3.79115;0
4.91645;0
8.9892;0
6.46775;0
4.52145;0
3.6263;0
4.39445;0
5.83675;0
11.4648;0
26.1885;0
32.4824;0
23.5293;0
16.03665;0
13.67205;0
11.28845;0
9.342;0
9.842;0
10.39;0
10.777;0
12.8753;0
23.2951;0
30.0313;0
17.5112;0
11.57745;0
8.15615;0
7.82345;0
10.0782;0
6.10875;0
4.48345;0
3.6573;0
4.47345;0
6.01075;0
11.7708;0
27.9375;0
34.9774;0
24.5583;0
16.78365;0
14.53005;0
12.22445;0
10.848;0
11.517;0
11.964;0
12.428;0
14.5893;0
24.7391;0
31.2283;0
18.4742;0
15.39045;0
9.49515;0
7.97945;0
11.2552;0
9.61175;0
7.83745;0
7.2963;0
9.12145;0
11.88575;0
18.4238;0
34.0255;0
39.9024;0
26.7003;0
18.94365;0
17.10305;0
14.39545;0
12.887;0
13.081;0
13.581;0
14.331;0
16.9353;0
27.2851;0
33.9243;0
21.5712;0
18.55345;0
13.59415;0
14.10745;0
16.8722;0
12.90275;0
11.03345;0
9.4463;0
10.13345;0
13.87475;0
17.3668;0
32.7855;0
39.2804;0
27.2753;0
19.72065;0
17.49105;0
14.67945;0
13.896;0
14.871;0
15.248;0
15.107;0
16.0543;0
25.0721;0
31.8253;0
19.4432;0
10.94245;0
4.89915;0
4.71545;0
8.8992;0
6.91275;0
6.62845;0
6.0733;0
5.73145;0
6.57675;0
12.0958;0
27.8895;0
35.3174;0
25.8193;0
18.54065;0
16.59505;0
14.14845;0
13.056;0
13.512;0
14.179;0
15.057;0
17.5143;0
27.9741;0
34.5473;0
21.7772;0
17.64345;0
10.63915;0
10.23545;0
10.7152;0
7.57175;0
5.99445;0
4.9413;0
5.96345;0
7.33575;0
13.2568;0
31.5795;0
39.6194;0
27.6143;0
19.92165;0
17.43605;0
15.03745;0
14.73;0
15.477;0
15.599;0
15.658;0
17.5513;0
28.2781;0
35.7673;0
22.5802;0
12.37145;0
5.58115;0
6.78345;0
10.3472;0
7.32375;0
5.65845;0
4.6833;0
5.00445;0
6.22675;0
11.7858;0
26.4405;0
34.2454;0
24.9243;0
17.83265;0
15.61005;0
13.15845;0
12.084;0
12.413;0
12.352;0
12.047;0
13.5513;0
23.4501;0
29.7913;0
16.8552;0
9.99245;0
5.30215;0
4.79945;0
7.9182;0
5.55675;0
4.00945;0
3.2073;0
3.82845;0
5.24975;0
11.0198;0
26.2865;0
33.5364;0
23.9913;0
16.34765;0
13.81105;0
11.19145;0
10.326;0
10.883;0
11.114;0
11.624;0
13.9893;0
24.4061;0
31.1173;0
17.7332;0
10.30445;0
5.33815;0
5.34745;0
8.0852;0
5.17175;0
3.01745;0.143
1.8303;0.358
2.48745;0.25
4.11375;0.001
9.8968;0
24.8175;0
29.9494;0
20.0333;0
12.72265;0
10.17805;0
7.96845;0
6.658;0
7.275;0
7.864;0
8.997;0
11.7853;0
22.7801;0
30.1663;0
17.1352;0
12.25645;0
3.32015;0
3.95945;1.248
7.3902;6.176
4.41675;6.57
2.59045;7.038
1.6593;6.296
2.46645;4.268
4.11075;1.668
9.8658;0.15
24.6645;0
29.6314;0
18.5003;0
11.13865;0
9.85005;0
7.20745;0
5.174;0
5.703;0
6.581;0
7.286;0
9.7923;0
20.5791;0
27.4833;0
14.3912;0
9.63545;0
2.46415;0
3.22845;0.345
6.7922;3.862
4.12175;8.559
2.46645;8.87
1.6443;6.98
2.46645;1.755
4.11075;0.7
9.8658;0.176
24.6645;0.003
29.5974;0
18.1933;0
9.77765;0
8.85205;0
7.07645;0
5.421;0
6.057;0
6.044;0
5.839;0
7.9773;0
18.9451;0
26.2083;0
13.6832;0
7.48545;0
3.91815;0
4.87945;0
9.1592;0
7.00775;0
5.51545;0
4.9763;0
5.56945;0
6.70575;0
12.2288;0
26.8505;0
32.9204;0
23.8903;0
16.61465;0
14.71005;0
12.51045;0
11.233;0
12.121;0
12.57;0
13.079;0
15.2893;0
25.4351;0
32.0513;0
18.6182;0
13.53345;0
4.82115;0
5.52545;0
9.6742;1.134
7.01275;1.622
5.00045;4.431
3.7483;3.997
4.07745;1.353
5.21375;0.139
10.6808;0.008
25.3945;0
30.4174;0
19.2103;0
12.93565;0
11.00505;0
8.58745;0
6.755;0
7.329;0
7.686;0
8.225;0
10.5753;0
21.2661;0
28.3093;0
14.9562;0
7.51645;0
3.49215;0
4.64745;0
8.3412;0
5.62875;0
3.71545;0
2.4233;0
2.80045;0
4.27675;0
10.0348;0
24.9285;0
30.0734;0
19.8733;0
13.37465;0
11.18505;0
9.23945;0
8.115;0
9.214;0
10.234;0
11.13;0
13.2623;0
23.4841;0
30.5813;0
17.9492;0
11.62345;0
8.85215;0
9.02645;0
11.3552;0
8.15275;0
6.68445;0
5.3293;0
5.48545;0
6.66575;0
12.3628;0
27.3775;0
34.7034;0
25.5263;0
18.09965;0
15.92305;0
13.68645;0
12.755;0
14.325;0
16.063;0
17.366;0
19.4793;0
30.2431;0
38.0053;0
23.3812;0
13.64045;0
6.37215;0
5.92145;0
9.7362;0.415
7.05675;0.994
5.06545;0.896
3.9493;0.868
4.55845;0.579
6.04375;0.086
11.6998;0.002
26.5295;0
32.8224;0
24.0733;0
16.75365;0
15.31805;0
13.00045;0
11.836;0
13.343;0
13.867;0
13.97;0
15.9913;0
25.9861;0
32.3563;0
18.9732;0
15.35545;0
9.82015;0
9.70745;0
12.7862;0
11.15675;0
9.26745;0
7.9223;0
7.62445;0
7.78075;0
14.3588;0
31.7415;0
39.0244;0
27.1213;0
19.95165;0
18.75805;0
17.01445;0
16.527;0
16.954;0
17.998;0
19.304;0
21.4463;0
31.9751;0
39.1253;0
23.9852;0
15.03345;0
5.38015;0
5.96345;0
10.6962;0
8.87475;0
7.32145;0
6.6403;0
6.54045;0
7.47075;0
13.0598;0
27.9035;0
36.1884;0
25.4473;0
18.32865;0
17.05905;0
15.16845;0
14.214;0
13.974;0
13.879;0
14.165;0
16.4853;0
26.7671;0
33.0773;0
19.9222;0
13.10145;0
9.48415;0
9.96345;0
12.7742;0
8.29475;0
6.64145;0
6.8093;0
7.90845;0
11.67275;0
18.6128;0
35.0695;0
43.0114;0
34.3533;0
25.88165;0
23.13705;0
20.95045;0
20.671;0
21.507;0
21.817;0
21.535;0
23.6273;0
33.2401;0
38.9733;0
24.1172;0
16.22145;0
6.59315;0
7.49445;0
11.4642;0
9.31475;0
8.26945;0
6.5063;0
6.49945;0
8.22975;0
15.2868;0
35.0285;0
42.4564;0
29.8423;0
22.96365;0
20.82705;0
18.64245;0
18.16;0
18.788;0
19.155;0
19.505;0
21.7493;0
32.3821;0
39.2323;0
26.1832;0
18.12845;0
13.18415;0
13.47945;0
14.9712;0
9.60675;0
7.57945;0
5.8293;0
6.17945;0
7.32175;0
12.9218;0
31.1105;0
38.2804;0
28.6483;0
21.08665;0
18.51205;0
16.02545;0
15.579;0
16.396;0
17.146;0
17.756;0
19.8363;0
29.8311;0
36.5053;0
23.7812;0
16.38745;0
12.32715;0
13.18445;0
15.9822;0
10.25575;0
7.85245;0
6.4673;0
6.64445;0
8.52975;0
14.2358;0
29.8705;0
35.6264;0
25.3533;0
17.28665;0
14.68505;0
12.40745;0
11.008;0
12.68;0
14.45;0
15.751;0
18.1743;0
28.5711;0
35.5043;0
21.3992;0
13.31245;0
6.08915;0
4.17645;0
6.5772;0
4.11075;0.171
2.46645;0.459
1.6443;0.605
2.46645;0.499
4.11075;0.219
9.8658;0.255
24.6645;0.795
29.5974;0.795
18.0873;0.153
10.04965;0
8.79105;0
6.22545;0
5.044;0
5.766;0
6.412;0
7.048;0
9.9543;0
21.0691;0
26.9173;0
11.4412;0
5.74645;0
0.82215;0.123
2.46645;4.302
6.5772;10.087
4.11075;13.916
2.46645;17.551
1.6443;17.953
2.46645;16.028
4.11075;12.539
9.8658;10.078
24.6645;7.94
29.5974;6.909
18.0873;5.38
9.04365;3.057
5.75505;0.603
2.89045;0
2.066;0
2.574;0
3.027;0
3.42;0
5.1483;0
15.2431;0
21.8243;0
8.4082;0
4.17945;0
0.82215;0.788
2.46645;5.536
6.5772;16.914
4.11075;25.939
2.46645;26.437
1.6443;26.573
2.46645;21.027
4.11075;16.466
9.8658;13.078
24.6645;10.558
29.5974;8.572
18.0873;6.545
9.04365;4.341
5.75505;2.568
2.46645;1.712
0;1.284
0;0.229
0.845;0
1.524;0
3.6163;0
13.8591;0
20.4963;0
7.7752;0
2.46645;0
0.82215;0
2.46645;0
6.5772;0
4.11075;3.139
2.46645;10.593
1.6443;5.044
2.46645;1.839
4.11075;0.354
9.8658;0
24.6645;0
29.5974;0
18.0873;0
9.04365;0
6.72705;0
3.93045;0
1.744;0
1.884;0
2.012;0
2.018;0
3.5713;0
13.5421;0
20.3423;0
8.0082;0
5.13445;0
1.23515;0
2.46645;0
6.5772;0
4.11075;0
2.46645;0
1.6443;0
2.46645;0
4.11075;0
9.8658;0
24.6645;0
29.5974;0
18.0873;0
9.44465;0
7.46605;0
4.63045;0
2.157;0
2.106;0
2.253;0
2.536;0
4.3363;0
14.3321;0
21.1233;0
8.9302;0
3.85845;0
1.88815;0
3.54045;0
7.3282;0
4.94975;0
3.51845;0
2.8793;0
3.63945;0
5.45275;0
12.6798;0
29.6065;0
35.2924;0
24.3223;0
15.81565;0
13.09805;0
10.56145;0
8.951;0
9.159;0
9.865;0
10.942;0
13.4193;0
23.8591;0
30.3923;0
15.1962;0
6.40945;0
2.39815;0
3.27345;0
6.9992;0
4.19775;0
2.46645;0
1.6443;0
2.46645;0
4.11075;0
9.8788;0
24.7415;0
31.8534;0
21.5753;0
14.20765;0
12.60405;0
10.82845;0
9.777;0
10.791;0
11.822;0
12.968;0
15.4933;0
25.7341;0
31.7763;0
17.0652;0
9.29845;0
5.15815;0
4.80345;0
7.6662;0
4.50875;0
2.49145;0
1.6443;0
2.46645;0
4.11075;0
10.1328;0
26.5465;0
32.6834;0
22.4693;0
14.33665;0
11.42805;0
8.44845;0
6.569;0
6.809;0
7.116;0
7.338;0
9.0053;0
18.9391;0
25.5013;0
12.5082;0
9.88845;0
4.59915;0
3.90545;0
6.8972;0
4.11075;0
2.46645;0
1.6443;0
2.46645;0
4.11075;0
9.8658;0
24.6645;0
30.4444;0
20.1553;0
12.52165;0
9.85005;0
7.32645;0
5.902;0
6.752;0
7.178;0
7.93;0
10.2493;0
20.5371;0
26.4543;0
10.8292;0
6.01345;0
0.82815;0
2.46645;0
6.5772;0
4.11075;0
2.46645;0
1.6443;0
2.46645;0
4.11075;0
9.8658;0
24.6645;0
30.2664;0
19.1623;0
11.71165;0
8.93705;0
6.02745;0
3.996;0
4.431;0
4.648;0
4.941;0
6.6033;0
16.3531;0
22.7213;0
9.6022;0
3.46545;0
1.25015;0
2.46645;0
6.5772;0
4.11075;0
2.46645;0
1.6443;0
2.46645;0
4.11075;0
9.8658;0
24.6645;0
29.5974;0
19.7603;0
11.70965;0
8.84605;0
5.91545;0
3.913;0
4.33;0
4.732;0
5.173;0
7.1043;0
17.2801;0
23.6753;0
9.7052;0
6.95645;0
1.78215;0
2.46645;0
6.5772;0
4.11075;0
2.46645;0
1.6443;0.513
2.46645;0.366
4.11075;0.014
9.8658;0
24.6645;0
29.5974;0
18.0873;0
9.56865;0
8.40905;0
5.82145;0
3.757;0
4.168;0
4.727;0
5.69;0
8.1213;0
17.7051;0
23.2893;0
9.4802;0
2.80745;0
0.82215;0
2.46645;0.03
6.5772;1.099
4.11075;6.687
2.46645;8.751
1.6443;8.511
2.46645;4.907
4.11075;3.935
9.8658;4.066
24.6645;4.258
29.5974;3.239
18.0873;1.593
9.04365;0.051
5.75505;0
2.91345;0
1.774;0
2.193;0
2.476;0
2.696;0
4.5623;0
14.6471;0
21.2403;0
8.7202;0
3.30845;0
1.03015;0
2.46645;0
6.5772;0
4.11075;0
2.46645;0
1.6443;0
2.46645;0
4.11075;0
9.8658;0
24.6645;0
29.5974;0
18.0873;0
9.30065;0
8.19105;0
5.67945;0
3.539;0
4.02;0
4.438;0
4.88;0
7.1463;0
17.6041;0
24.0513;0
11.4752;0
6.00345;0
3.02015;0
3.34045;0
6.5972;0
4.11075;0
2.46645;0
1.6443;0
2.46645;0.254
4.11075;1.82
9.8658;2.927
24.6645;2.844
29.5974;2.446
18.0873;1.59
9.04365;0.493
5.75505;0
3.40845;0
1.717;0
2.002;0
2.37;0
2.643;0
4.4063;0
14.4681;0
20.9493;0
8.2372;0
4.18145;0
0.82215;0.571
2.46645;3.152
6.5772;6.424
4.11075;10.048
2.46645;15.789
1.6443;19.714
2.46645;20.155
4.11075;22.918
9.8658;22.963
24.6645;15.156
29.5974;11.252
18.0873;11.259
9.04365;9.482
5.75505;6.239
2.46645;4.473
0;3.749
0;1.331
0;0
0.558;0
2.6103;0
12.6331;0
18.8963;0
6.5772;0.01
2.62345;1.659
0.82215;9.905
2.46645;16.641
6.5772;26.22
4.11075;33.428
2.46645;35.649
1.6443;37.432
2.46645;31.303
4.11075;27.039
9.8658;25.728
24.6645;22.369
29.5974;16.626
18.0873;11.476
9.04365;8.298
5.75505;6.37
2.46645;5.075
0;2.935
0;0.552
0;0
0;0
1.6443;0
11.5331;0
18.3943;0
6.5772;0
2.46645;0
0.82215;0
2.46645;0
6.5772;0
4.11075;0.434
2.46645;2.475
1.6443;2.775
2.46645;1.677
4.11075;0.6
9.8658;0.703
24.6645;1.562
29.5974;0.617
18.0873;0
9.04365;0
5.75505;0
2.46645;0
0.064;0
0.857;0
1.226;0
1.453;0
3.3113;0
13.3951;0
19.5783;0
6.5942;0
2.76045;0.314
0.82215;5.158
2.46645;11.175
6.5772;16.231
4.11075;27.386
2.46645;31.809
1.6443;28.366
2.46645;24.318
4.11075;15.736
9.8658;11.964
24.6645;4.997
29.5974;0.009
18.0873;0
9.04365;0
5.75505;0
2.46645;0
0;0
0;0
0.493;0
1.196;0
3.0903;0
13.0311;0
19.3693;0
6.6482;0
2.46645;0
0.82215;0
2.46645;0.962
6.5772;2.069
4.11075;0.453
2.46645;0
1.6443;0.26
2.46645;0.537
4.11075;0.347
9.8658;0.198
24.6645;0.103
29.5974;0.008
18.0873;0
9.04365;0
5.75505;0
2.50445;0
0.891;0
1.277;0
1.506;0
1.683;0
3.3953;0
13.2971;0
19.7573;0
6.9142;0
2.46645;0
0.82215;0
2.46645;0
6.5772;0
4.11075;0
2.46645;0.075
1.6443;0.321
2.46645;0.974
4.11075;0.244
9.8658;0
24.6645;0
29.5974;0
18.0873;0
9.04365;0
7.07505;0
4.27145;0
2.049;0
2.254;0
2.381;0
2.519;0
4.2773;0
14.2141;0
20.7543;0
8.9032;0
3.75945;0
1.59715;0
2.69345;0
6.5772;0
4.11075;0
2.46645;0
1.6443;0
2.46645;0.541
4.11075;0.364
9.8658;0.094
24.6645;0
29.5974;0
18.0873;0
9.51365;0
7.78605;0
5.08645;0
3.031;0
3.398;0
3.838;0
4.247;0
5.9813;0
15.8421;0
22.0523;0
9.3762;0
5.31945;0
0.82215;0.008
2.46645;1.459
6.5772;5.283
4.11075;2.346
2.46645;2.397
1.6443;3.487
2.46645;2.43
4.11075;1.226
9.8658;1.11
24.6645;0.739
29.5974;0.243
18.0873;0.008
9.04365;0
6.35505;0
5.03745;0
3.487;0
4.191;0
4.71;0
5.31;0
7.4853;0
17.7161;0
23.8723;0
9.7532;0
4.46145;0
0.83815;0.191
2.46645;3.291
6.5772;4.975
4.11075;4.484
2.46645;6.364
1.6443;5.964
2.46645;2.641
4.11075;1.3
9.8658;1.381
24.6645;1.264
29.5974;0.293
18.0873;0.021
9.04365;0
6.10705;0
4.91445;0
3.035;0
3.408;0
4.051;0
4.676;0
6.8423;0
17.4171;0
23.5703;0
9.1122;0
2.59445;0
0.82215;0.931
2.46645;3.463
6.5772;3.278
4.11075;8.201
2.46645;9.886
1.6443;9.567
2.46645;4.398
4.11075;3.333
9.8658;3.176
24.6645;2.349
29.5974;0.831
18.0873;0.068
9.04365;0
5.75505;0
3.03345;0
2.104;0
2.49;0
2.941;0
3.46;0
5.6573;0
15.8991;0
21.7863;0
7.9442;0
4.05745;0
0.82215;0
2.46645;0
6.5772;0.114
4.11075;0.498
2.46645;5.106
1.6443;10.903
2.46645;6.769
4.11075;5.058
9.8658;4.887
24.6645;2.755
29.5974;0.119
18.0873;0
9.04365;0
5.75505;0
2.46645;0
0.091;0
1.051;0
1.734;0
2.327;0
4.0513;0
13.8401;0
20.0863;0
7.1422;0
2.46645;0
0.82215;0
2.46645;0
6.5772;0
4.11075;0
2.46645;0
1.6443;0.007
2.46645;0.07
4.11075;0.038
9.8658;0.088
24.6645;0
29.5974;0
18.0873;0
9.04365;0
6.95805;0
5.15645;0
3.45;0
3.676;0
3.621;0
3.844;0
6.1423;0
16.6751;0
22.6023;0
8.4632;0
2.49145;0
0.82215;0
2.46645;0
6.5772;0
4.11075;0
2.46645;0.128
1.6443;1.356
2.46645;1.043
4.11075;0.567
9.8658;0.45
24.6645;0.152
29.5974;0.124
18.0873;0.017
9.04365;0
5.75505;0
3.52445;0
2.302;0
2.901;0
3.351;0
3.921;0
6.1823;0
16.4371;0
22.4273;0
9.1792;0
2.87345;0
0.82215;0
2.46645;0.812
6.5772;2.977
4.11075;4.911
2.46645;7.465
1.6443;8.611
2.46645;8.057
4.11075;6.643
9.8658;6.357
24.6645;5.986
29.5974;3.039
18.0873;0.734
9.04365;0
5.75505;0
2.46645;0
0.635;0
1.786;0
2.272;0
2.747;0
4.7233;0
14.7511;0
20.6963;0
7.5532;0
3.01045;0.068
0.82215;1.219
2.46645;6.163
6.5772;11.053
4.11075;12.87
2.46645;16.751
1.6443;16.386
2.46645;14.389
4.11075;12.518
9.8658;11.628
24.6645;11.595
29.5974;8.071
18.0873;2.63
9.04365;0.085
5.75505;0
2.46645;0
0;0
0.842;0
1.723;0
2.107;0
4.0063;0
14.1161;0
20.2303;0
6.7832;0
2.71145;0.322
0.82215;4.41
2.46645;9.659
6.5772;12.129
4.11075;16.463
2.46645;15.174
1.6443;14.374
2.46645;8.379
4.11075;4.3
9.8658;5.539
24.6645;6.685
29.5974;3.594
18.0873;0.458
9.04365;0
5.75505;0
2.46645;0
0;0
0.564;0
1.171;0
1.261;0
2.9343;0
12.7481;0
18.9253;0
6.5772;0
2.46645;1.043
0.82215;4.192
2.46645;8.615
6.5772;14.05
4.11075;29.392
2.46645;33.566
1.6443;35.113
2.46645;28.992
4.11075;25.304
9.8658;27.162
24.6645;23.995
29.5974;18.673
18.0873;13.096
9.04365;7.527
5.75505;3.708
2.46645;0.757
0;0
0;0
0;0
0;0
1.6443;0
11.5101;0
18.0873;0
6.5772;0
2.46645;0
0.82215;0.431
2.46645;2.149
6.5772;2.823
4.11075;5.281
2.46645;7.335
1.6443;9.024
2.46645;5.973
4.11075;4.707
9.8658;4.184
24.6645;1.399
29.5974;0.415
18.0873;0.324
9.04365;0
5.75505;0
2.46645;0
0;0
0;0
0.46;0
0.915;0
2.7433;0
12.6361;0
19.0403;0
6.5882;0
2.46645;0
0.82215;0
2.46645;0.132
6.5772;0.156
4.11075;0
2.46645;0
1.6443;0
2.46645;0
4.11075;0
9.8658;0
24.6645;0
29.5974;0
18.0873;0
9.04365;0
5.92805;0
3.38045;0
1.149;0
1.268;0
1.377;0
1.48;0
3.2713;0
13.3221;0
19.6123;0
6.6742;0
2.46645;0
0.82215;0.016
2.46645;0.348
6.5772;0.513
4.11075;2.669
2.46645;5.538
1.6443;4.634
2.46645;2.181
4.11075;1.619
9.8658;2.112
24.6645;1.185
29.5974;0.159
18.0873;0.043
9.04365;0
5.75505;0
2.46645;0
0.142;0
1.173;0
1.657;0
2.064;0
3.9873;0
13.9261;0
20.0113;0
7.0882;0
2.46645;0.037
0.82215;1.863
2.46645;5.187
6.5772;8.091
4.11075;9.573
2.46645;10.131
1.6443;9.711
2.46645;11.091
4.11075;7.188
9.8658;7.304
24.6645;7.05
29.5974;2.474
18.0873;0.11
9.04365;0
5.75505;0
2.46645;0
0;0
0;0
0.215;0
0.8;0
2.6393;0
12.6481;0
19.2533;0
7.3772;0
3.17645;0
0.82215;0
2.46645;0.145
6.5772;1.781
4.11075;2.374
2.46645;3.045
1.6443;4.018
2.46645;1.624
4.11075;0.105
9.8658;0
24.6645;0
29.5974;0
18.0873;0
9.04365;0
5.94205;0
3.41045;0
1.161;0
1.316;0
1.417;0
1.426;0
3.0503;0
12.8881;0
19.0943;0
6.5772;0
2.88345;0
0.82215;0
2.46645;0
6.5772;0
4.11075;0
2.46645;0
1.6443;1.092
2.46645;1.099
4.11075;0.049
9.8658;0.421
24.6645;0.291
29.5974;0.006
18.0873;0
9.04365;0
5.75505;0
2.71145;0
1.4;0
1.861;0
2.219;0
2.522;0
4.2853;0
14.1161;0
20.3143;0
7.4212;0
2.46645;0
0.82215;0
2.46645;0
6.5772;0
4.11075;0.768
2.46645;0.586
1.6443;1.596
2.46645;1.579
4.11075;0.31
9.8658;0
24.6645;0
29.5974;0
18.0873;0
9.04365;0
6.50805;0
4.22945;0
2.083;0
2.315;0
2.501;0
2.578;0
4.2743;0
14.2091;0
20.7133;0
8.1892;0
4.98045;0
1.01915;0
2.46645;0
6.5772;0
4.11075;0
2.46645;0
1.6443;0
2.46645;0
4.11075;0
9.8658;0
24.6645;0
29.5974;0
18.0873;0
9.04365;0
5.97905;0
3.78045;0
1.755;0
2.185;0
2.499;0
2.721;0
4.4743;0
14.3911;0
20.7173;0
7.8112;0
2.57045;0
0.82215;0
2.46645;0
6.5772;0
4.11075;0
2.46645;0
1.6443;0
2.46645;0
4.11075;0
9.8658;0
24.6645;0
29.5974;0
18.0873;0
9.71765;0
7.35405;0
4.32745;0
2.119;0
2.404;0
2.603;0
2.669;0
4.3353;0
14.2661;0
20.7463;0
8.2252;0
2.87645;0
0.82215;0
2.46645;0
6.5772;0
4.11075;0
2.46645;0
1.6443;0
2.46645;0
4.11075;0
9.8658;0
24.6645;0
29.5974;0
18.0873;0
9.55065;0
7.47005;0
4.50945;0
2.269;0
2.44;0
2.58;0
2.693;0
4.4383;0
14.3651;0
20.7583;0
8.5912;0
3.37545;0
0.85415;0
2.46645;0
6.5772;0
4.11075;0
2.46645;0
1.6443;0
2.46645;0
4.11075;0
9.8658;0
24.6645;0
29.5974;0
18.0873;0
9.22065;0
7.36305;0
4.51945;0
2.292;0
2.463;0
2.613;0
2.746;0
4.4583;0
14.3641;0
20.7923;0
8.9672;0
6.96245;0
2.30815;0
2.48645;0
6.5772;0
4.11075;0
2.46645;0
1.6443;0
2.46645;0
4.11075;0
9.8658;0
24.6645;0
29.6944;0
18.2073;0
10.62965;0
7.90205;0
4.91045;0
2.667;0
2.825;0
2.968;0
3.109;0
4.8573;0
14.7801;0
21.0643;0
7.8722;0
4.39145;0
0.82215;0
2.46645;0
6.5772;0
4.11075;0
2.46645;0
1.6443;0.066
2.46645;0.146
4.11075;0.072
9.8658;0.063
24.6645;0
29.5974;0
18.0873;0
9.04365;0
6.10505;0
4.26345;0
2.296;0
2.6;0
2.892;0
3.105;0
4.8813;0
14.9491;0
21.3593;0
8.5842;0
2.64345;0
0.82215;0
2.46645;0
6.5772;0
4.11075;0
2.46645;0
1.6443;0
2.46645;0
4.11075;0
9.8658;0
24.6645;0
29.5974;0
18.0873;0
9.04365;0
6.20405;0
4.26245;0
2.173;0
2.288;0
2.436;0
2.584;0
4.3643;0
14.3401;0
20.6243;0
7.5232;0
4.00945;0
0.82215;0.133
2.46645;4.484
6.5772;6.294
4.11075;7.224
2.46645;6.677
1.6443;9.097
2.46645;8.806
4.11075;8.203
9.8658;6.612
24.6645;6.584
29.5974;5.05
18.0873;2.031
9.04365;0.122
5.75505;0
2.46645;0
0;0
0.928;0
1.7;0
2.099;0
4.1613;0
14.2561;0
20.1363;0
6.7072;0
2.46645;0.334
0.82215;4.059
2.46645;8.582
6.5772;14.032
4.11075;20.298
2.46645;21.109
1.6443;22.069
2.46645;17.208
4.11075;15.432
9.8658;17.334
24.6645;15.288
29.5974;10.473
18.0873;6.199
9.04365;3.086
5.75505;0.9
2.46645;0
0;0
0;0
0;0
0.264;0
2.5643;0
12.4861;0
18.6363;0
6.5772;0
2.46645;0
0.82215;0.646
2.46645;2.411
6.5772;3.648
4.11075;11.425
2.46645;17.473
1.6443;17.54
2.46645;11.869
4.11075;11.585
9.8658;14.537
24.6645;11.083
29.5974;7.046
18.0873;5.629
9.04365;3.606
5.75505;1.284
2.46645;0
0;0
0;0
0;0
0;0
1.6443;0
11.5101;0
18.0873;0
6.5772;0.122
2.46645;1.345
0.82215;2.196
2.46645;3.378
6.5772;5.051
4.11075;7.134
2.46645;5.403
1.6443;4.347
2.46645;2.934
4.11075;1.407
9.8658;1.536
24.6645;2.481
29.5974;3.457
18.0873;2.056
9.04365;0.041
5.75505;0
2.46645;0
0;0
0;0
0;0
0.267;0
2.1713;0
12.1511;0
18.5443;0
6.5892;0
2.66645;0
0.82215;0
2.46645;0.701
6.5772;3.226
4.11075;6.66
2.46645;9.211
1.6443;11.099
2.46645;6.775
4.11075;6.014
9.8658;11.674
24.6645;14.533
29.5974;10.44
18.0873;5.421
9.04365;1.151
5.75505;0.002
2.46645;0
0;0
0;0
0.159;0
1.221;0
3.0823;0
12.9571;0
19.0253;0
6.5772;0
2.46645;0.233
0.82215;3.549
2.46645;7.377
6.5772;9.564
4.11075;13.767
2.46645;12.71
1.6443;9.611
2.46645;3.106
4.11075;0.668
9.8658;0.459
24.6645;0.081
29.5974;0
18.0873;0
9.04365;0
5.75505;0
2.46645;0
0;0
0;0
0;0
0;0
1.9793;0
12.1631;0
18.6143;0
6.5772;0
2.46645;0
0.82215;0.296
2.46645;0.07
6.5772;0
4.11075;0
2.46645;0
1.6443;0
2.46645;0
4.11075;0.541
9.8658;2.569
24.6645;5.559
29.5974;3.552
18.0873;1.424
9.04365;0.044
5.75505;0
2.46645;0
0;0
0;0
0.153;0
0.546;0
2.3413;0
12.3781;0
18.8103;0
6.5772;0
2.68745;0
0.82215;0.156
2.46645;2.152
6.5772;5.697
4.11075;7.517
2.46645;8.779
1.6443;12.256
2.46645;6.539
4.11075;3.766
9.8658;4.377
24.6645;4.016
29.5974;2.804
18.0873;1.204
9.04365;0.059
5.75505;0
2.46645;0
0;0
0;0
0.584;0
1.239;0
3.0653;0
13.1291;0
19.3433;0
6.5772;0
2.46645;0.377
0.82215;4.071
2.46645;7.068
6.5772;11.899
4.11075;19.566
2.46645;20.299
1.6443;20.705
2.46645;17.002
4.11075;15.006
9.8658;16.31
24.6645;14.318
29.5974;9.07
18.0873;5.656
9.04365;3.198
5.75505;1.656
2.46645;0.856
0;0.856
0;1.1
0;1.101
0;0.673
1.6443;0.489
11.5101;0.163
18.0873;0.02
6.5772;0.122
2.46645;0.122
0.82215;0.281
2.46645;0.711
6.5772;1.501
4.11075;4.134
2.46645;14.332
1.6443;24.497
2.46645;22.299
4.11075;20.111
9.8658;24.808
24.6645;25.031
29.5974;20.495
18.0873;15.862
9.04365;7.979
5.75505;3.399
2.46645;1.116
0;0
0;0
0;0
0;0
1.6443;0
11.5101;0
18.0873;0
6.5772;0.021
2.46645;8.073
0.82215;21.181
2.46645;32.236
6.5772;41.583
4.11075;43.299
2.46645;45.798
1.6443;49.054
2.46645;46.777
4.11075;43.114
9.8658;40.666
24.6645;37.851
29.5974;32.167
18.0873;22.874
9.04365;14.424
5.75505;10.546
2.46645;8.658
0;7.464
0;7.349
0;5.738
0;4.519
1.6443;4.907
11.5101;5.265
18.0873;4.929
6.5772;5.492
2.46645;8.315
0.82215;18.013
2.46645;32.568
6.5772;43.933
4.11075;49.593
2.46645;51.524
1.6443;51.689
2.46645;52.774
4.11075;43.021
9.8658;31.748
24.6645;23.681
29.5974;14.498
18.0873;7.751
9.04365;6.945
5.75505;4.92
2.46645;2.343
0;0.609
0;0.054
0;0
0;0
1.6443;0
11.5101;0
18.0873;0
6.5772;0
2.46645;0.594
0.82215;4.929
2.46645;9.262
6.5772;16.299
4.11075;21.57
2.46645;23.322
1.6443;26.29
2.46645;22.704
4.11075;21.032
9.8658;22.396
24.6645;18.52
29.5974;12.836
18.0873;8.987
9.04365;3.243
5.75505;0.63
2.46645;0.108
0;0
0;0
0;0
0;0
1.6443;0
11.5101;0
18.0873;0
6.5772;0
2.46645;0.218
0.82215;6.444
2.46645;10.234
6.5772;22.807
4.11075;30.678
2.46645;32.608
1.6443;34.46
2.46645;29.281
4.11075;25.909
9.8658;28.939
24.6645;26.8
29.5974;21.712
18.0873;15.739
9.04365;9.398
5.75505;6.014
2.46645;3.527
0;1.357
0;0.099
0;0
0;0
1.6443;0
11.5101;0
18.0873;0.483
6.5772;2.666
2.46645;8.388
0.82215;20.336
2.46645;22.024
6.5772;20.178
4.11075;32.995
2.46645;39.006
1.6443;37.187
2.46645;31.618
4.11075;33.042
9.8658;36.442
24.6645;27.865
29.5974;16.197
18.0873;8.631
9.04365;3.532
5.75505;1.089
2.46645;0.197
0;0
0;0
0;0
0;0
1.6443;0
11.5101;0
18.0873;0
6.5772;0
2.46645;0
0.82215;0
2.46645;0
6.5772;0
4.11075;0.021
2.46645;0.961
1.6443;5.874
2.46645;4.039
4.11075;0.106
9.8658;0.417
24.6645;0.852
29.5974;0.417
18.0873;0.358
9.04365;0.089
5.75505;0.029
2.46645;0
0;0
0;0
0;0
0;0
1.6443;0
11.5101;0
18.0873;0
6.5772;0
2.46645;0
0.82215;0.326
2.46645;5.302
6.5772;10.022
4.11075;26.672
2.46645;37.24
1.6443;45.241
2.46645;43.846
4.11075;41.799
9.8658;36.919
24.6645;22.604
29.5974;14.847
18.0873;13.384
9.04365;6.021
5.75505;0.876
2.46645;0.012
0;0
0;0
0;0
0;0
1.6443;0
11.5101;0
18.0873;0
6.5772;0
2.46645;0.138
0.82215;7.137
2.46645;16.218
6.5772;23.782
4.11075;31.619
2.46645;37.926
1.6443;41.62
2.46645;41.135
4.11075;39.118
9.8658;42.762
24.6645;44.549
29.5974;40.652
18.0873;30.823
9.04365;19.468
5.75505;11.253
2.46645;5.765
0;2.682
0;1.077
0;0.036
0;0
1.6443;0
11.5101;0
18.0873;0
6.5772;0.825
2.46645;11.951
0.82215;26.212
2.46645;38.023
6.5772;46.638
4.11075;49.383
2.46645;50.875
1.6443;51.058
2.46645;50.564
4.11075;47.854
9.8658;47.797
24.6645;48.483
29.5974;43.357
18.0873;29.949
9.04365;16.596
5.75505;10.302
2.46645;7.287
0;4.368
0;4.374
0;3.492
0;2.63
1.6443;1.938
11.5101;0.956
18.0873;0.795
6.5772;2.846
2.46645;14.363
0.82215;29.784
2.46645;41.479
6.5772;50.458
4.11075;59.767
2.46645;64.045
1.6443;69.321
2.46645;67.135
4.11075;62.564
9.8658;61.715
24.6645;59.074
29.5974;53.333
18.0873;43.667
9.04365;33.438
5.75505;27.47
2.46645;23.232
0;16.347
0;13.763
0;12.254
0;12.136
1.6443;12.478
11.5101;10.693
18.0873;10.264
6.5772;17.299
2.46645;30.638
0.82215;41.759
2.46645;46.003
6.5772;49.224
4.11075;55.059
2.46645;58.715
1.6443;59.825
2.46645;48.447
4.11075;44.475
9.8658;48.34
24.6645;43.193
29.5974;29.036
18.0873;19.524
9.04365;11.354
5.75505;6.535
2.46645;3.49
0;0.91
0;0.428
0;0.428
0;0.55
1.6443;0.245
11.5101;0.012
18.0873;0
6.5772;0
2.46645;2.308
0.82215;19.766
2.46645;35.959
6.5772;46.044
4.11075;55.246
2.46645;56.673
1.6443;59.235
2.46645;58.313
4.11075;62.259
9.8658;64.701
24.6645;54.666
29.5974;41.133
18.0873;29.187
9.04365;22.942
5.75505;19.636
2.46645;16.65
0;10.673
0;7.803
0;6.23
0;4.912
1.6443;4.334
11.5101;3.809
18.0873;4.187
6.5772;8.711
2.46645;16.732
0.82215;23.33
2.46645;22.645
6.5772;25.464
4.11075;30.41
2.46645;30.087
1.6443;33.364
2.46645;30.384
4.11075;23.861
9.8658;20.248
24.6645;18.248
29.5974;15.636
18.0873;15.17
9.04365;11.844
5.75505;9.646
2.46645;7.511
0;4.819
0;5.004
0;4.807
0;2.386
1.6443;0.229
11.5101;0
18.0873;0
6.5772;0.019
2.46645;3.772
0.82215;9.863
2.46645;12.156
6.5772;14.594
4.11075;21.711
2.46645;20.772
1.6443;17.106
2.46645;15.778
4.11075;18.26
9.8658;22.347
24.6645;21.221
29.5974;14.381
18.0873;9.912
9.04365;5.004
5.75505;1.961
2.46645;0.534
0;0
0;0
0;0
0;0
1.6443;0
11.5101;0
18.0873;0
6.5772;0
2.46645;0.975
0.82215;9.588
2.46645;16.545
6.5772;24.821
4.11075;31.512
2.46645;35.978
1.6443;36.543
2.46645;36.464
4.11075;36.724
9.8658;37.908
24.6645;35.045
29.5974;29.077
18.0873;20.947
9.04365;13.531
5.75505;9.474
2.46645;6.723
0;3.453
0;2.751
0;2.384
0;1.528
1.6443;0.978
11.5101;2.14
18.0873;3.938
6.5772;10.255
2.46645;27.292
0.82215;44.105
2.46645;58.895
6.5772;69.306
4.11075;71.146
2.46645;70.529
1.6443;69.248
2.46645;68.237
4.11075;67.346
9.8658;68.246
24.6645;66.73
29.5974;63.119
18.0873;53.177
9.04365;40.457
5.75505;30.401
2.46645;22.021
0;12.781
0;8.595
0;5.516
0;4.021
1.6443;3.189
11.5101;2.162
18.0873;0.99
6.5772;2.059
2.46645;10.829
0.82215;18.872
2.46645;26.174
6.5772;31.884
4.11075;38.1
2.46645;39.806
1.6443;40.44
2.46645;34.736
4.11075;31.377
9.8658;32.044
24.6645;23.458
29.5974;15.057
18.0873;12.036
9.04365;8.292
5.75505;5.023
2.46645;1.576
0;0.002
0;0
0;0
0;0
1.6443;0
11.5101;0
18.0873;0
6.5772;0
2.46645;0.491
0.82215;3.979
2.46645;2.056
6.5772;1.585
4.11075;5.71
2.46645;5.987
1.6443;5.829
2.46645;2.862
4.11075;2.164
9.8658;4.119
24.6645;4.334
29.5974;1.529
18.0873;1.465
9.04365;0.605
5.75505;0.278
2.46645;0.026
0;0
0;0
0;0
0;0
1.6443;0
11.5101;0
18.0873;0
6.5772;0
2.46645;0
0.82215;0
2.46645;0.754
6.5772;4.019
4.11075;14.915
2.46645;21.462
1.6443;27.977
2.46645;25.491
4.11075;23.894
9.8658;25.571
24.6645;20.7
29.5974;12.244
18.0873;7.235
9.04365;2.047
5.75505;0.368
2.46645;0.041
0;0
0;0
0;0
0;0
1.6443;0
11.5101;0
18.0873;0
6.5772;0
2.46645;0
0.82215;0
2.46645;0
6.5772;0.155
4.11075;2.794
2.46645;3.207
1.6443;2.807
2.46645;0.34
4.11075;1.087
9.8658;3.386
24.6645;1.433
29.5974;0.638
18.0873;1.251
9.04365;0.233
5.75505;0.014
2.46645;0
0;0
0;0
0;0
0;0
1.6443;0
11.5101;0
18.0873;0
6.5772;0
2.46645;0
0.82215;0
2.46645;0
6.5772;0
4.11075;0.013
2.46645;3.115
1.6443;4.426
2.46645;2.093
4.11075;1.93
9.8658;3.926
24.6645;4.796
29.5974;1.784
18.0873;1.039
9.04365;0.069
5.75505;0
2.46645;0
0;0
0;0
0;0
0;0
1.6443;0
11.5101;0
18.0873;0
6.5772;0
2.46645;0
0.82215;0
2.46645;0.027
6.5772;3.857
4.11075;12.42
2.46645;17.327
1.6443;13.464
2.46645;17.36
4.11075;18.992
9.8658;17.778
24.6645;11.076
29.5974;4.15
18.0873;1.904
9.04365;0.102
5.75505;0
2.46645;0
0;0
0;0
0;0
0;0
1.6443;0
11.5101;0
18.0873;0
6.5772;0
2.46645;0
0.82215;0
2.46645;0
6.5772;0
4.11075;0
2.46645;0
1.6443;0
2.46645;0.018
4.11075;0
9.8658;0
24.6645;0.022
29.5974;0.003
18.0873;0
9.04365;0
5.75505;0
2.46645;0
0;0
0;0
0;0
0;0
1.6443;0
11.5101;0
18.0873;0
6.5772;0
2.46645;0
0.82215;0
2.46645;0
6.5772;0
4.11075;0
2.46645;0
1.6443;0
2.46645;0.142
4.11075;0.056
9.8658;0
24.6645;0
29.5974;0
18.0873;0
9.04365;0
5.75505;0
2.46645;0
0;0
0;0
0;0
0;0
1.6483;0
11.9001;0
18.4903;0
6.5772;0
2.46645;0
0.82215;0
2.46645;0
6.5772;0
4.11075;0.185
2.46645;3.456
1.6443;8.225
2.46645;6.829
4.11075;6.286
9.8658;6.38
24.6645;5.253
29.5974;4.118
18.0873;2.267
9.04365;0.05
5.75505;0
2.46645;0
0;0
0;0
0;0
0;0
1.6443;0
11.5101;0
18.0873;0
6.5772;0
2.46645;0
0.82215;0
2.46645;0
6.5772;0.017
4.11075;3.193
2.46645;13.412
1.6443;13.858
2.46645;11.427
4.11075;9.843
9.8658;13.478
24.6645;11.238
29.5974;7.591
18.0873;4.254
9.04365;1.331
5.75505;0.489
2.46645;0
0;0
0;0
0;0
0;0
1.6443;0
11.5101;0
18.2123;0
6.5772;0
2.46645;0.048
0.82215;4.789
2.46645;11.71
6.5772;20.64
4.11075;30.598
2.46645;29.575
1.6443;25.382
2.46645;22.909
4.11075;21.946
9.8658;25.012
24.6645;22.977
29.5974;17.052
18.0873;10.295
9.04365;3.658
5.75505;1.331
2.46645;0.122
0;0
0;0
0;0
0;0
1.6443;0
11.5101;0
18.0873;0
6.5772;0
2.46645;1.392
0.82215;11.19
2.46645;22.774
6.5772;37.391
4.11075;49.108
2.46645;52.027
1.6443;51.629
2.46645;43.48
4.11075;39.064
9.8658;41.426
24.6645;34.382
29.5974;23.444
18.0873;19.548
9.04365;13.125
5.75505;7.711
2.46645;5.262
0;3.791
0;3.852
0;4.402
0;3.302
1.6443;1.712
11.5101;0.734
18.0873;0.061
6.5772;0
2.46645;0
0.82215;0
2.46645;0.282
6.5772;5.58
4.11075;11.947
2.46645;15.572
1.6443;17.439
2.46645;17.858
4.11075;17.615
9.8658;13.615
24.6645;8.112
29.5974;4.018
18.0873;1.107
9.04365;0.237
5.75505;0.058
2.46645;0
0;0
0;0
0;0
0;0
1.6443;0
11.5101;0
18.0873;0
6.5772;0
2.46645;0
0.82215;0
2.46645;0.291
6.5772;3.014
4.11075;5.294
2.46645;7.782
1.6443;9.298
2.46645;9.171
4.11075;6.265
9.8658;6.434
24.6645;7.403
29.5974;3.999
18.0873;0.868
9.04365;0.088
5.75505;0.004
2.46645;0
0;0
0;0
0;0
0;0
1.6443;0
11.5101;0
18.0873;0
6.5772;0
2.46645;0
0.82215;0.051
2.46645;4.147
6.5772;11.035
4.11075;19.797
2.46645;22.244
1.6443;20.819
2.46645;15.467
4.11075;17.316
9.8658;21.397
24.6645;17.612
29.5974;10.944
18.0873;5.153
9.04365;0.548
5.75505;0.022
2.46645;0
0;0
0;0
0;0
0;0
1.6443;0
11.5101;0
18.0873;0
6.5772;0
2.46645;0
0.82215;0
2.46645;0
6.5772;2.152
4.11075;14.518
2.46645;24.589
1.6443;29.655
2.46645;24.725
4.11075;19.679
9.8658;22.884
24.6645;21.612
29.5974;15.719
18.0873;9.722
9.04365;2.971
5.75505;0.19
2.46645;0
0;0
0;0
0;0
0;0
1.6443;0
11.5101;0
18.0873;0
6.5772;0
2.46645;1.036
0.82215;13.095
2.46645;26.105
6.5772;38.387
4.11075;45.505
2.46645;47.172
1.6443;47.593
2.46645;39.566
4.11075;34.469
9.8658;36.354
24.6645;32.76
29.5974;26.958
18.0873;19.325
9.04365;11.084
5.75505;6.03
2.46645;2.37
0;0.55
0;0.068
0;0
0;0
1.6443;0
11.5101;0
18.0873;0
6.5772;0
2.46645;2.184
0.82215;13.559
2.46645;26.078
6.5772;38.032
4.11075;48.812
2.46645;50.971
1.6443;51.274
2.46645;45.749
4.11075;41.814
9.8658;43.209
24.6645;39.765
29.5974;33.902
18.0873;26.399
9.04365;16.411
5.75505;10.359
2.46645;6.306
0;3.522
0;3.363
0;2.201
0;0.552
1.6443;0
11.5101;0
18.0873;0
6.5772;0.005
2.46645;6.835
0.82215;23.449
2.46645;36.137
6.5772;44.543
4.11075;52.199
2.46645;53.089
1.6443;58.125
2.46645;50.741
4.11075;42.987
9.8658;44.949
24.6645;40.819
29.5974;30.939
18.0873;24.487
9.04365;13.708
5.75505;7.952
2.46645;4.476
0;2.363
0;2.707
0;0.379
0;0
1.6443;0
11.5101;0
18.0873;0
6.5772;0
2.46645;0.088
0.82215;3.561
2.46645;5.794
6.5772;2.943
4.11075;4.888
2.46645;18.605
1.6443;23.272
2.46645;25.821
4.11075;27.373
9.8658;29.843
24.6645;28.89
29.5974;22.51
18.0873;13.231
9.04365;6.039
5.75505;2.161
2.46645;0.271
0;0
0;0
0;0
0;0
1.6443;0
11.5101;0
18.0873;0
6.5772;0
2.46645;0
0.82215;2.335
2.46645;10.195
6.5772;13.799
4.11075;17.79
2.46645;20.104
1.6443;21.454
2.46645;22.552
4.11075;19.658
9.8658;18.847
24.6645;14.972
29.5974;10.14
18.0873;5.753
9.04365;2.052
5.75505;0.376
2.46645;0.04
0;0
0;0
0;0
0;0
1.6443;0
11.5101;0
18.0873;0
6.5772;0
2.46645;0
0.82215;0
2.46645;0
6.5772;0.852
4.11075;4.725
2.46645;11.684
1.6443;16.06
2.46645;12.461
4.11075;14.424
9.8658;18.006
24.6645;14.335
29.5974;6.885
18.0873;2.758
9.04365;0.442
5.75505;0.038
2.46645;0
0;0
0;0
0;0
0;0
1.6443;0
11.5101;0
18.0873;0
6.5772;0
2.46645;0.433
0.82215;7.568
2.46645;16.083
6.5772;24.601
4.11075;33.802
2.46645;35.896
1.6443;35.466
2.46645;29.799
4.11075;25.139
9.8658;25.854
24.6645;23.763
29.5974;18.309
18.0873;13.297
9.04365;9.53
5.75505;7.059
2.46645;4.286
0;2.568
0;1.834
0;1.895
0;2.079
1.6443;1.528
11.5101;1.467
18.0873;1.162
6.5772;0.342
2.46645;0
0.82215;0
2.46645;1.021
6.5772;4.85
4.11075;12.585
2.46645;19.341
1.6443;26.018
2.46645;24.824
4.11075;21.117
9.8658;20.65
24.6645;15.119
29.5974;10.432
18.0873;6.003
9.04365;0.855
5.75505;0.052
2.46645;0
0;0
0;0
0;0
0;0
1.6443;0
11.5101;0
18.0873;0
6.5772;0
2.46645;0
0.82215;3.845
2.46645;12.426
6.5772;23.995
4.11075;34.573
2.46645;37.699
1.6443;41.175
2.46645;35.433
4.11075;30.996
9.8658;31.501
24.6645;27.762
29.5974;20.814
18.0873;13.308
9.04365;5.267
5.75505;1.131
2.46645;0.034
0;0
0;0
0;0
0;0
1.6443;0
11.5101;0
18.0873;0
6.5772;0
2.46645;1.099
0.82215;10.317
2.46645;21.463
6.5772;33.445
4.11075;44.19
2.46645;46.473
1.6443;46.422
2.46645;40.406
4.11075;36.605
9.8658;37.3
24.6645;34.082
29.5974;27.907
18.0873;21.05
9.04365;12.101
5.75505;5.024
2.46645;1.086
0;0
0;0
0;0
0;0
1.6443;0
11.5101;0
18.0873;0
6.5772;0
2.46645;0.964
0.82215;14.178
2.46645;28.813
6.5772;44.301
4.11075;51.375
2.46645;53.018
1.6443;52.674
2.46645;50.371
4.11075;45.784
9.8658;44.09
24.6645;43.123
29.5974;37.561
18.0873;28.206
9.04365;19.316
5.75505;11.587
2.46645;8.236
0;4.736
0;1.619
0;0.054
0;0
1.6443;0
11.5101;0
18.0873;0
6.5772;0.543
2.46645;13.696
0.82215;35.674
2.46645;51.192
6.5772;60.291
4.11075;67.376
2.46645;68.922
1.6443;68.273
2.46645;66.223
4.11075;60.68
9.8658;57.25
24.6645;52.873
29.5974;45.776
18.0873;31.705
9.04365;19.137
5.75505;11.682
2.46645;6.496
0;1.534
0;0.001
0;0
0;0
1.6443;0
11.5101;0
18.0873;0
6.5772;0
2.46645;0
0.82215;0.769
2.46645;4.919
6.5772;15.766
4.11075;34.818
2.46645;46.993
1.6443;52.914
2.46645;49.816
4.11075;47.416
9.8658;47.317
24.6645;40.531
29.5974;32.933
18.0873;23.758
9.04365;14.854
5.75505;9.493
2.46645;4.552
0;0.71
0;0.054
0;0
0;0
1.6443;0
11.5101;0
18.0873;0
6.5772;0
2.46645;3.434
0.82215;19.465
2.46645;40.865
6.5772;59.696
4.11075;78.717
2.46645;91.074
1.6443;96.685
2.46645;88.356
4.11075;78.618
9.8658;72.277
24.6645;59.047
29.5974;51.004
18.0873;46.838
9.04365;40.654
5.75505;32.289
2.46645;20.651
0;10.779
0;7.304
0;5.497
0;3.763
1.6443;3.251
11.5101;3.232
18.0873;2.148
6.5772;4.776
2.46645;15.966
0.82215;33.276
2.46645;45.717
6.5772;58.395
4.11075;74.27
2.46645;79.692
1.6443;81.832
2.46645;74.865
4.11075;66.503
9.8658;64.569
24.6645;57.994
29.5974;50.601
18.0873;42.2
9.04365;34.913
5.75505;29.615
2.46645;24.139
0;17.914
0;15.937
0;13.781
0;11.625
1.6443;10.197
11.5101;8.872
18.0873;7.806
6.5772;10.552
2.46645;18.085
0.82215;29.251
2.46645;34.402
6.5772;38.226
4.11075;51.874
2.46645;56.152
1.6443;55.4
2.46645;45.429
4.11075;37.706
9.8658;36.347
24.6645;34.447
29.5974;29.134
18.0873;21.152
9.04365;12.055
5.75505;7.833
2.46645;4.318
0;0.477
0;0.005
0;0
0;0
1.6443;0
11.5101;0
18.0873;0
6.5772;0
2.46645;2.751
0.82215;14.414
2.46645;21.498
6.5772;26.712
4.11075;34.538
2.46645;33.115
1.6443;32.695
2.46645;28.078
4.11075;25.466
9.8658;25.098
24.6645;20.231
29.5974;13.25
18.0873;7.994
9.04365;3.282
5.75505;1.568
2.46645;0.531
0;0
0;0
0;0
0;0
1.6443;0
11.5101;0
18.0873;0
6.5772;0
2.46645;0.032
0.82215;1.943
2.46645;7.272
6.5772;11.01
4.11075;17.814
2.46645;29.049
1.6443;36.38
2.46645;40.319
4.11075;38.566
9.8658;37.52
24.6645;33.814
29.5974;25.811
18.0873;16.124
9.04365;10.264
5.75505;6.769
2.46645;3.71
0;1.174
0;0.314
0;0
0;0
1.6443;0
11.5101;0
18.0873;0
6.5772;0
2.46645;5.741
0.82215;24.403
2.46645;39.532
6.5772;47.369
4.11075;48.843
2.46645;50.847
1.6443;54.938
2.46645;52.845
4.11075;46.005
9.8658;40.674
24.6645;34.162
29.5974;22.195
18.0873;9.89
9.04365;3.845
5.75505;1.358
2.46645;0.286
0;0
0;0
0;0
0;0
1.6443;0
11.5101;0
18.0873;0
6.5772;0
2.46645;0
0.82215;5.342
2.46645;14.558
6.5772;21.611
4.11075;30.156
2.46645;37.295
1.6443;43.881
2.46645;38.59
4.11075;30.497
9.8658;29.845
24.6645;24.926
29.5974;16.98
18.0873;9.25
9.04365;3.097
5.75505;0.661
2.46645;0.052
0;0
0;0
0;0
0;0
1.6443;0
11.5101;0
18.0873;0
6.5772;0
2.46645;0.011
0.82215;6.783
2.46645;16.252
6.5772;23.323
4.11075;33.722
2.46645;39.349
1.6443;43.874
2.46645;35.049
4.11075;26.423
9.8658;26.308
24.6645;22.323
29.5974;15.432
18.0873;11.311
9.04365;7.471
5.75505;4.462
2.46645;1.695
0;0.163
0;0
0;0
0;0
1.6443;0
11.5101;0
18.0873;0
6.5772;0
2.46645;0.01
0.82215;1.206
2.46645;4.064
6.5772;9.968
4.11075;26.286
2.46645;35.053
1.6443;38.884
2.46645;33.771
4.11075;25.542
9.8658;22.667
24.6645;18.581
29.5974;12.853
18.0873;7.467
9.04365;2.505
5.75505;0.479
2.46645;0.026
0;0
0;0
0;0
0;0
1.6443;0
11.5101;0
18.0873;0
6.5772;0
2.46645;0
0.82215;1.461
2.46645;4.181
6.5772;7.059
4.11075;22.163
2.46645;27.035
1.6443;24.735
2.46645;19.586
4.11075;18.595
9.8658;21.871
24.6645;17.321
29.5974;11.862
18.0873;7.249
9.04365;2.518
5.75505;0.685
2.46645;0.018
0;0
0;0
0;0
0;0
1.6443;0
11.5101;0
18.0873;0
6.5772;0
2.46645;0
0.82215;1.397
2.46645;8.067
6.5772;21.902
4.11075;35.291
2.46645;39.768
1.6443;41.709
2.46645;34.666
4.11075;26.317
9.8658;21.183
24.6645;13.514
29.5974;7.527
18.0873;5.589
9.04365;3.302
5.75505;2.018
2.46645;0.808
0;0.048
0;0
0;0
0;0
1.6443;0
11.5101;0
18.0873;0
6.5772;0
2.46645;0
0.82215;0
2.46645;0
6.5772;0
4.11075;0.001
2.46645;0.45
1.6443;4.622
2.46645;8.394
4.11075;5.64
9.8658;5.508
24.6645;6.257
29.5974;3.98
18.0873;1.352
9.04365;0.105
5.75505;0.022
2.46645;0
0;0
0;0
0;0
0;0
1.6443;0
11.5101;0
18.0873;0
6.5772;0
2.46645;0
0.82215;0
2.46645;0.017
6.5772;2.55
4.11075;6.32
2.46645;11.256
1.6443;9.909
2.46645;6.609
4.11075;2.761
9.8658;5.974
24.6645;4.751
29.5974;1.471
18.0873;0.096
9.04365;0
5.75505;0
2.46645;0
0;0
0;0
0;0
0;0
1.7773;0
12.1411;0
18.7503;0
6.5772;0
2.56545;0
0.82215;0
2.46645;0
6.5772;0
4.11075;0
2.46645;0.38
1.6443;1.097
2.46645;0.933
4.11075;0.317
9.8658;0.143
24.6645;0
29.5974;0
18.0873;0
9.04365;0
5.75505;0
2.46645;0
0;0
0;0.043
0;0
0;0
1.6443;0
11.5101;0
18.0873;0
6.5772;0
2.46645;0
0.82215;0
2.46645;0
6.5772;0
4.11075;0
2.46645;0
1.6443;0.093
2.46645;0.082
4.11075;0.522
9.8658;0.491
24.6645;0
29.5974;0
18.0873;0
9.04365;0
5.75505;0
2.46645;0
0;0
0.007;0
0.72;0
1.221;0
3.3123;0
13.3621;0
19.7113;0
7.0712;0
3.15345;0
0.82215;0
2.46645;0
6.5772;0.316
4.11075;5.109
2.46645;13.928
1.6443;16.685
2.46645;13.134
4.11075;9.526
9.8658;9.064
24.6645;4.278
29.5974;3.147
18.0873;1.898
9.04365;0.611
5.75505;0.092
2.46645;0
0;0
0;0
0;0
0;0
1.6443;0
11.6251;0
18.3263;0
6.5772;0
2.46645;0
0.82215;0
2.46645;0
6.5772;0
4.11075;0.051
2.46645;0.153
1.6443;1.472
2.46645;2.759
4.11075;2.14
9.8658;0.273
24.6645;0
29.5974;0
18.0873;0
9.04365;0
5.75505;0
2.46645;0
0.086;0
0.594;0
0.809;0
1.213;0
3.1063;0
12.9131;0
19.4873;0
7.1172;0
2.46645;0
0.82215;0
2.46645;0
6.5772;0
4.11075;0
2.46645;0
1.6443;1.638
2.46645;0.405
4.11075;0.023
9.8658;0.013
24.6645;0
29.5974;0
18.0873;0
9.04365;0
5.75505;0
2.56545;0
0.879;0
1.18;0
1.378;0
1.548;0
3.4483;0
13.5241;0
20.1163;0
8.3362;0
3.46445;0
0.89315;0
2.46645;0
6.5772;0
4.11075;0
2.46645;0
1.6443;0
2.46645;0
4.11075;0
9.8658;0
24.6645;0
29.5974;0
18.0873;0
9.04365;0
6.42905;0
3.85245;0
1.868;0
2.063;0
1.965;0
1.938;0
3.6973;0
13.9051;0
20.5873;0
8.7432;0
5.28045;0
0.89015;0
2.46645;0
6.5772;0
4.11075;0
2.46645;0.041
1.6443;0.317
2.46645;0.423
4.11075;0.149
9.8658;0
24.6645;0
29.5974;0
18.0873;0
9.04365;0
6.57605;0
3.71545;0
1.415;0
1.515;0
1.672;0
1.781;0
3.4933;0
13.3851;0
19.9613;0
7.6862;0
3.81845;0
0.82215;0
2.46645;0
6.5772;0
4.11075;0
2.46645;0
1.6443;0.157
2.46645;0.626
4.11075;0.626
9.8658;0.536
24.6645;0.316
29.5974;0.157
18.0873;0
9.04365;0
5.75505;0
2.66145;0
1.209;0
1.522;0
1.756;0
1.973;0
3.8283;0
14.0271;0
20.6233;0
8.2022;0
2.69445;0
0.82215;0
2.46645;0
6.5772;0
4.11075;0.043
2.46645;2.679
1.6443;6.03
2.46645;4.24
4.11075;4.11
9.8658;3.286
24.6645;2.57
29.5974;0.767
18.0873;0
9.04365;0
5.75505;0
2.46645;0
0;0
0;0.115
0;1.345
0;2.446
1.6443;2.812
11.5101;2.857
18.0873;3.781
6.5772;4.27
2.46645;3.917
0.82215;3.712
2.46645;4.406
6.5772;6.594
4.11075;7.7
2.46645;8.502
1.6443;13.104
2.46645;13.189
4.11075;12.096
9.8658;11.724
24.6645;10.136
29.5974;7.616
18.0873;4.376
9.04365;2.853
5.75505;2.242
2.46645;0.326
0;0
0;0
0;0
0.075;0
2.2453;0
12.2801;0
18.8363;0
6.5902;0
2.46645;0
0.82215;0
2.46645;0.531
6.5772;2.312
4.11075;9.209
2.46645;13.143
1.6443;13.169
2.46645;9.31
4.11075;8.782
9.8658;6.779
24.6645;4.161
29.5974;2.833
18.0873;2.568
9.04365;2.69
5.75505;2.446
2.46645;1.529
0;0.856
0;0.19
0;0
0;0
1.6443;0
11.5101;0
18.0873;0
6.5772;0
2.46645;0
0.82215;0
2.46645;0
6.5772;0
4.11075;0
2.46645;0
1.6443;0
2.46645;0
4.11075;0
9.8658;0
24.6645;0
29.5974;0
18.0873;0
9.04365;0
5.80905;0
3.00045;0
0.715;0
0.916;0
1.129;0
1.297;0
3.1083;0
13.1371;0
19.8233;0
8.1672;0
3.08645;0
0.83715;0
2.46645;0
6.5772;0
4.11075;0
2.46645;1.504
1.6443;2.655
2.46645;1.93
4.11075;1.345
9.8658;0.113
24.6645;0
29.5974;0
18.0873;0
9.04365;0
5.75505;0
2.46645;0.014
0;0.306
0;0.428
0;0.245
0.01;0.014
1.9473;0
12.0341;0
18.8223;0
7.3572;0
3.14845;0
0.82215;0
2.46645;0.115
6.5772;4.959
4.11075;11.654
2.46645;17.475
1.6443;18.669
2.46645;15.923
4.11075;10.028
9.8658;6.525
24.6645;2.243
29.5974;0.734
18.0873;0
9.04365;0
5.75505;0
2.84345;0
1.341;0
1.515;0
1.498;0
1.515;0
3.3163;0
13.3761;0
20.0833;0
7.8122;0
3.60245;0
0.82215;0
2.46645;0.006
6.5772;0.452
4.11075;3.748
2.46645;8.28
1.6443;5.918
2.46645;2.549
4.11075;2.083
9.8658;2.025
24.6645;0.504
29.5974;0
18.0873;0
9.04365;0
5.75505;0
2.73045;0
1.197;0
1.264;0
1.477;0
2.069;0
4.0663;0
14.0701;0
20.7983;0
8.5412;0
2.77545;0
0.82215;0
2.46645;0.935
6.5772;4.546
4.11075;9.625
2.46645;11.771
1.6443;12.267
2.46645;5.802
4.11075;2.44
9.8658;1.025
24.6645;0.006
29.5974;0
18.0873;0
9.04365;0
6.65305;0
4.48345;0
2.031;0
2.203;0
2.258;0
2.381;0
4.1893;0
14.1371;0
20.8083;0
8.5602;0
4.42645;0
0.82215;0
2.46645;0
6.5772;0.118
4.11075;1.365
2.46645;3.146
1.6443;4.841
2.46645;5.43
4.11075;4.161
9.8658;3.569
24.6645;2.781
29.5974;2.343
18.0873;1.896
9.04365;1.284
5.75505;0.353
2.46645;0
0;0
0;0
0.701;0
0.8;0
2.4533;0
12.3001;0
18.8533;0
6.6222;0
2.46645;0
0.82215;0
2.46645;0.136
6.5772;1.16
4.11075;0.515
2.46645;0
1.6443;0
2.46645;0
4.11075;0
9.8658;0
24.6645;0
29.5974;0
18.0873;0
9.04365;0
5.86805;0
2.92645;0
0.523;0
0.576;0
0.604;0
0.62;0
2.2753;0
12.1221;0
18.6143;0
6.5772;0
2.46645;0
0.82215;0
2.46645;0
6.5772;0
4.11075;0
2.46645;0.217
1.6443;1.251
2.46645;0.205
4.11075;0
9.8658;0
24.6645;0
29.5974;0
18.0873;0
9.04365;0
6.03505;0
3.34345;0
1.235;0
1.562;0
1.85;0
2.072;0
3.8153;0
13.9691;0
20.7073;0
9.1142;0
4.56445;0
2.12315;0
2.59145;0
6.5772;0
4.11075;0
2.46645;0
1.6443;0
2.46645;0
4.11075;0
9.8658;0
25.4435;0
31.4114;0
20.1923;0
11.32565;0
8.19905;0
5.03745;0
2.648;0
2.692;0
2.791;0
2.952;0
4.7213;0
14.6291;0
21.2523;0
9.7582;0
8.26645;0
4.14715;0
4.54245;0
8.1452;0
5.29275;0
3.23745;0
2.1743;0
3.07245;0
4.45875;0
10.9448;0
27.3535;0
33.1634;0
20.9063;0
12.01765;0
8.74905;0
5.57945;0
3.196;0
3.24;0
3.412;0
3.576;0
5.3233;0
15.2771;0
21.9733;0
9.8742;0
7.80445;0
2.67015;0
2.53145;0
6.5772;0
4.11075;0
2.46645;0
1.6443;0
2.46645;0
4.11075;0
9.8658;0
25.5755;0
32.8184;0
20.5783;0
11.64765;0
8.56205;0
5.39745;0
2.822;0
2.638;0
2.465;0
2.328;0
3.9563;0
13.8601;0
20.4373;0
8.2702;0
3.15545;0
0.88115;0
2.46645;0
6.5772;0
4.11075;0
2.46645;0
1.6443;0
2.46645;0
4.11075;0
9.8658;0
24.6645;0
30.0934;0
19.9773;0
11.41165;0
8.37405;0
5.12445;0
2.542;0
2.384;0
2.3;0
2.163;0
3.7543;0
13.6181;0
20.1643;0
7.9922;0
4.98545;0
1.01415;0
2.46645;0.416
6.5772;0.534
4.11075;0
2.46645;1.756
1.6443;4.797
2.46645;5.289
4.11075;4.202
9.8658;3.384
24.6645;2.171
29.5974;0.515
18.0873;0
9.25465;0
7.57305;0
4.56745;0
2.166;0
2.21;0
2.361;0
2.321;0
3.9403;0
13.8551;0
20.4683;0
8.3462;0
3.13845;0
0.82215;0
2.46645;0
6.5772;0
4.11075;0
2.46645;0
1.6443;0
2.46645;0
4.11075;0
9.8658;0
24.6645;0
29.5974;0
19.6033;0
11.01365;0
7.97405;0
4.92245;0
2.638;0
2.791;0
2.942;0
3.091;0
4.9243;0
14.9741;0
21.6933;0
9.5452;0
4.23345;0
1.50815;0
2.47245;0
6.5772;0
4.11075;0
2.46645;0
1.6443;0
2.46645;0
4.11075;0
9.8658;0
24.6645;0
29.5974;0
19.0223;0
11.33865;0
8.34505;0
5.26645;0
2.867;0
2.776;0
2.82;0
2.934;0
4.8063;0
14.9101;0
21.5403;0
10.0152;0
5.75045;0
3.53815;0
4.49245;0
7.8422;0
4.72075;0
2.68645;0
1.6443;0
2.46645;0
4.11075;0
9.8658;0
25.6645;0
31.2644;0
19.9643;0
10.99265;0
7.69205;0
4.37745;0
1.929;0
2.452;0
3.05;0
3.212;0
4.9433;0
14.8401;0
21.4663;0
9.9382;0
8.06145;0
1.51115;0
2.46645;0
6.5772;0.155
4.11075;0.093
2.46645;0.061
1.6443;0.571
2.46645;0.533
4.11075;0.068
9.8658;0
24.6645;0
29.7034;0
18.6663;0
10.77365;0
8.00905;0
4.93545;0
2.61;0
2.989;0
3.397;0
3.553;0
5.3053;0
15.2371;0
21.9133;0
9.7512;0
7.08645;0
1.16915;0
2.46645;0
6.5772;0.359
4.11075;0.298
2.46645;0.676
1.6443;0.214
2.46645;0
4.11075;0
9.8658;0
24.6645;0
29.7734;0
18.9803;0
11.11765;0
8.20005;0
5.17245;0
2.854;0
3.028;0
3.182;0
3.275;0
5.0043;0
14.9101;0
21.5143;0
9.2892;0
4.06345;0
1.41415;0
2.46645;0
6.5772;0
4.11075;0
2.46645;0
1.6443;0
2.46645;0
4.11075;0
9.8658;0
24.7565;0
30.5444;0
19.1433;0.167
10.04165;0.882
6.90405;0.632
3.82845;0
1.473;0
1.822;0
2.301;0
2.528;0
4.3273;0
14.4131;0
21.2543;0
9.2982;0
6.90945;0
1.27615;0
2.46645;0
6.5772;0
4.11075;0.021
2.46645;0.938
1.6443;6.903
2.46645;3.723
4.11075;1.415
9.8658;0.034
24.6645;0
29.5974;0
18.0873;0
11.15065;0
8.54605;0
5.50945;0
3.447;0
3.971;0
4.467;0
4.724;0
6.3633;0
16.5141;0
23.4333;0
11.3512;0
4.84245;0
0.86415;0
2.46645;0.055
6.5772;2.759
4.11075;12.809
2.46645;17.992
1.6443;18.25
2.46645;11.958
4.11075;8.914
9.8658;7.444
24.6645;5.927
29.5974;3.536
18.0873;0.628
9.04365;0
5.75505;0
2.46645;0
0.329;0
0.865;0
1.12;0
1.292;0
3.0403;0
13.1101;0
19.8653;0
7.6272;0
2.48445;0
0.82215;1.36
2.46645;4.846
6.5772;10.659
4.11075;25.9
2.46645;32.971
1.6443;32.069
2.46645;25.211
4.11075;21.297
9.8658;19.768
24.6645;18.339
29.5974;11.315
18.0873;3.899
9.04365;2.655
5.75505;0.507
2.46645;0
0;0
0.128;0
0.751;0
1.171;0
3.3403;0
13.8421;0
20.8873;0
9.6362;0
4.84445;0
0.99815;0
2.46645;0.503
6.5772;3.732
4.11075;6.394
2.46645;9.958
1.6443;12.797
2.46645;9.459
4.11075;3.845
9.8658;1.17
24.6645;0.002
29.5974;0
18.0873;0
9.04365;0
7.79505;0
5.15245;0
3.105;0
3.648;0
3.647;0
3.535;0
5.2313;0
15.0281;0
21.6523;0
10.1382;0
7.78945;0
1.20715;0
2.46645;2.973
6.5772;13.992
4.11075;25.027
2.46645;31.987
1.6443;32.468
2.46645;27.451
4.11075;17.371
9.8658;10.965
24.6645;5.225
29.5974;2.69
18.0873;0.413
9.04365;0
5.75505;0
2.46645;0
0.649;0
1.196;0
1.522;0
1.775;0
3.6703;0
13.6001;0
20.1373;0
8.0862;0
4.40445;0
0.83315;0
2.46645;3.641
6.5772;15.583
4.11075;29.501
2.46645;31.627
1.6443;28.501
2.46645;15.643
4.11075;9.411
9.8658;7.775
24.6645;5.803
29.5974;3.686
18.0873;1.35
9.04365;0
5.75505;0
2.46645;0
0;0
0.268;0
0.556;0
0.693;0
2.5213;0
12.5151;0
19.1853;0
7.0892;0
2.46645;0
0.82215;0
2.46645;0
6.5772;0
4.11075;0.045
2.46645;2.046
1.6443;6.684
2.46645;9.377
4.11075;8.316
9.8658;7.127
24.6645;6.173
29.5974;4.616
18.0873;1.877
9.04365;0.138
5.75505;0
2.46645;0
0;0
0.192;0
0.657;0
0.779;0
2.7823;0
12.9471;0
19.7743;0
7.5042;0
3.60445;0
0.82215;0
2.46645;5.514
6.5772;21.505
4.11075;36.08
2.46645;39.627
1.6443;37.207
2.46645;27.851
4.11075;19.264
9.8658;12.054
24.6645;6.165
29.5974;2.914
18.0873;0.385
9.04365;0
5.75505;0
2.46645;0
0;0
0.135;0
0.786;0
0.934;0
2.6843;0
12.5911;0
19.1333;0
6.9692;0
2.46645;0
0.82215;0
2.46645;0
6.5772;0
4.11075;0
2.46645;0
1.6443;0
2.46645;0
4.11075;0
9.8658;0
24.6645;0
29.7174;0
19.4563;0
10.74765;0
7.67305;0
4.57245;0
3.842;0
3.974;0
4.026;0
4.041;0
5.6683;0
15.5211;0
22.0773;0
9.8402;0
4.75145;0
2.75515;0
3.95445;0
7.9672;0
5.45375;0
3.55245;0
2.2783;0
2.69545;0
4.18575;0
9.9148;0
24.7575;0
29.6924;0
18.5823;0
10.56865;0
7.65805;0
4.40645;0
1.746;0
1.553;0
1.636;0
1.761;0
3.3163;0
13.0201;0
19.6173;0
8.1112;0
3.89345;0
1.80315;0
2.53645;0
6.5772;0
4.11075;0
2.46645;0.564
1.6443;6.125
2.46645;4.281
4.11075;2.005
9.8658;1.215
24.6645;0.109
29.5974;0
18.0873;0
9.04365;0
5.75505;0
2.46645;0
0.071;0
0.419;0
0.548;0
0.548;0
2.2433;0
12.2111;0
18.8513;0
7.3352;0
4.06045;0
0.86915;0
2.46645;0.102
6.5772;5.441
4.11075;10.499
2.46645;13.774
1.6443;14.344
2.46645;12.881
4.11075;8.949
9.8658;6.329
24.6645;4.018
29.5974;1.716
18.0873;0.061
9.04365;0
5.75505;0
2.46645;0
0;0
0;0
0;0
0;0
1.6443;0
11.5101;0
18.1873;0
6.5772;0
2.81145;0
0.82215;0
2.46645;1.571
6.5772;4.927
4.11075;10.738
2.46645;19.037
1.6443;24.82
2.46645;17.334
4.11075;11.862
9.8658;10.584
24.6645;7.108
29.5974;4.767
18.0873;3.816
9.04365;2.982
5.75505;2.793
2.46645;2.615
0;1.59
0;0.489
0;0.048
0;0
1.6443;0
11.5101;0
18.0943;0
6.8222;0
2.84845;0
0.98015;0.043
2.47045;3.519
6.5772;7.484
4.11075;15.025
2.46645;17.262
1.6443;17.497
2.46645;10.858
4.11075;4.36
9.8658;2.138
24.6645;0.462
29.5974;0.01
18.1293;0.015
9.34965;0.001
6.29005;0
3.15445;0
0.856;0
1.31;0
1.949;0
2.283;0
4.0413;0
13.8121;0
20.5183;0
8.5302;0
4.79145;0
1.89515;0
3.25545;0
6.9382;1.631
4.11475;2.074
2.46645;4.122
1.6443;6.251
2.46645;0.855
4.11075;0
9.8658;0
24.6645;0
29.7484;0
18.8203;0
9.86865;0
6.55005;0
4.52745;0
3.001;0
3.289;0
3.283;0
3.089;0
4.5283;0
14.1461;0
20.6043;0
8.3582;0
3.36345;0
1.57915;0
3.01845;0
6.9162;0
4.15775;0
2.46645;0
1.6443;0
2.46645;0
4.11075;0
9.8658;0
24.6645;0
29.5974;0
18.0903;0
9.05865;0
6.12205;0
3.85045;0
1.982;0
2.002;0
2.219;0
2.871;0
5.1173;0
15.3871;0
22.1373;0
10.0292;0
5.32845;0
2.88215;0
4.01945;0
8.1212;0
5.56875;0
3.70345;0
2.8223;0
3.58045;0
5.14275;0
11.0338;0
26.1495;0
31.9974;0
21.3063;0
12.56165;0
9.33405;0
6.10745;0
3.648;0
3.441;0
2.905;0
2.495;0
4.0033;0
14.4221;0
21.8553;0
10.5462;0
6.29845;0
4.06315;0
5.08145;0
8.5852;0
5.59975;0
3.59845;0
2.8923;0
4.20345;0
6.33275;0
12.5418;0
27.4955;0
32.1714;0
20.5263;0
11.62965;0
8.44105;0
5.08545;0
2.67;0
2.784;0
2.84;0
2.894;0
4.7363;0
14.8481;0
21.6283;0
10.3182;0
8.87645;0
4.26215;0
4.07545;0
7.4002;0
4.89375;0
3.38745;0
2.5073;0
2.85045;0
4.53675;0
11.3018;0
27.8515;0
34.0074;0
21.9303;0
13.24165;0
10.13105;0
6.95045;0
4.554;0
4.679;0
4.89;0
5.016;0
6.8003;0
16.9331;0
23.6883;0
11.5702;0
9.80445;0
4.27515;0
4.00145;0
8.2172;0
5.75475;0
3.88045;0
3.1213;0.05
3.83145;0.04
5.21075;0
11.1478;0
26.2105;0
32.7234;0
22.2703;0
13.78265;0
10.97705;0
8.10845;0
5.753;0
5.927;0
6.464;0
7.247;0
9.2493;0
19.4041;0
26.0243;0
13.6142;0
8.41545;0
5.25215;0
4.82745;0
8.0322;0
5.53875;0
4.05045;0
3.0273;0
3.45045;0
5.00875;0
10.8158;0
26.0865;0
32.9094;0
21.7773;0
12.96165;0
10.19505;0
7.61745;0
5.857;0
6.162;0
6.246;0
6.484;0
8.6023;0
18.7941;0
25.4153;0
13.1512;0
10.98245;0
5.47615;0
3.67345;0
7.1112;0
4.12975;0.128
2.46645;5.654
1.6443;11.541
2.46645;7.241
4.11075;3.313
9.8658;0.936
24.6645;0
29.5974;0
18.0873;0
9.04365;0
5.76905;0
3.69645;0
1.934;0
2.517;0
3.189;0
3.692;0
5.7293;0
15.9411;0
22.7913;0
10.9462;0
6.17745;0
3.72815;0
3.88845;0
7.6292;0
4.91575;0.823
2.93045;7.756
1.8003;7.723
2.49445;1.238
4.29275;0.019
10.2778;0
25.4915;0
30.9964;0
21.1053;0
12.58265;0
9.75005;0
6.66145;0
4.065;0
3.873;0
3.809;0
3.894;0
5.4783;0
15.4231;0
22.3103;0
10.2892;0
5.47145;0
3.23515;0
3.65445;0
7.5432;0
5.05375;0
3.36745;0
2.4093;0
3.09445;0
4.58975;0
10.2848;0
24.9915;0
30.3534;0
19.6403;0
10.77065;0
7.58505;0
4.68745;0
2.811;0
3.095;0
4.278;0
5.669;0
7.8723;0
17.8481;0
24.4293;0
12.9752;0
8.69545;0
5.85115;0
5.70845;0
8.6742;0
5.48775;0
3.64345;0
2.8263;0
3.68945;0
6.08875;0
14.1768;0
30.1425;0
35.7234;0
25.0353;0
16.41865;0
13.08805;0
9.77445;0
7.544;0
7.825;0
8.455;0
8.502;0
9.4843;0
19.4951;0
26.4153;0
15.0132;0
13.67745;0
8.60715;0
6.52945;0
10.3812;0
8.07075;0
6.02745;0
4.6433;0
5.56845;0
7.19175;0
14.2738;0
31.1445;0
37.4244;0
24.5943;0
15.46865;0
12.46105;0
10.08945;0
7.81;0
8.042;0
8.62;0
8.433;0
9.6143;0
19.2921;0
25.6383;0
13.2132;0
11.22745;0
6.69315;0
6.45045;0
8.7402;0
5.84775;0
3.58345;0
2.2593;0
3.00445;0
4.60175;0
10.8198;0
28.0785;0
34.4334;0
21.6613;0
12.77865;0
9.56005;0
6.26345;0
3.955;0
4.093;0
4.008;0
3.931;0
5.6213;0
15.4791;0
22.0043;0
9.9802;0
5.11745;0
2.70415;0
3.86945;0
7.2772;0
5.28775;0
4.47145;0
3.8203;0
3.99345;0
5.28475;0
11.1478;0
27.8395;0
35.0394;0
24.9863;0
17.24065;0
14.69605;0
11.60745;0
9.576;0
9.729;0
9.349;0
9.326;0
11.2123;0
21.6371;0
28.4873;0
16.0162;0
13.89545;0
8.29615;0
6.89645;0
9.3812;0
7.04075;0
5.43745;0
4.2693;0
4.97845;0
7.00975;0
14.6378;0
32.7645;0
38.7184;0
25.5493;0
16.68165;0
13.83305;0
11.40445;0
10.293;0
10.662;0
11.335;0
11.727;0
13.5433;0
23.8731;0
31.3483;0
20.0092;0
15.08945;0
9.70015;0
5.78345;0
9.1852;0
6.58275;0
4.94345;0
4.1533;0
4.67045;0
6.18875;0
12.0358;0
28.3515;0
36.4184;0
26.7483;0
19.06165;0
17.02305;0
15.05445;0
14.744;0
15.842;0
16.366;0
16.722;0
19.1313;0
30.4131;0
38.4883;0
27.2522;0
22.18445;0
16.94315;0
10.58345;0
11.2812;0
8.07275;0.091
5.47845;0.644
4.0873;1.425
4.58545;0.03
5.94975;0
11.8798;0
27.5965;0
36.1364;0
26.2863;0
18.84265;0
16.83605;0
14.68445;0
14.62;0
16.36;0
17.399;0
18.376;0
21.6603;0
32.7841;0
39.9363;0
28.2622;0
23.34045;0
16.39815;0
9.04645;0
10.0572;0.063
7.00575;1.226
4.65245;2.459
3.0453;2.29
3.47145;0.993
5.01175;0.046
10.8478;0
26.7255;0
36.1254;0
26.8263;0
20.24765;0
18.15105;0
15.05545;0
15.15;0
16.578;0
17.189;0
18.223;0
21.7243;0
32.5041;0
40.1253;0
28.0042;0
25.25645;0
18.16515;0
11.31145;0
10.5672;0
7.17375;0
4.81945;0
3.6473;0
4.35345;0
7.55575;0
15.9808;0
33.1005;0
39.2294;0
26.0373;0
18.25465;0
17.16105;0
15.56745;0
15.39;0
16.572;0
17.756;0
18.894;0
21.8933;0
33.7321;0
42.4733;0
30.2892;0
26.10745;0
20.12415;0
20.15245;0
21.7372;0
13.42975;0
7.57145;0
5.4983;0
5.62945;0
7.45475;0
16.8298;0
35.6275;0
41.6434;0
27.0523;0
18.10665;0
15.80605;0
13.19045;0
12.515;0
13.234;0
13.59;0
13.626;0
15.0493;0
24.6571;0
31.0153;0
18.9052;0
13.51645;0
10.22815;0
9.61045;0
11.4292;0
6.31275;0
4.35845;0
3.0713;0
3.38745;0
4.91675;0
10.9338;0
28.0285;0
36.0994;0
26.2813;0
18.38865;0
15.76705;0
13.59045;0
13.443;0
14.159;0
15.051;0
15.384;0
16.8913;0
26.7801;0
32.8303;0
19.8082;0
16.88845;0
10.68415;0
7.98145;0
8.1512;0
5.23875;0
3.28445;0
1.8853;0
2.46645;0
4.11075;0
10.1988;0
26.4595;0
35.4604;0
23.5163;0
15.44965;0
12.99005;0
10.88845;0
10.49;0
12.003;0
12.908;0
13.62;0
15.8333;0
25.6341;0
31.5693;0
19.1242;0
13.61645;0
11.38815;0
13.36145;0
15.4412;0
7.37475;0
5.23345;0
4.0573;0
4.58545;0
6.17575;0
12.3068;0
32.2175;0
40.4564;0
30.1583;0
22.71565;0
20.50505;0
18.27845;0
18.452;0
19.61;0
20.19;0
20.82;0
23.2483;0
33.9431;0
41.1543;0
29.7832;0
23.87845;0
17.53515;0
11.49445;0
11.8082;0
8.43175;0
6.50645;0
5.0693;0
5.51145;0
7.25375;0
12.8958;0
33.6435;0
42.7024;0
31.7383;0
24.21865;0
22.51805;0
20.35045;0
21.481;0
23.514;0
24.277;0
24.954;0
28.8563;0
40.9961;0
48.1503;0
35.6222;0
29.97645;0
23.68815;0
16.12545;0
12.1352;0
7.14575;0
4.69845;0
3.7543;0
4.86345;0
9.49275;0
17.8438;0
35.9585;0
42.8854;0
32.1363;0
23.81865;0
20.91505;0
17.97845;0
16.667;0
15.972;0
15.473;0
15.139;0
16.5883;0
26.0971;0
32.5573;0
19.7232;0
17.52245;0
12.83715;0
12.11045;0
13.1182;0
8.37575;0
4.80745;0
3.0243;0
5.37945;0
9.43375;0
17.2678;0
34.3705;0
40.8514;0
27.1783;0
18.37165;0
15.70305;0
12.95145;0
12.255;0
12.771;0
13.065;0
13.358;0
15.3373;0
25.5261;0
32.6213;0
21.3072;0
17.36345;0
8.80615;0
8.44145;0
12.1072;0
9.31475;0
6.36345;0
4.6453;0
5.74145;0
11.06975;0
16.8018;0
33.1335;0
38.1924;0
24.0353;0
15.15065;0
12.21405;0
9.74945;0
8.815;0
9.274;0
9.517;0
9.695;0
11.3713;0
21.2451;0
27.9063;0
15.5852;0
9.65345;0
6.70715;0
7.80045;0
9.1492;0
5.19875;0
3.96545;0
3.5763;0
5.12445;0
9.54375;0
15.3218;0
31.4795;0
36.6704;0
24.7743;0
15.98165;0
13.02805;0
10.69745;0
10.232;0
11.355;0
12.381;0
13.323;0
16.1273;0
27.3771;0
34.3893;0
21.8742;0
18.11645;0
10.45215;0
7.43845;0
8.8542;0
5.98075;0
3.71645;0
2.4243;0
3.23145;0
5.47975;0
12.8768;0
33.7535;0
39.9884;0
26.1493;0
18.17365;0
16.78305;0
14.59745;0
13.83;0
14.697;0
14.878;0
14.833;0
16.5943;0
26.1791;0
32.8493;0
20.7772;0
12.62945;0
5.53015;0
3.98445;0
7.3162;0
4.42375;0
2.47045;0
1.6443;0
2.50945;0
4.55975;0
10.8418;0
28.7065;0
35.7364;0
24.4533;0
15.33865;0
12.28105;0
9.24945;0
7.971;0
9.392;0
11.367;0
12.025;0
14.1253;0
25.0051;0
31.2823;0
18.6712;0
11.52045;0
5.00515;0
4.17245;0
7.5772;0
4.81475;0
3.15245;0
2.4043;0
3.45645;0
5.59275;0
12.7538;0
30.2075;0
35.5604;0
24.2263;0
15.46065;0
12.58205;0
9.85345;0
8.898;0
9.874;0
10.995;0
12.212;0
14.2973;0
24.9161;0
31.6473;0
18.2192;0
13.05645;0
10.64615;0
11.75845;0
15.2502;0
11.45875;0
9.64245;0
9.2803;0
11.19745;0
14.50275;0
20.1198;0
34.9585;0
40.4524;0
29.1733;0
20.30465;0
17.29505;0
15.13345;0
15.48;0
17.226;0
18.511;0
19.054;0
21.4893;0
31.6991;0
38.6973;0
27.4742;0
23.37045;0
11.12615;0
5.77045;0
8.2782;0
4.97775;0.076
2.73045;0.216
1.6713;0.013
2.48345;0
4.47175;0
13.9018;0
32.8325;0
38.7674;0
25.2693;0
17.09165;0
15.21105;0
12.61945;0
11.572;0
11.862;0
12.164;0
12.472;0
14.5413;0
24.9931;0
31.8053;0
19.7852;0
15.68145;0
7.12515;0
5.12045;0
8.0042;0
4.93975;0
2.58945;0
1.6443;0
2.46645;0
4.22075;0
10.9248;0
28.5805;0
35.7254;0
23.3573;0
13.94665;0
10.60105;0
8.34245;0
7.054;0
8.213;0
9.222;0
10.526;0
13.2833;0
23.5331;0
30.5143;0
18.3772;0
11.49145;0
5.34515;0
4.33545;0
7.5772;0
4.68875;0
2.54445;0
1.6443;0
2.49645;0
4.76275;0
11.5228;0
29.5995;0
35.8584;0
25.4923;0
17.74265;0
15.01805;0
12.62745;0
12.592;0
14.278;0
15.478;0
15.24;0
17.1153;0
28.5951;0
37.4573;0
25.6492;0
21.63845;0
13.72215;0
10.65945;0
10.6342;0
7.24075;0
4.98145;0
3.4003;0
4.43445;0
9.10575;0
17.3138;0
35.1645;0
42.5034;0
29.4123;0
22.63565;0
20.93205;0
17.76445;0
17.394;0
19.905;0
22.057;0
22.85;0
25.6203;0
36.4681;0
43.4003;0
31.7512;0
23.97145;0
15.81915;0
12.99145;0
13.0352;0
9.64575;0
7.71145;0
6.5573;0
7.90045;0
14.58675;0
25.0978;0
42.4515;0
47.4004;0
34.7233;0
26.45565;0
23.47505;0
21.06045;0
22.032;0
23.422;0
24.17;0
24.903;0
27.6313;0
38.4261;0
45.8683;0
34.2792;0
26.63345;0
17.15015;0
13.41445;0
13.5312;0
9.50575;0
7.57545;0
6.9093;0
8.68145;0
16.95275;0
27.3908;0
45.4345;0
51.8394;0
39.7453;0
32.04265;0
30.07805;0
28.31445;0
29.649;0
31.38;0
33.067;0
34.814;0
37.2593;0
47.1701;0
53.8793;0
41.7672;0
35.31345;0
25.25215;0
18.91045;0
20.4242;0
16.17575;0
13.84845;0
14.6783;0
19.53945;0
26.93375;0
34.2238;0
50.3345;0
56.0324;0
43.9633;0
35.58465;0
33.73305;0
32.56845;0
32.794;0
33.339;0
35.668;0
36.419;0
39.0963;0
50.2581;0
57.8273;0
45.6002;0
41.49345;0
29.75515;0
21.84445;0
20.5182;0
15.17775;0
11.80645;0
12.2523;0
17.90845;0
28.60775;0
38.2508;0
55.3925;0
62.1214;0
48.1673;0
41.91365;0
40.40005;0
38.83145;0
40.829;0
42.501;0
42.991;0
43.904;0
46.4683;0
56.9071;0
63.4723;0
50.5982;0
43.90145;0
35.78115;0
36.74845;0
40.5322;0
36.13775;0
34.70945;0
32.4523;0
37.12545;0
40.65975;0
42.2808;0
56.8355;0
61.3294;0
43.6343;0
35.23265;0
31.59305;0
28.92745;0
29.688;0
30.05;0
30.354;0
30.603;0
32.5013;0
42.5291;0
49.1673;0
37.0102;0
29.96245;0
25.57015;0
26.74845;0
28.8502;0
19.91575;0
18.08245;0
17.3403;0
24.18545;0
29.94375;0
32.5978;0
48.0015;0
54.1654;0
41.0853;0
31.18065;0
27.41105;0
24.97845;0
25.9;0
26.277;0
26.169;0
26.094;0
27.7343;0
37.6641;0
44.2923;0
32.1452;0
28.27845;0
22.18615;0
22.99245;0
25.4422;0
20.85175;0
18.35245;0
16.9203;0
22.77445;0
29.27875;0
32.8228;0
50.1855;0
57.8284;0
41.8523;0
34.68765;0
32.06705;0
30.59345;0
32.868;0
33.821;0
34.631;0
35.422;0
37.6243;0
48.4761;0
55.3383;0
42.8142;0
36.62945;0
33.17915;0
36.38645;0
40.7352;0
33.42375;0
32.11745;0
31.7913;0
37.63245;0
41.42075;0
42.9548;0
56.9435;0
61.1334;0
46.5213;0
36.58665;0
32.67905;0
30.12745;0
31.179;0
31.625;0
31.33;0
31.287;0
33.0893;0
43.1291;0
49.2853;0
36.9912;0
30.28445;0
26.78715;0
29.98045;0
34.4912;0
26.61475;0
25.00545;0
24.1173;0
30.33645;0
34.10875;0
35.7628;0
50.4515;0
55.1784;0
41.5153;0
32.48165;0
29.23605;0
26.95945;0
27.957;0
28.483;0
28.6;0
28.713;0
30.3833;0
40.0471;0
46.4653;0
33.2062;0
27.55545;0
24.99215;0
26.14845;0
30.8102;0
27.19475;0
25.11045;0
24.9283;0
27.35845;0
30.94575;0
34.9428;0
49.2235;0
54.6054;0
42.7193;0
33.65265;0
30.47305;0
28.17245;0
29.145;0
30.391;0
31.35;0
31.823;0
34.2863;0
44.3911;0
50.9253;0
38.0132;0
34.24445;0
26.72315;0
23.92145;0
26.3662;0
16.49475;0
12.84645;0
14.1203;0
19.09545;0
28.71875;0
36.6368;0
52.5985;0
57.7974;0
41.7853;0
34.92665;0
33.69505;0
32.19245;0
33.787;0
35.879;0
37.643;0
38.057;0
39.0873;0
48.2941;0
55.0183;0
42.4612;0
38.43945;0
31.60515;0
29.41245;0
26.7572;0
17.99475;0
13.97845;0
14.1033;0
22.16345;0
32.57575;0
37.2558;0
53.7675;0
60.8594;0
45.5223;0
39.35565;0
36.94205;0
34.94945;0
37.335;0
38.377;0
38.561;0
38.682;0
40.3303;0
49.8471;0
55.9273;0
43.1982;0
35.57445;0
27.69915;0
21.68245;0
18.4522;0
12.51275;0
10.25745;0
9.6303;0
14.07745;0
28.65775;0
35.9298;0
52.9985;0
59.1034;0
46.1653;0
38.26665;0
36.24905;0
34.50945;0
36.508;0
37.821;0
38.611;0
39.678;0
42.0123;0
51.1031;0
58.4143;0
47.9312;0
43.02645;0
33.93015;0
30.06045;0
34.1972;0
27.57975;0
21.17545;0
20.6793;0
30.04545;0
36.39875;0
38.7828;0
53.7185;0
58.6344;0
41.7093;0
33.35565;0
29.04605;0
25.80745;0
26.311;0
26.477;0
25.841;0
24.672;0
25.4723;0
34.6101;0
40.2763;0
27.8372;0
21.19645;0
17.67315;0
20.18945;0
23.8142;0
16.40075;0
14.28345;0
12.7793;0
17.31645;0
21.66775;0
23.0228;0
37.5135;0
41.6084;0
28.3963;0
19.17365;0
15.91105;0
13.33845;0
12.758;0
12.873;0
12.668;0
12.643;0
14.4333;0
24.4181;0
31.4073;0
19.5812;0
13.72645;0
11.57215;0
14.36945;0
17.2572;0
10.08475;0
8.01545;0
7.8183;0
11.72145;0
18.08875;0
20.5018;0
35.7235;0
40.9874;0
28.8993;0
19.89965;0
15.45705;0
11.03745;0
9.31;0
9.412;0
8.936;0
9.925;0
14.8573;0
25.7481;0
32.6753;0
20.4372;0
15.22745;0
12.92715;0
14.39145;0
19.1192;0
17.09475;0
16.66445;0
16.2613;0
17.82045;0
20.78575;0
24.6898;0
38.6885;0
43.5524;0
31.5473;0
22.18365;0
19.16505;0
16.54645;0
16.208;0
16.54;0
16.588;0
16.646;0
18.4033;0
28.3131;0
35.0493;0
22.1932;0
20.02945;0
15.47915;0
15.06145;0
17.9242;0
14.89375;0
13.62145;0
13.8613;0
16.71845;0
22.74375;0
28.0108;0
41.9235;0
47.0714;0
32.5983;0
25.26465;0
22.76205;0
20.83445;0
22.107;0
22.96;0
23.107;0
22.879;0
23.9713;0
33.8101;0
41.0013;0
29.1062;0
25.98145;0
20.61215;0
17.34545;0
17.7162;0
13.29175;0
12.92945;0
14.0983;0
20.52545;0
27.46775;0
30.2678;0
45.7745;0
50.8444;0
35.1133;0
29.11865;0
27.09205;0
24.43045;0
24.96;0
25.498;0
25.988;0
26.009;0
27.6083;0
37.6081;0
44.6613;0
33.9742;0
28.13545;0
23.29715;0
21.56345;0
22.4622;0
14.05575;0
10.82945;0
11.2443;0
18.37345;0
28.49075;0
33.7948;0
50.0695;0
55.8404;0
43.3873;0
35.33865;0
33.05805;0
31.33045;0
32.335;0
32.606;0
32.73;0
32.789;0
34.6943;0
44.9461;0
51.9123;0
40.3322;0
37.32145;0
33.24615;0
36.45945;0
40.8652;0
33.80375;0
31.51545;0
31.1783;0
38.71645;0
43.29475;0
45.1768;0
60.0145;0
64.6594;0
47.6123;0
40.57665;0
37.87505;0
36.15145;0
37.618;0
38.413;0
38.746;0
38.866;0
40.7963;0
51.2841;0
58.1463;0
46.4592;0
40.31845;0
37.81915;0
40.59245;0
44.3212;0
36.79575;0
35.99245;0
35.7303;0
41.93045;0
45.98075;0
47.6938;0
62.0545;0
66.4494;0
52.3553;0
43.12365;0
39.70705;0
37.35745;0
38.515;0
38.884;0
38.936;0
38.769;0
40.5953;0
50.6221;0
57.3323;0
45.6792;0
39.41045;0
36.48215;0
40.18945;0
44.5532;0
37.43875;0
36.31745;0
36.2903;0
41.88245;0
44.92675;0
46.6618;0
61.1605;0
65.8374;0
51.7373;0
42.67265;0
39.53005;0
37.39045;0
38.571;0
38.935;0
39.498;0
39.949;0
41.7843;0
51.7531;0
58.3103;0
45.3062;0
39.46045;0
36.52815;0
37.28845;0
39.2802;0
28.96475;0
21.24045;0
20.2613;0
25.83445;0
34.07575;0
39.9298;0
53.9115;0
59.1514;0
48.0483;0
39.27865;0
36.12505;0
34.45845;0
35.844;0
36.572;0
37.572;0
37.99;0
39.8393;0
49.8491;0
56.3253;0
43.2492;0
40.21145;0
35.26915;0
34.62845;0
38.6832;0
36.78775;0
33.37445;0
33.2213;0
36.97445;0
41.22075;0
45.3918;0
59.8185;0
64.9034;0
49.2243;0
41.87965;0
39.07405;0
36.94045;0
38.108;0
38.122;0
38.319;0
38.505;0
39.5833;0
49.5831;0
56.3863;0
43.9542;0
40.36045;0
32.70815;0
27.27945;0
25.1352;0
19.87975;0
17.09645;0
16.5703;0
26.10845;0
39.29175;0
43.5298;0
58.9075;0
63.6564;0
46.8133;0
39.08365;0
36.00805;0
33.51445;0
34.958;0
35.813;0
35.795;0
35.736;0
37.2963;0
47.2861;0
53.7633;0
42.1092;0
35.80345;0
32.70215;0
35.72545;0
39.2522;0
31.51675;0
30.46245;0
30.2063;0
35.96545;0
40.81475;0
43.2398;0
58.1285;0
62.7754;0
48.7403;0
41.39265;0
39.50605;0
36.52845;0
38.613;0
39.88;0
39.507;0
39.509;0
42.4283;0
53.3871;0
59.9083;0
47.6912;0
43.96545;0
39.31415;0
41.64845;0
45.6082;0
39.13475;0
36.87345;0
35.1563;0
40.29845;0
43.87775;0
45.1708;0
59.8595;0
64.5324;0
47.1553;0
39.75265;0
36.68305;0
34.49745;0
35.618;0
35.858;0
35.736;0
35.584;0
37.1253;0
46.8231;0
52.9203;0
40.4342;0
33.98745;0
31.53115;0
35.39945;0
39.9022;0
32.75975;0
31.52445;0
30.6133;0
36.16945;0
39.57775;0
41.1608;0
55.5995;0
60.3554;0
46.6543;0
37.75365;0
34.46105;0
32.11045;0
33.299;0
33.724;0
33.97;0
33.959;0
35.6523;0
45.3601;0
51.8283;0
40.1252;0
34.08345;0
30.73615;0
33.80445;0
37.9922;0
31.06675;0
29.91345;0
29.0253;0
34.93045;0
38.22075;0
39.4518;0
53.7495;0
58.2374;0
44.3853;0
34.97965;0
31.52605;0
29.24545;0
30.079;0
30.191;0
30.113;0
30.087;0
31.6603;0
41.2821;0
47.3743;0
33.4932;0
27.27945;0
24.05615;0
23.61345;0
26.6702;0
22.46275;0
21.02445;0
21.5603;0
24.14745;0
27.98175;0
31.8108;0
45.5305;0
50.6174;0
39.2283;0
30.65765;0
27.19905;0
24.43345;0
24.938;0
25.188;0
24.982;0
25.054;0
26.6303;0
36.1921;0
42.5853;0
29.0092;0
25.96345;0
21.78215;0
22.15745;0
25.7612;0
23.16875;0
20.60545;0
19.2373;0
20.08745;0
22.54275;0
25.7458;0
39.8115;0
43.8754;0
28.2683;0
19.44365;0
16.35905;0
13.41045;0
12.446;0
13.2;0
14.585;0
16.153;0
19.6373;0
30.8371;0
38.0803;0
26.4292;0
24.03645;0
18.85415;0
20.14745;0
23.9942;0
18.19975;0
14.30045;0
14.1453;0
20.40445;0
26.80775;0
29.6918;0
45.3845;0
50.1164;0
33.1863;0
25.06465;0
21.92005;0
19.27545;0
19.86;0
20.42;0
20.721;0
20.876;0
22.7433;0
32.5351;0
38.9783;0
26.8482;0
20.19445;0
17.05015;0
20.06945;0
24.1452;0
16.45875;0
14.29345;0
13.0763;0
17.23845;0
21.42175;0
23.2918;0
37.8075;0
42.3564;0
29.5903;0
20.47565;0
17.15305;0
14.54845;0
14.861;0
15.755;0
15.904;0
16.174;0
18.0863;0
28.3481;0
35.3583;0
23.5832;0
21.07145;0
16.87615;0
19.93345;0
24.6282;0
19.73075;0
18.43745;0
16.8613;0
22.44445;0
26.87775;0
28.5728;0
43.5235;0
48.0924;0
31.4173;0
22.70865;0
19.03305;0
15.86845;0
17.108;0
20.158;0
22.141;0
22.942;0
24.3053;0
34.4501;0
41.8213;0
30.0042;0
24.01645;0
20.05015;0
19.78645;0
20.1112;0
13.64075;0
12.35145;0
11.9033;0
17.55245;0
25.90075;0
29.6018;0
45.3735;0
50.6394;0
37.5033;0
28.78665;0
25.87405;0
23.54845;0
24.591;0
25.364;0
26.123;0
27.738;0
30.9143;0
41.7241;0
49.0893;0
36.9512;0
29.72845;0
23.03715;0
17.97645;0
15.1702;0
8.84275;0
6.45845;0
5.7473;0
7.52345;0
16.22175;0
22.4198;0
38.0195;0
43.8294;0
32.6103;0
25.18465;0
22.78505;0
20.83345;0
23.387;0
25.808;0
27.075;0
27.632;0
29.4053;0
38.9491;0
45.1203;0
31.5422;0
25.40345;0
22.64815;0
23.79945;0
28.1772;0
24.15175;0
21.98545;0
21.3893;0
23.21545;0
26.29575;0
29.6638;0
43.1845;0
47.8544;0
35.6153;0
26.12565;0
22.32005;0
19.22045;0
19.517;0
20.312;0
21.541;0
22.681;0
24.5753;0
34.9531;0
42.3463;0
29.2462;0
26.39545;0
21.82715;0
20.40645;0
24.8402;0
22.99875;0
21.47445;0
21.3703;0
22.85045;0
26.91375;0
31.3818;0
46.0455;0
51.1684;0
35.9613;0
28.29265;0
25.43605;0
23.56745;0
25.361;0
26.741;0
27.609;0
29.051;0
31.7293;0
42.5111;0
50.0323;0
37.7422;0
33.11545;0
27.60415;0
26.98245;0
25.0932;0
17.13575;0
13.65045;0
13.5773;0
20.91645;0
32.14175;0
36.5548;0
52.3855;0
57.6454;0
41.4353;0
34.99665;0
32.79105;0
30.52445;0
31.491;0
31.934;0
32.159;0
32.601;0
34.6123;0
44.8481;0
51.8073;0
39.9542;0
33.97245;0
29.06615;0
26.26245;0
28.9492;0
20.24775;0
22.13645;0
24.6983;0
31.43545;0
35.85975;0
37.8028;0
52.4155;0
57.0364;0
43.6933;0
35.72665;0
33.93805;0
32.36945;0
33.316;0
33.164;0
32.725;0
32.429;0
34.0193;0
44.0771;0
50.4803;0
37.9332;0
34.31845;0
29.92715;0
32.88845;0
37.3552;0
31.63975;0
29.45945;0
27.5533;0
33.07145;0
36.91975;0
38.4438;0
53.3865;0
58.1134;0
40.7413;0
33.25265;0
30.46505;0
28.04845;0
29.091;0
29.966;0
30.217;0
29.929;0
31.1963;0
40.8941;0
47.5963;0
35.5452;0
29.19645;0
26.24715;0
29.26745;0
33.6972;0
25.61175;0
23.28145;0
21.6233;0
27.08845;0
31.37375;0
34.1308;0
49.5885;0
55.5834;0
43.1343;0
34.69465;0
31.45405;0
28.76745;0
29.423;0
29.921;0
30.29;0
30.119;0
31.6683;0
41.4361;0
48.0763;0
36.2892;0
30.07245;0
25.96115;0
26.84445;0
30.8072;0
23.03675;0
21.10545;0
20.4613;0
27.48845;0
32.33475;0
34.6748;0
49.1095;0
53.7034;0
39.7323;0
30.45665;0
27.10605;0
24.28445;0
24.684;0
25.111;0
25.534;0
25.392;0
26.9273;0
36.6951;0
43.2713;0
30.2872;0
24.81845;0
21.34515;0
20.98345;0
25.8202;0
22.08575;0
19.47345;0
18.9303;0
21.12845;0
24.75075;0
28.8428;0
42.4995;0
47.2804;0
34.9203;0
25.63965;0
22.33305;0
19.43545;0
19.445;0
19.746;0
20.485;0
20.902;0
23.1533;0
33.2851;0
40.0933;0
27.7442;0
25.79145;0
20.01315;0
17.98445;0
22.6422;0
20.76875;0
17.97545;0
17.6373;0
21.04645;0
25.83775;0
29.8298;0
43.3135;0
47.0974;0
30.5553;0
21.61765;0
19.35805;0
17.20545;0
17.341;0
17.571;0
17.316;0
17.017;0
18.6983;0
29.1491;0
36.5863;0
25.7522;0
24.71245;0
22.17915;0
25.53345;0
29.4882;0
23.35475;0
19.33545;0
15.3033;0
19.14145;0
22.95475;0
24.6908;0
39.9105;0
44.5924;0
28.6463;0
19.88265;0
17.29105;0
15.40245;0
16.605;0
17.896;0
18.402;0
18.451;0
20.1333;0
30.0401;0
36.9793;0
25.8602;0
20.00045;0
17.86415;0
22.45845;0
27.7642;0
20.98475;0
19.77845;0
19.2913;0
25.14645;0
28.39775;0
30.6418;0
45.5525;0
49.9304;0
36.6953;0
28.13265;0
25.31605;0
23.82845;0
25.452;0
26.502;0
26.74;0
26.903;0
28.7083;0
38.3221;0
45.0373;0
34.1212;0
32.11145;0
28.27115;0
30.27845;0
32.1392;0
21.59875;0
20.25845;0
19.5713;0
25.84245;0
30.73375;0
33.3698;0
48.5385;0
53.2034;0
36.7783;0
29.55165;0
26.77605;0
24.86645;0
26.273;0
27.002;0
27.01;0
26.785;0
28.3063;0
38.2151;0
45.0413;0
33.8372;0
28.13145;0
25.28915;0
27.93845;0
30.2612;0
19.55475;0
18.09845;0
17.3163;0
23.14845;0
27.43375;0
29.3838;0
43.6425;0
48.5544;0
35.8603;0
27.41765;0
24.44805;0
22.31045;0
23.498;0
24.27;0
24.159;0
23.882;0
25.3783;0
35.1621;0
41.9613;0
30.7222;0
25.16045;0
22.67415;0
26.03545;0
28.9882;0
19.26575;0
16.57345;0
15.2723;0
20.12845;0
24.43075;0
26.4598;0
40.5965;0
45.3234;0
32.9143;0
24.92965;0
23.72405;0
24.70945;0
