Cooling,Heating
0,2.31025
0,2.57625
0,2.79275
0,2.92
0,2.97675
0,2.9995
0,2.97325
0,2.93525
0,7.87025
0,4.96025
0,5.42425
0,6.6355
0,5.21075
0,4.564
0,4.4175
0,5.342
0,5.1355
0,5
0,0.19675
0,1.6185
0,2.219
0,2.34
0,2.37425
0,2.40425
0,2.454
0,2.48275
0,2.4905
0,2.48425
0,2.438
0,2.37125
0,2.31375
0,2.285
0,7.47125
0,4.32375
0,3.6905
0,3.637
0,3.2365
0,3.33425
0,2.94075
0,3.39225
0,3.46325
0,4.037
0,0
0,0.71025
0,1.29625
0,1.525
0,1.60825
0,1.696
0,1.79575
0,1.85975
0,1.89825
0,1.91825
0,1.95125
0,2.01075
0,2.037
0,2.0745
0,2.09525
0,2.06
0,1.97525
0,1.8925
0,1.82425
0,1.95675
0,2.239
0,2.42825
0,2.51025
0,2.533
0,2.54475
0,2.56675
0,2.5995
0,2.6755
0,2.7135
0,2.69225
0,2.7
0,2.7285
0,2.7285
0,2.7195
0,2.73975
0,2.7175
0,2.68275
0,2.70375
0,2.733
0,2.64575
0,2.3665
0,1.849
0,1.4
0,1.25375
0,1.398
0,1.7345
0,2.3295
0,2.62775
0,2.65275
0,2.638
0,2.632
0,2.62775
0,2.62925
0,2.67
0,2.7255
0,2.75575
0,2.8085
0,2.81825
0,2.79375
0,2.78725
0,2.78925
0,2.802
0,7.81525
0,4.79975
0,4.624
0,5.43775
0,5.047
0,4.64025
0,4.3685
0,5
0,4.88925
0,4.9325
0,0.13225
0,1.503
0,2.14275
0,2.2985
0,2.37475
0,2.43475
0,2.52675
0,2.5965
0,2.651
0,2.66725
0,2.6415
0,2.63275
0,2.6545
0,2.6645
0,2.6625
0,2.621
0,2.48075
0,2.49775
0,2.535
0,2.48925
0,2.488
0,2.48675
0,2.596
0,2.69
0,2.6955
0,2.7195
0,2.74525
0,2.79325
0,2.85175
0,2.87575
0,2.90825
0,2.9635
0,3.018
0,3.03
0,3.02075
0,3.069
0,3.12925
0,3.19975
0,3.247
0,3.0155
0,2.587
0,2.4275
0,2.41625
0,2.4955
0,2.59625
0,2.70175
0,2.916
0,3.046
0,3.064
0,3.0915
0,3.1155
0,3.1385
0,3.13925
0,3.144
0,3.16075
0,3.1695
0,3.166
0,3.16025
0,3.1485
0,3.16075
0,3.1945
0,3.23875
0,8.0025
0,5.358
0,5.3065
0,6.36225
0,5.56725
0,5.00275
0,4.89225
0,5.574
0,5.54925
0,5.4215
0,0.3375
0,2.073
0,2.66475
0,2.79425
0,2.87
0,2.92825
0,2.9675
0,3.002
0,3.0345
0,3.06475
0,3.089
0,3.10525
0,3.1195
0,3.127
0,7.948
0,5.45325
0,5.61025
0,6.67125
0,5.35475
0,4.68725
0,4.65525
0,5.57075
0,5.51125
0,5.35725
0,0.3135
0,2.04025
0,2.689
0,2.84225
0,2.93025
0,3.00375
0,3.0585
0,3.06825
0,3.06875
0,3.06375
0,3.039
0,2.9885
0,2.95175
0,2.93825
0,2.9085
0,2.8275
0,2.70125
0,2.6295
0,2.58725
0,2.56625
0,2.5445
0,2.55825
0,2.58175
0,2.58125
0,2.5465
0,2.477
0,2.3775
0,2.2965
0,2.2505
0,2.24625
0,2.30825
0,2.37625
0,2.402
0,2.4125
0,2.43975
0,2.44075
0,2.4295
0,2.49375
0,2.54075
0,2.42675
0,2.21825
0,2.07025
0,1.9585
0,1.6505
0,1.38875
0,1.51475
0,2.00625
0,2.32975
0,2.40875
0,2.4
0,2.50825
0,2.60075
0,2.55925
0,2.5975
0,2.65375
0,2.693
0,2.719
0,2.73125
0,2.73775
0,2.754
0,2.79175
0,2.8385
0,7.89225
0,4.679
0,3.62875
0,3.7655
0,3.831
0,3.397
0,3.11075
0,3.693
0,3.93275
0,4.49875
0,0.01625
0,1.1735
0,1.87875
0,2.03275
0,2.11375
0,2.1805
0,2.21725
0,2.24475
0,2.2925
0,2.339
0,2.3195
0,2.22225
0,2.1035
0,2.041
0,2.01625
0,1.97475
0,1.907
0,1.8095
0,1.7085
0,1.6685
0,1.6735
0,1.71625
0,1.826
0,1.91125
0,1.9125
0,1.96525
0,2.03075
0,2.02525
0,2.01925
0,1.997
0,1.94225
0,1.8865
0,1.86425
0,1.90525
0,1.98
0,2.026
0,2.0835
0,2.146
0,2.16525
0,2.12475
0,1.9875
0,1.82
0,1.716
0,1.55375
0,1.65175
0,1.8245
0,2.06125
0,2.2505
0,2.32875
0,2.37575
0,2.349
0,2.3385
0,2.33275
0,2.343
0,2.3485
0,2.32975
0,2.31925
0,2.32925
0,2.376
0,2.421
0,2.385
0,2.34625
0,7.59375
0,4.34825
0,3.5925
0,3.6645
0,3.989
0,3.88075
0,3.214
0,3.75025
0,3.952
0,4.509
0,0.0205
0,1.19625
0,1.91625
0,2.089
0,2.16475
0,2.1985
0,2.2305
0,2.294
0,2.32625
0,2.3285
0,2.3565
0,2.40025
0,2.44025
0,2.48975
0,7.71375
0,4.59825
0,3.83675
0,4.17175
0,3.56775
0,3.52625
0,3.2265
0,4.04575
0,4.10575
0,4.48375
0,0.0265
0,1.3315
0,2.07475
0,2.25825
0,2.3345
0,2.36275
0,2.39025
0,2.445
0,2.5215
0,2.57875
0,2.601
0,2.61475
0,2.616
0,2.613
0,2.59925
0,2.432
0,2.01075
0,2.01
0,2.12775
0,2.17425
0,2.20825
0,2.2605
0,2.39975
0,2.50175
0,2.54225
0,2.61175
0,2.703
0,2.75525
0,2.7865
0,2.772
0,2.75175
0,2.75375
0,2.72875
0,2.703
0,2.695
0,2.68275
0,2.67675
0,2.6795
0,2.628
0,2.513
0,2.34225
0,2.17975
0,2.09475
0,1.99975
0,1.91325
0,1.865
0,1.88225
0,1.9295
0,1.9235
0,1.914
0,1.94
0,1.9585
0,1.957
0,1.9745
0,1.9895
0,1.97825
0,1.96275
0,1.96325
0,1.96975
0,1.967
0,1.97125
0,2.001
0,7.41475
0,3.97375
0,2.74475
0,2.322
0,3.3095
0,3.56525
0,2.48475
0,2.5575
0,2.91575
0,3.838
0,0.00375
0,0.52975
0,1.40825
0,1.747
0,1.837
0,1.8875
0,1.95025
0,2.0265
0,2.095
0,2.13
0,2.16875
0,2.2195
0,2.2665
0,2.32025
0,2.33875
0,2.03625
0,1.3065
0,0.76275
0,0.53575
0,0.466
0,0.5775
0,0.90575
0,1.36575
0,1.8025
0,1.925
0,1.979
0,1.99125
0,1.99525
0,2.04
0,2.08025
0,2.119
0,2.1775
0,2.23475
0,2.28025
0,2.3
0,2.263
0,2.21575
0,2.20075
0,2.20925
0,2.13375
0,1.916
0,1.636
0,1.74125
0,1.847
0,1.85625
0,1.8665
0,1.979
0,2.038
0,2.027
0,2.03825
0,2.06425
0,2.09925
0,2.13325
0,2.15725
0,2.17225
0,2.221
0,2.2635
0,2.298
0,2.332
0,2.3435
0,2.3935
0,2.48675
0,7.71825
0,4.33975
0,3.463
0,3.67075
0,3.038
0,3.429
0,3.03225
0,3.3855
0,3.64525
0,4.29275
0,0.00625
0,0.90525
0,1.6135
0,1.73625
0,1.75075
0,1.74275
0,1.72025
0,1.70875
0,1.7135
0,1.7305
0,1.7655
0,1.8155
0,1.8805
0,1.9705
0,7.38875
0,4.1315
0,3.3305
0,3.19725
0,3.11425
0,2.73525
0,2.31175
0,2.87375
0,3.168
0,3.8785
0,0
0,0.6545
0,1.33
0,1.65375
0,1.79825
0,1.85675
0,1.91775
0,2.00925
0,2.07675
0,2.09875
0,2.11325
0,2.20275
0,2.28625
0,2.358
0,2.3865
0,2.16675
0,1.6615
0,1.57225
0,1.4125
0,1.34625
0,1.6555
0,1.96225
0,2.2175
0,2.45825
0,2.5795
0,2.6005
0,2.6185
0,2.6275
0,2.601
0,2.55225
0,2.5005
0,2.567
0,2.63375
0,2.61725
0,2.66275
0,2.6735
0,2.64725
0,2.6655
0,2.65275
0,2.62025
0,2.28725
0,1.58625
0,1.4855
0,1.30025
0,1.3005
0,1.7725
0,2.2045
0,2.46925
0,2.54175
0,2.592
0,2.68375
0,2.71575
0,2.7415
0,2.77825
0,2.81
0,2.82075
0,2.83875
0,2.92525
0,2.91725
0,2.90425
0,2.96025
0,3.0115
0,7.94175
0,4.74625
0,4.3465
0,4.8925
0,3.25775
0,2.97825
0,3.1905
0,4.07525
0,4.26725
0,4.836
0,0.1645
0,1.65775
0,2.417
0,2.6575
0,2.79025
0,2.881
0,2.973
0,3.00575
0,2.9895
0,2.99
0,3.003
0,3.039
0,3.05825
0,3.06725
0,3.071
0,2.909
0,2.5955
0,2.196
0,2.007
0,2.08275
0,2.385
0,2.611
0,2.81775
0,2.9885
0,3.01675
0,3.00725
0,2.9775
0,2.9635
0,2.9545
0,2.9575
0,2.96375
0,2.93075
0,2.897
0,2.8805
0,2.8685
0,2.87075
0,2.884
0,2.888
0,2.87025
0,2.65075
0,1.86775
0,1.22825
0,1.011
0,0.94425
0,1.0545
0,1.38525
0,2.01775
0,2.52275
0,2.64375
0,2.68
0,2.728
0,2.76625
0,2.744
0,2.71825
0,2.72275
0,2.78875
0,2.88325
0,2.94075
0,3.0005
0,3.0465
0,3.07525
0,3.10225
0,7.96475
0,5.00325
0,4.78375
0,5.4445
0,4.9295
0,4.55075
0,4.051
0,4.4735
0,4.554
0,4.848
0,0.11125
0,1.479
0,2.07775
0,2.266
0,2.388
0,2.458
0,2.52925
0,2.652
0,2.7555
0,2.8095
0,2.861
0,2.89925
0,2.922
0,2.9835
0,7.9145
0,5.119
0,4.77375
0,5.50025
0,4.72575
0,4.2395
0,3.89075
0,4.72225
0,4.759
0,4.972
0,0.203
0,1.74625
0,2.385
0,2.54225
0,2.63275
0,2.713
0,2.7535
0,2.73925
0,2.7395
0,2.781
0,2.8045
0,2.823
0,2.852
0,2.871
0,2.834
0,2.59175
0,2.14925
0,1.88025
0,1.83625
0,1.98625
0,2.229
0,2.4205
0,2.564
0,2.71375
0,2.81825
0,2.866
0,2.87175
0,2.8775
0,2.879
0,2.87675
0,2.87
0,2.84025
0,2.82725
0,2.8065
0,2.77725
0,2.756
0,2.73575
0,2.718
0,2.68
0,2.5865
0,2.408
0,2.233
0,2.1485
0,2.126
0,2.07025
0,2.06875
0,2.247
0,2.40725
0,2.44325
0,2.452
0,2.46475
0,2.47925
0,2.494
0,2.51925
0,2.51175
0,2.50375
0,2.5075
0,2.492
0,2.47875
0,2.47825
0,2.497
0,2.5105
0,7.72325
0,4.4345
0,3.531
0,3.51025
0,4.0535
0,3.78175
0,2.9745
0,3.34075
0,3.6425
0,4.36025
0,0.008
0,1.1765
0,2.002
0,2.15325
0,2.20875
0,2.262
0,2.28075
0,2.286
0,2.3125
0,2.3285
0,2.36075
0,2.4195
0,2.46825
0,2.4835
0,2.442
0,2.267
0,2.01925
0,1.942
0,1.8775
0,1.81175
0,1.7885
0,1.807
0,1.90925
0,2.02025
0,2.05775
0,2.08
0,2.08375
0,2.081
0,2.08225
0,2.08025
0,2.0835
0,2.0865
0,2.08425
0,2.0905
0,2.1095
0,2.1175
0,2.1145
0,2.11325
0,2.0925
0,2.00775
0,1.86525
0,1.7555
0,1.69475
0,1.5225
0,1.4005
0,1.38
0,1.53275
0,1.73425
0,1.80325
0,1.82625
0,1.83875
0,1.8245
0,1.84425
0,1.90425
0,1.96975
0,2.03675
0,2.08775
0,2.13225
0,2.16625
0,2.19325
0,2.22125
0,2.242
0,7.53575
0,4.0955
0,3.27725
0,3.69
0,3.91375
0,3.83625
0,3.514
0,4.36125
0,4.376
0,4.60875
0,0.01725
0,1.109
0,1.80875
0,2.0015
0,2.06025
0,2.0855
0,2.27225
0,2.37975
0,2.36875
0,2.39125
0,2.3275
0,2.353
0,2.505
0,2.55025
0,7.628
0,4.2
0,3.34875
0,3.09375
0,2.73825
0,3.45925
0,2.80375
0,2.9705
0,3.2925
0,4.0105
0,0
0,0.92575
0,1.62625
0,1.818
0,1.88075
0,1.88125
0,1.897
0,1.9165
0,2.02675
0,2.14275
0,2.20475
0,2.29825
0,2.42975
0,2.5435
0,2.537
0,2.49725
0,2.38175
0,2.3205
0,2.22225
0,2.01525
0,1.98125
0,2.25575
0,2.5125
0,2.6655
0,2.775
0,2.83575
0,2.85125
0,2.85425
0,2.85325
0,2.86075
0,2.862
0,2.8515
0,2.8285
0,2.8215
0,2.8335
0,2.85575
0,2.8915
0,2.90575
0,2.90625
0,2.61
0,1.81075
0,1.195
0,0.96725
0,0.84
0,1.16325
0,1.5565
0,2.1685
0,2.544
0,2.69475
0,2.8325
0,2.898
0,2.87475
0,2.9015
0,2.9125
0,2.97475
0,3.0225
0,3.03725
0,3.01675
0,3.0085
0,3.01125
0,3.10425
0,3.2205
0,7.96575
0,5.01925
0,5.1255
0,6.04725
0,4.8545
0,4.22
0,3.7605
0,4.32575
0,4.209
0,4.82125
0,0.209
0,1.80025
0,2.4415
0,2.58775
0,2.68625
0,2.71575
0,2.74825
0,2.80525
0,2.90475
0,2.9885
0,3.023
0,3.12875
0,3.1845
0,3.14825
0,3.113
0,2.9245
0,2.7485
0,2.31975
0,1.64425
0,1.33825
0,1.3125
0,1.50275
0,2.0845
0,2.55625
0,2.8215
0,3.0235
0,3.10275
0,3.04325
0,3.08375
0,3.22125
0,3.29125
0,3.31175
0,3.314
0,3.32275
0,3.26725
0,3.1945
0,3.1855
0,3.216
0,3.08925
0,2.46
0,1.5305
0,1.0845
0,1.1275
0,1.1045
0,1.2585
0,1.53475
0,2.05625
0,2.714
0,2.953
0,2.98675
0,3.09475
0,3.22175
0,3.3055
0,3.338
0,3.44675
0,3.50525
0,3.53025
0,3.587
0,3.59225
0,3.60475
0,3.664
0,3.84075
0,8.137
0,5.405
0,4.8125
0,6.632
0,3.28
0,2.652
0.205,3.24225
0,4.2525
0,4.11525
0,4.7285
0,0.3425
0,2.1525
0,2.867
0,3.0665
0,3.2285
0,3.34175
0,3.4105
0,3.50375
0,3.577
0,3.657
0,3.757
0,3.78625
0,3.77725
0,3.8385
0,8.05275
0,5.27575
0,4.87025
0,6.8275
0,3.118
0.057,2.438
0.157,3.32625
0,4.50075
0,4.20775
0,4.68275
0,0.3045
0,2.07775
0,2.8035
0,2.99225
0,3.1095
0,3.20725
0,3.31675
0,3.35675
0,3.40025
0,3.4655
0,3.55975
0,3.6105
0,3.64225
0,3.67975
0,3.48875
0,2.5715
0,1.31825
0,0.69375
0,0.299
0,0.25225
0,0.4645
0,0.91775
0,1.89625
0,2.574
0,2.87475
0,2.91925
0,2.91975
0,2.92025
0,3.0055
0,3.11375
0,3.13325
0,3.13125
0,3.1215
0,3.108
0,3.1025
0,3.096
0,3.09875
0,3.12225
0,3.105
0,2.98825
0,2.8235
0,2.70075
0,2.651
0,2.60925
0,2.61225
0,2.63075
0,2.771
0,2.927
0,2.986
0,3.018
0,3.03825
0,3.052
0,3.05575
0,3.067
0,3.04925
0,2.99175
0,2.96325
0,2.9605
0,2.9555
0,2.93475
0,2.89375
0,2.85975
0,7.87225
0,4.6355
0,3.17075
0,3.11975
0,2.726
0,2.746
0,2.23825
0,2.70375
0,2.99325
0,4.04125
0,0.0175
0,1.281
0,1.983
0,2.12725
0,2.1905
0,2.2605
0,2.31875
0,2.354
0,2.4005
0,2.42825
0,2.4495
0,2.65575
0,2.92125
0,2.98
0,2.92125
0,2.70475
0,2.44325
0,2.35125
0,2.277
0,1.8525
0,1.5045
0,1.76725
0,2.37225
0,2.684
0,2.7915
0,2.79375
0,2.764
0,2.75625
0,2.757
0,2.75775
0,2.7905
0,2.81425
0,2.8285
0,2.8225
0,2.80975
0,2.8015
0,2.802
0,2.8255
0,2.7605
0,2.5155
0,2.19475
0,2.0705
0,1.975
0,1.89075
0,1.917
0,1.984
0,2.133
0,2.279
0,2.30825
0,2.29325
0,2.27375
0,2.26425
0,2.26775
0,2.28075
0,2.299
0,2.3185
0,2.31775
0,2.303
0,2.298
0,2.29375
0,2.2785
0,2.25725
0,7.54625
0,4.10875
0,2.83825
0,2.4095
0,3.354
0,3.5675
0,2.41275
0,2.421
0,2.85875
0,3.8845
0,0.00325
0,0.4775
0,1.26125
0,1.4855
0,1.565
0,1.616
0,1.66725
0,1.734
0,1.82325
0,1.91725
0,1.97325
0,2.0285
0,2.103
0,2.16175
0,7.478
0,3.81725
0,2.368
0,2.58825
0,1.77125
0,2.14375
0,1.8175
0,2.17575
0,2.6055
0,3.48225
0,0
0,0.725
0,1.506
0,1.78775
0,1.8795
0,1.88275
0,1.89775
0,1.9575
0,1.988
0,2.0025
0,2.02075
0,2.05025
0,2.07175
0,2.0605
0,1.969
0,1.81775
0,1.64875
0,1.518
0,1.41825
0,1.344
0,1.13175
0,1.23925
0,1.483
0,1.686
0,1.84125
0,1.95025
0,1.91175
0,2.00525
0,2.1365
0,2.206
0,2.30875
0,2.2785
0,2.28275
0,2.31975
0,2.33425
0,2.38
0,2.4875
0,2.55225
0,2.48675
0,2.23225
0,1.88525
0,1.522
0,1.15675
0,0.966
0,0.9355
0,1.123
0,1.39175
0,1.9745
0,2.2775
0,2.4555
0,2.59775
0,2.58425
0,2.63
0,2.5695
0,2.4725
0,2.46125
0,2.492
0,2.51975
0,2.57375
0,2.61275
0,2.61425
0,2.59125
0,7.7035
0,4.48475
0,4.076
0,4.60875
0,4.07625
0,3.5185
0,3.03925
0,3.52475
0,3.40575
0,4.183
0,0.00975
0,1.185
0,1.924
0,2.059
0,2.14725
0,2.25075
0,2.3655
0,2.409
0,2.46725
0,2.52
0,2.54625
0,2.59
0,2.61075
0,2.6295
0,2.591
0,2.44375
0,2.226
0,2.07625
0,2.003
0,1.94325
0,1.94525
0,1.4975
0,1.3375
0,1.903
0,2.29425
0,2.41
0,2.458
0,2.5325
0,2.606
0,2.7035
0,2.7755
0,2.82025
0,2.87575
0,2.8925
0,2.93175
0,2.98775
0,3.006
0,3.019
0,2.79925
0,2.24325
0,1.52525
0,0.7715
0,0.33975
0,0.43775
0,0.98375
0,1.36725
0,1.7135
0,2.0185
0,2.198
0,2.28975
0,2.353
0,2.362
0,2.3575
0,2.37875
0,2.403
0,2.4205
0,2.4235
0,2.41975
0,2.42375
0,2.42975
0,2.43975
0,2.46025
0,7.632
0,4.207
0,3.21775
0,2.97625
0,3.37725
0,3.5405
0,2.43325
0,2.4175
0,2.5475
0,3.587
0,0.0045
0,0.622
0,1.46125
0,1.82825
0,2.0195
0,2.09925
0,2.15025
0,2.209
0,2.27475
0,2.313
0,2.33325
0,2.32725
0,2.315
0,2.27625
0,7.459
0,4.00575
0,3.03475
0,2.7985
0,2.73275
0,3.172
0,2.509
0,2.9025
0,3.1885
0,3.926
0,0
0,0.6
0,1.30075
0,1.5835
0,1.72825
0,1.83975
0,1.91375
0,1.97975
0,2.023
0,2.07025
0,2.10425
0,2.1335
0,2.15475
0,2.1175
0,1.87025
0,1.28925
0,0.77925
0,0.34025
0,0.0675
0,0.03675
0,0.24225
0,0.60175
0,0.78875
0,1.21575
0,1.55575
0,1.65175
0,1.691
0,1.7295
0,1.80175
0,1.912
0,2.05325
0,2.19575
0,2.317
0,2.408
0,2.46075
0,2.49525
0,2.49975
0,2.4825
0,2.30325
0,1.70925
0,1.306
0,1.3455
0,1.35425
0,1.50475
0,1.5295
0,1.743
0,1.90675
0,2.06975
0,2.18225
0,2.24975
0,2.29675
0,2.3485
0,2.38625
0,2.42225
0,2.441
0,2.43675
0,2.44425
0,2.44975
0,2.454
0,2.50075
0,2.59025
0,2.616
0,7.61975
0,3.958
0,3.72225
0,4.17425
0,3.24825
0,2.7305
0,2.086
0,2.45925
0,2.66225
0,3.46125
0,0.00675
0,0.934
0,1.76075
0,2.051
0,2.16075
0,2.23175
0,2.3525
0,2.44425
0,2.52175
0,2.574
0,2.612
0,2.65975
0,2.668
0,2.672
0,2.4405
0,1.74
0,0.79125
0,0.38875
0,0.1585
0,0.12125
0,0.09425
0,0.079
0,0.2825
0,0.771
0,1.39325
0,1.741
0,1.90025
0,2.00375
0,2.07675
0,2.13
0,2.184
0,2.26125
0,2.3705
0,2.4645
0,2.56475
0,2.64425
0,2.64
0,2.64575
0,2.43525
0,1.78075
0,1.0755
0,0.6105
0,0.39675
0,0.20475
0,0.1615
0,0.48725
0,0.99275
0,1.48225
0,1.73425
0,1.88425
0,2.0205
0,2.14825
0,2.2435
0,2.278
0,2.268
0,2.2695
0,2.376
0,2.539
0,2.665
0,2.7315
0,2.732
0,2.71125
0,7.675
0,3.67025
0,2.4825
0,3.3875
0,1.619
0,1.46875
0,1.43225
0,1.5565
0,1.96875
0,2.61625
0,0.00425
0,0.38875
0,1.08875
0,1.468
0,1.62075
0,1.71925
0,1.78575
0,1.824
0,1.865
0,1.89225
0,1.896
0,1.89775
0,1.904
0,1.91475
0,7.27725
0,3.73625
0,3.075
0,3.018
0,3.02
0,3.128
0,2.42625
0,2.65775
0,2.853
0,3.5185
0,0
0,0.32075
0,0.9125
0,1.2275
0,1.343
0,1.44175
0,1.52325
0,1.56525
0,1.59175
0,1.62875
0,1.65475
0,1.66625
0,1.69825
0,1.70725
0,1.62075
0,1.4735
0,1.29325
0,1.137
0,1.01575
0,0.98925
0,1.014
0,1.1155
0,1.2725
0,1.4625
0,1.58425
0,1.6435
0,1.69125
0,1.72225
0,1.7405
0,1.766
0,1.78125
0,1.77175
0,1.79325
0,1.8335
0,1.88825
0,1.9905
0,2.08725
0,2.08425
0,1.72775
0,0.88
0,0.3555
0,0.10475
0,0.05125
0,0.04775
0,0.0475
0,0.03025
0,0.0615
0,0.44625
0,1.03675
0,1.53375
0,1.69825
0,1.77575
0,1.83925
0,1.922
0,1.97925
0,1.9535
0,1.9905
0,2.00425
0,1.93325
0,1.989
0,2.10625
0,2.155
0,7.4355
0,3.93
0,3.6595
0,4.177
0,3.646
0,3.4015
0,2.69325
0,2.781
0,2.898
0,3.5685
0,0.0055
0,0.455
0,1.14825
0,1.5235
0,1.646
0,1.71825
0,1.77975
0,1.833
0,1.88
0,1.9195
0,1.9435
0,1.961
0,1.97725
0,1.9685
0,1.80975
0,1.52025
0,1.2575
0,0.98225
0,0.7365
0,0.584
0,0.153
0,0.083
0,0.5335
0,0.94825
0,1.31125
0,1.45725
0,1.5485
0,1.679
0,1.77625
0,1.8175
0,1.84875
0,1.877
0,1.91275
0,1.9495
0,1.96775
0,1.98
0,1.99425
0,1.98875
0,1.83775
0,1.5475
0,1.40925
0,1.2855
0,1.17925
0,1.086
0,1.08325
0,1.1435
0,1.05775
0,1.34675
0,1.64075
0,1.80825
0,1.9265
0,2.05675
0,2.1835
0,2.3025
0,2.3905
0,2.47425
0,2.554
0,2.59875
0,2.653
0,2.68325
0,2.6965
0,2.64975
0,7.48475
0,3.287
0,2.20825
0,3.0865
0,1.29075
0.029,1.09175
0.257,1.216
0.01,1.44525
0,1.819
0,2.27425
0,0.00425
0,0.3025
0,1.03975
0,1.4955
0,1.6445
0,1.76425
0,1.91425
0,2.0485
0,2.11625
0,2.20025
0,2.283
0,2.32475
0,2.3465
0,2.28475
0,7.1585
0,3.18525
0,2.1
0,2.24675
0,0.935
0,0.7875
0,0.37775
0,0.23325
0,0.76525
0,1.78625
0,0
0,0
0,0.30925
0,0.5815
0,0.87025
0,1.0255
0,1.077
0,1.11575
0,1.17825
0,1.15475
0,1.13775
0,1.15075
0,1.159
0,1.161
0,1.02525
0,0.7245
0,0.264
0,0.117
0,0.0675
0,0.02125
0,0.035
0,0.30125
0,0.55075
0,0.85875
0,1.0845
0,1.2325
0,1.324
0,1.36
0,1.43175
0,1.5195
0,1.54775
0,1.57125
0,1.599
0,1.6225
0,1.6345
0,1.658
0,1.68825
0,1.6825
0,1.57625
0,1.27475
0,0.916
0,0.6785
0,0.78775
0,0.6085
0,0.36975
0,0.51675
0,0.718
0,1.02675
0,1.331
0,1.58575
0,1.7945
0,1.933
0,2.05375
0,2.1045
0,2.169
0,2.22125
0,2.20275
0,2.25975
0,2.36725
0,2.4265
0,2.452
0,2.3785
0,7.21975
0,2.692
0,1.888
0,2.743
0.016,0.88275
0.557,0.67825
0.548,0.74925
0.112,1.04175
0,1.31175
0,1.77375
0,0.004
0,0.1215
0,0.7395
0,1.1355
0,1.34275
0,1.429
0,1.44175
0,1.41775
0,1.389
0,1.38675
0,1.41225
0,1.45325
0,1.49975
0,1.50725
0,1.3785
0,1.1795
0,0.9965
0,0.833
0,0.688
0,0.59625
0,0.5495
0,0.60575
0,0.80175
0,1.0005
0,1.08675
0,1.1225
0,1.1645
0,1.22
0,1.274
0,1.299
0,1.31175
0,1.32775
0,1.31425
0,1.3175
0,1.32775
0,1.3285
0,1.33775
0,1.33725
0,1.247
0,1.06425
0,0.87
0,0.7015
0,0.5855
0,0.53625
0,0.5735
0,0.674
0,0.89275
0,1.085
0,1.166
0,1.243
0,1.2765
0,1.28725
0,1.30975
0,1.33375
0,1.31025
0,1.278
0,1.28225
0,1.30575
0,1.3415
0,1.38675
0,1.41425
0,1.4015
0,6.92725
0,3.15475
0,2.0845
0,1.97775
0,2.23225
0,2.592
0,1.7755
0,1.79725
0,2.24525
0,2.93625
0,0.0035
0,0.05525
0,0.5885
0,0.87675
0,1.0715
0,1.19325
0,1.29
0,1.3405
0,1.34025
0,1.33325
0,1.36925
0,1.42075
0,1.45175
0,1.40875
0,6.88225
0,3.15675
0,2.30625
0,2.47375
0,2.339
0,2.549
0,1.91575
0,2.0305
0,2.33675
0,2.8465
0,0
0,0.03575
0,0.50825
0,0.7015
0,0.9225
0,1.02925
0,1.08575
0,1.14225
0,1.23025
0,1.296
0,1.3735
0,1.49275
0,1.55725
0,1.5155
0,1.3315
0,1.19225
0,1.017
0,0.813
0,0.44775
0,0.301
0,0.3225
0,0.4165
0,0.651
0,0.95325
0,1.20375
0,1.3635
0,1.5115
0,1.5955
0,1.6865
0,1.893
0,1.9785
0,1.967
0,1.983
0,2.02
0,2.01525
0,2.00475
0,1.978
0,1.89675
0,1.50075
0,0.9135
0,0.39375
0,0.20725
0,0.09725
0,0.0795
0,0.083
0,0.3075
0,0.70925
0,1.06725
0,1.35525
0,1.4735
0,1.537
0,1.5985
0,1.711
0,1.855
0,1.918
0,1.924
0,1.8845
0,1.86175
0,1.93075
0,2.00975
0,2.048
0,1.992
0,7.1615
0,3.53875
0,2.96525
0,3.27575
0,3.11275
0,3.11425
0,2.47625
0,2.51825
0,2.56125
0,3.137
0,0.00375
0,0.121
0,0.632
0,0.92775
0,1.105
0,1.2405
0,1.31225
0,1.3625
0,1.4355
0,1.483
0,1.477
0,1.5025
0,1.51825
0,1.468
0,1.35625
0,1.1405
0,0.914
0,0.6875
0,0.56325
0,0.7045
0,1.011
0,1.19225
0,1.354
0,1.598
0,1.80275
0,1.8765
0,1.912
0,1.94675
0,1.991
0,2.03475
0,2.10125
0,2.18775
0,2.2565
0,2.28975
0,2.342
0,2.375
0,2.37225
0,2.23075
0,1.70075
0,0.872
0,0.44425
0,0.2525
0,0.14875
0,0.13725
0,0.13275
0,0.2045
0,0.67375
0,1.2655
0,1.7495
0,1.9915
0,2.098
0,2.18575
0,2.28075
0,2.27025
0,2.23775
0,2.2945
0,2.2505
0,2.18725
0,2.1765
0,2.13775
0,2.236
0,2.219
0,7.22225
0,3.239
0,2.31575
0,3.10875
0,1.9325
0,2.163
0,2.24875
0,2.963
0,2.94775
0,3.29675
0,0.00725
0,0.79325
0,1.517
0,1.769
0,1.913
0,2.06025
0,2.163
0,2.2135
0,2.22475
0,2.2285
0,2.2615
0,2.29025
0,2.2935
0,2.15425
0,7.23925
0,3.663
0,3.14325
0,3.57075
0,2.98225
0,3.0415
0,2.5515
0,2.944
0,3.0475
0,3.5805
0,0
0,0.57
0,1.2175
0,1.5115
0,1.629
0,1.72325
0,1.8105
0,1.94175
0,2.07425
0,2.118
0,2.1445
0,2.26
0,2.3145
0,2.10375
0,1.569
0,1.26675
0,0.637
0,0.226
0,0.03125
0,0.2155
0,0.411
0,0.53725
0,0.79675
0,1.2175
0,1.65975
0,1.91675
0,2.0595
0,2.14125
0,2.209
0,2.26
0,2.296
0,2.2835
0,2.308
0,2.33025
0,2.3205
0,2.3175
0,2.2995
0,2.17275
0,1.90625
0,1.36325
0,0.70775
0,0.504
0,0.3895
0,0.47625
0,0.2735
0,0.1185
0,0.557
0,1.142
0,1.55575
0,1.75125
0,1.82875
0,1.844
0,1.8665
0,1.88425
0,1.89475
0,1.93125
0,2.01775
0,2.07125
0,2.06225
0,2.044
0,2.008
0,1.9005
0,7.18325
0,3.60375
0,2.94925
0,2.97825
0,2.0135
0,2.08025
0,1.69225
0,2.09725
0,2.53925
0,3.02125
0,0.00475
0,0.33575
0,1.01775
0,1.367
0,1.49825
0,1.577
0,1.62025
0,1.6735
0,1.72875
0,1.76375
0,1.8005
0,1.85625
0,1.867
0,1.7535
0,1.493
0,1.1445
0,0.80725
0,0.61175
0,0.50125
0,0.1915
0,0.06675
0,0.03675
0,0.12575
0,0.48375
0,1.12125
0,1.54125
0,1.664
0,1.71475
0,1.73175
0,1.706
0,1.686
0,1.6635
0,1.59425
0,1.52625
0,1.48475
0,1.4575
0,1.441
0,1.4015
0,1.223
0,0.9975
0,0.67525
0,0.1075
0,0.0225
0,0.01425
0,0.0115
0,0.00775
0.002,0.00675
0.001,0.00875
0,0.0115
0,0.039
0,0.3685
0,0.592
0,0.78225
0,0.9035
0,0.9825
0,1.02025
0,1.082
0,1.16125
0,1.23675
0,1.2925
0,1.33075
0,1.33375
0,6.7615
0,2.9115
0,1.7075
0,1.677
0,0.8025
0,0.654
0.444,0.49675
0.8,0.601
0.198,0.56575
0,1.05775
0,0.0015
0,0
0,0.00075
0,0.301
0,0.4215
0,0.5715
0,0.702
0,0.76125
0,0.829
0,0.91075
0,0.99825
0,1.081
0,1.10225
0,1.0825
0,6.431
0,2.1655
0,0.53225
0,0.12825
0,0.09725
0,0.153
0.288,0.05575
1.123,0.04975
0.489,0.04825
0.049,0.3325
0,0
0,0
0,0
0,0
0,0.002
0,0.00625
0,0.00825
0,0.0955
0,0.1735
0,0.207
0,0.25025
0,0.38075
0,0.51925
0,0.55375
0,0.275
0,0.002
0,0.00175
0,0.001
0,0
0,0
0.012,0
0.05,0
0.033,0
0.007,0
0,0
0,0
0,0
0,0
0,0.001
0,0.0035
0,0.00475
0,0.006
0,0.00725
0,0.014
0,0.105
0,0.163
0,0.19525
0,0.2475
0,0.2525
0,0.1455
0,0.03275
0,0.022
0,0.03325
0,0.03125
0,0.0335
0,0.02
0,0.011
0,0.0075
0,0.0015
0,0.0115
0,0.161
0,0.3225
0,0.50425
0,0.598
0,0.6625
0,0.7135
0,0.763
0,0.82025
0,0.8775
0,0.92775
0,0.9975
0,1.00025
0,6.4045
0,2.35825
0,1.46625
0,1.67675
0,1.26075
0,1.184
0,0.346
0,0.4805
0,0.94925
0,1.7595
0,0.00375
0,0
0,0.04175
0,0.3415
0,0.48925
0,0.57025
0,0.65925
0,0.70275
0,0.76625
0,0.855
0,0.928
0,1.0065
0,1.07225
0,1.0555
0,0.88175
0,0.5515
0,0.433
0,0.09675
0,0.03675
0,0.04375
0,0.05325
0,0.03375
0,0.03225
0,0.16575
0,0.28425
0,0.496
0,0.704
0,0.76975
0,0.7665
0,0.75375
0,0.752
0,0.7875
0,0.84425
0,0.8785
0,0.88
0,0.9215
0,0.9555
0,0.943
0,0.7775
0,0.32875
0,0.0445
0,0.027
0,0.04125
0,0.03925
0,0.04175
0,0.02075
0,0.014
0,0.01375
0,0.004
0,0.005
0,0.29725
0,0.63425
0,0.83
0,0.92125
0,1.006
0,1.05725
0,1.091
0,1.1245
0,1.16575
0,1.2285
0,1.25725
0,1.205
0,6.46225
0,2.20975
0,1.52225
0,2.1995
0,0.6325
0,0.26175
0,0.61025
0,0.98975
0,0.96525
0,1.073
0,0.00275
0,0
0,0
0,0.25175
0,0.48975
0,0.6735
0,0.7995
0,0.8655
0,0.93375
0,0.985
0,1.03925
0,1.099
0,1.1155
0,1.0705
0,6.471
0,2.6215
0,1.88975
0,2.20125
0,0.75225
0,0.5685
0,0.8205
0.013,1.322
0,0.9755
0,1.12875
0,0
0,0
0,0
0,0.28925
0,0.49225
0,0.63725
0,0.81075
0,0.913
0,0.974
0,1.034
0,1.09175
0,1.123
0,1.1185
0,1.05975
0,0.8145
0,0.43625
0,0.0645
0,0.01275
0,0.0035
0,0
0,0.0765
0,0.2045
0,0.3425
0,0.515
0,0.64025
0,0.85125
0,1.03175
0,1.1605
0,1.2575
0,1.28325
0,1.26025
0,1.2535
0,1.28975
0,1.34925
0,1.4275
0,1.468
0,1.47025
0,1.46525
0,1.377
0,1.22075
0,1.0545
0,0.9105
0,0.792
0,0.709
0,0.68275
0,0.66275
0,0.67275
0,0.56225
0,0.45075
0,0.8155
0,1.1625
0,1.30425
0,1.35525
0,1.36275
0,1.39325
0,1.45375
0,1.4765
0,1.46
0,1.4005
0,1.3275
0,1.339
0,1.32675
0,6.59175
0,2.46075
0,1.4475
0,2.11875
0,1.47
0,2.04275
0,1.69075
0,1.6615
0,1.3815
0,1.3365
0,0.004
0,0
0,0.14
0,0.56225
0,0.78775
0,0.995
0,1.0575
0,1.10875
0,1.181
0,1.2685
0,1.34575
0,1.4005
0,1.406
0,1.37275
0,1.204
0,0.86925
0,0.62675
0,0.19725
0,0.063
0,0.06475
0,0.06275
0,0.043
0,0.02875
0,0.023
0,0.237
0,0.7895
0,1.21
0,1.347
0,1.36575
0,1.40375
0,1.466
0,1.50175
0,1.50325
0,1.501
0,1.515
0,1.57575
0,1.64175
0,1.56575
0,1.1885
0,0.6085
0,0.4015
0,0.258
0,0.11275
0,0.06775
0,0.06025
0,0.0295
0,0.01925
0,0.02025
0,0.0105
0,0.29975
0,0.788
0,1.17
0,1.30725
0,1.357
0,1.36675
0,1.36525
0,1.3495
0,1.3155
0,1.29575
0,1.295
0,1.2725
0,1.213
0,6.65375
0,2.58875
0,1.279
0,1.2505
0,0.9635
0,1.138
0,0.84775
0,0.76875
0,0.9125
0,1.49225
0,0.002
0,0
0,0
0,0.3635
0,0.573
0,0.79275
0,0.90625
0,0.9525
0,0.988
0,1.042
0,1.11725
0,1.17275
0,1.19325
0,1.08125
0,6.42675
0,2.22725
0,1.09825
0,1.2625
0,0.339
0,0.0785
0.365,0.10975
0.466,0.057
0,0.0445
0,0.3645
0,0
0,0
0,0
0,0
0,0.0295
0,0.23275
0,0.362
0,0.45175
0,0.57025
0,0.74
0,0.87
0,0.98875
0,1.07175
0,0.96725
0,0.47075
0,0.0185
0,0.00425
0,0.00375
0,0.0005
0,0
0,0
0,0
0,0
0,0
0,0
0,0
0,0
0,0
0,0.05375
0,0.234
0,0.30275
0,0.3655
0,0.525
0,0.64825
0,0.775
0,0.9
0,0.93775
0,0.7905
0,0.29825
0,0.016
0,0.00875
0,0.003
0,0.00025
0,0
0,0
0,0
0,0
0,0
0,0
0,0
0,0
0,0
0,0.00475
0,0.11775
0,0.288
0,0.41875
0,0.47525
0,0.44275
0,0.513
0,0.6735
0,0.777
0,0.71725
0,6.10775
0,1.8975
0,1.44575
0,2.35075
0,1.04075
0,0.79
0,0.964
0,1.5315
0,1.20325
0,0.99675
0,0.004
0,0
0,0
0,0.111
0,0.43925
0,0.623
0,0.83175
0,1.00225
0,1.077
0,1.14925
0,1.2255
0,1.265
0,1.2655
0,1.13775
0,0.708
0,0.188
0,0.051
0,0.04125
0,0.05425
0,0.0465
0,0.04
0,0.01975
0,0.00975
0,0.0065
0,0.00125
0,0
0,0
0,0.01225
0,0.21875
0,0.373
0,0.47125
0,0.609
0,0.67325
0,0.7595
0,0.86575
0,0.97225
0,1.027
0,0.8475
0,0.39325
0,0.04975
0,0.0215
0,0.01825
0,0.0285
0,0.023
0,0.01425
0,0.0035
0,0.00125
0,0.00125
0,0.0005
0,0
0,0
0,0.08325
0,0.32275
0,0.59225
0,0.80575
0,0.9645
0,1.09825
0,1.20325
0,1.2575
0,1.2955
0,1.34725
0,1.284
0,6.65625
0,2.84275
0,2.59025
0,3.05825
0,2.03825
0,1.5965
0,1.13225
0,1.479
0,1.2275
0,1.26625
0,0.0045
0,0
0,0.00075
0,0.3775
0,0.628
0,0.87175
0,1.073
0,1.2365
0,1.40475
0,1.52425
0,1.5695
0,1.64525
0,1.74275
0,1.558
0,6.5565
0,2.40925
0,2.139
0,3.1865
0,0.93925
0.114,0.281
0.944,0.97375
1.143,1.40825
0.584,0.977
0.003,0.98875
0,0
0,0
0,0
0,0.202
0,0.5265
0,0.6975
0,0.878
0,1.1105
0,1.177
0,1.199
0,1.2475
0,1.2645
0,1.247
0,1.10075
0,0.75125
0,0.431
0,0.30325
0,0.17775
0,0.10725
0,0.10325
0,0.0995
0,0.024
0,0.006
0,0.0015
0,0.022
0,0.40625
0,0.8765
0,1.27075
0,1.4535
0,1.5775
0,1.64
0,1.64075
0,1.70925
0,1.8085
0,1.83975
0,1.88425
0,1.91925
0,1.6995
0,1.0755
0,0.3725
0,0.127
0,0.06275
0,0.09075
0,0.0895
0,0.09525
0,0.05
0,0.03
0,0.02525
0,0.0055
0,0.1955
0,0.6385
0,1.197
0,1.42575
0,1.54225
0,1.57825
0,1.52175
0,1.49375
0,1.5065
0,1.55425
0,1.58225
0,1.55325
0,1.47
0,6.772
0,3.00775
0,2.52125
0,2.9355
0,2.22075
0,2.25325
0,2.1405
0,2.70175
0,2.66275
0,2.8095
0,0.007
0,0.15525
0,0.9145
0,1.30625
0,1.48725
0,1.6015
0,1.68225
0,1.743
0,1.7755
0,1.76025
0,1.7995
0,1.78875
0,1.728
0,1.54725
0,1.1145
0,0.567
0,0.3005
0,0.18375
0,0.14575
0,0.11275
0,0.09275
0,0.0495
0,0.03875
0,0.246
0,0.68975
0,1.15225
0,1.4685
0,1.635
0,1.69375
0,1.74325
0,1.76575
0,1.784
0,1.7975
0,1.81375
0,1.8505
0,1.9015
0,1.916
0,1.85175
0,1.663
0,1.36525
0,1.0725
0,0.75475
0,0.56575
0,0.37875
0,0.092
0,0.0475
0,0.03575
0,0.26125
0,0.62825
0,1.02025
0,1.3365
0,1.49125
0,1.5595
0,1.6
0,1.63575
0,1.67475
0,1.717
0,1.7585
0,1.78525
0,1.79075
0,1.79
0,1.74375
0,7.05275
0,3.312
0,2.87225
0,3.351
0,2.55975
0,2.46925
0,1.92725
0,2.02725
0,2.112
0,2.33025
0,0.003
0,0
0,0.09925
0,0.46075
0,0.72075
0,0.89075
0,1.015
0,1.15575
0,1.317
0,1.411
0,1.46825
0,1.5105
0,1.535
0,1.45175
0,6.808
0,2.68675
0,0.7195
0,0.084
0,0.242
0.468,0.19325
1.398,0.10425
1.395,0.05875
0.759,0.2395
0.099,0.6
0,0
0,0
0,0
0,0
0,0.00175
0,0.252
0,0.39625
0,0.515
0,0.67625
0,0.777
0,0.9305
0,1.0525
0,0.985
0,0.62675
0,0.10275
0,0
0.01,0
0.054,0
0.025,0
0.001,0
0.045,0
0.088,0
0.063,0
0.018,0
0,0
0,0
0,0
0,0
0,0
0,0
0,0.001
0,0.026
0,0.16025
0,0.25575
0,0.27225
0,0.307
0,0.3235
0,0.10275
0,0.001
0.028,0
0.166,0
0.409,0
0.798,0
0.928,0
1.115,0
0.699,0
0.437,0
0.348,0
0.074,0
0,0
0,0
0,0
0,0
0,0
0,0
0,0
0,0
0,0
0,0
0,0
0,0.00925
0,0.002
0,4.816
0,0.738
0,0.0585
0,0.04375
1.199,0.03775
0.47,0.03425
4.002,0.032
3.36,0.0335
0.45,0.05375
0,0.56575
0,0
0,0
0,0
0,0
0,0
0,0
0,0
0,0
0,0
0,0
0,0
0,0
0,0
0,0
0,0
0,0
0,0
0,0
0,0
0,0
0,0
0,0
0,0
0,0
0,0
0,0
0,0
0,0
0,0
0,0
0,0
0,0
0,0
0,0
0,0
0,0.006
0,0.021
0,0.0315
0,0.01
0,0.00075
0,0.00225
0,0.00575
0,0.01575
0,0.0195
0,0.0225
0,0.0125
0,0.008
0,0.0175
0,0.17125
0,0.351
0,0.53225
0,0.6875
0,0.78925
0,0.8965
0,0.968
0,0.985
0,1.06325
0,1.17175
0,1.244
0,1.28775
0,1.263
0,0.9665
0,6.06325
0,1.79525
0,0.907
0,0.44425
0,0.81025
0,0.6635
0,0.123
0,0.061
0,0.609
0,1.25075
0,0
0,0
0,0
0,0.08725
0,0.4345
0,0.62325
0,0.8135
0,0.94275
0,1.03825
0,1.1475
0,1.22975
0,1.26325
0,1.2115
0,0.974
0,6.16725
0,2.1665
0,0.83275
0,0.22925
0,1.02275
0,0.9315
0,0.2545
0,0.1155
0,0.6555
0,1.17575
0,0
0,0
0,0
0,0.052
0,0.256
0,0.34525
0,0.3935
0,0.42475
0,0.484
0,0.536
0,0.54525
0,0.559
0,0.563
0,0.44375
0,0.1905
0,0.01225
0,0
0,0
0,0
0,0
0,0
0,0
0,0
0,0
0,0
0,0
0,0
0,0.012
0,0.25375
0,0.39625
0,0.57625
0,0.70575
0,0.75275
0,0.8255
0,0.8835
0,0.91725
0,0.84425
0,0.454
0,0.0425
0,0
0,0
0,0
0,0
0,0
0,0
0,0
0,0
0,0
0,0
0,0
0,0
0,0
0,0.097
0,0.2305
0,0.35275
0,0.441
0,0.4775
0,0.5315
0,0.5265
0,0.4955
0,0.454
0,0.26675
0,5.69275
0,1.6695
0,0.2675
0,0.04875
0,0.41075
0,0.34275
0,0.04375
0,0.04125
0,0.21225
0,0.90725
0,0
0,0
0,0
0,0
0,0
0,0
0,0.10075
0,0.18275
0,0.2645
0,0.33425
0,0.388
0,0.46975
0,0.4545
0,0.1885
0,0.017
0,0
0,0
0,0
0,0
0,0
0,0
0,0
0,0
0,0
0,0
0,0
0,0
0,0
0,0
0,0.14275
0,0.27
0,0.33625
0,0.428
0,0.61075
0,0.71525
0,0.68975
0,0.53825
0,0.2285
0,0.00375
0,0.00075
0,0
0.023,0
0.182,0
0.24,0
0.24,0
0.169,0
0.114,0
0.12,0
0.031,0
0,0
0,0
0,0
0,0
0,0
0,0
0,0
0,0
0,0.01475
0,0.07375
0,0.134
0,0.1425
0,0.06875
0,5.55225
0,1.50775
0,0.42075
0,0.06225
0,0.96775
0,0.902
0,0.21375
0,0.03925
0,0.07
0,0.238
0,0
0,0
0,0
0,0
0,0
0,0
0,0.0025
0,0.11325
0,0.1995
0,0.2845
0,0.36525
0,0.42925
0,0.42225
0,0.2945
0,5.81175
0,1.687
0,0.347
0,0.04475
0,0.58425
0,0.47275
0,0.04975
0.621,0.0385
2.552,0.03525
0.693,0.03575
0,0
0,0
0,0
0,0
0,0
0,0
0,0
0,0
0,0
0,0
0,0
0,0
0,0
0,0
0,0
0.002,0
0.035,0
0.097,0
0.049,0
0.001,0
0.094,0
0.168,0
0.128,0
0.037,0
0.001,0
0,0
0,0
0,0
0,0
0,0
0,0
0,0
0,0
0,0
0,0
0,0
0,0
0,0
0.045,0
0.209,0
0.354,0
0.596,0
1.109,0
1.253,0
1.384,0
0.84,0
0.524,0
0.437,0
0.106,0
0.001,0
0,0
0,0
0,0
0,0
0,0
0,0
0,0
0,0
0,0
0,0
0,0
0,0
0,2.62425
0,0.18375
0,0.0325
0,0.027
0.242,0.023
0.149,0.0215
2.482,0.0195
3.049,0.018
0.764,0.01875
0.152,0.0205
0.011,0
0,0
0,0
0,0
0,0
0,0
0,0
0,0
0,0
0,0
0,0
0,0
0,0
0,0
0,0
0.008,0
0.071,0
0.172,0
0.403,0
0.581,0
0.77,0
0.537,0
0.345,0
0.249,0
0.028,0
0,0
0,0
0,0
0,0
0,0
0,0
0,0
0,0
0,0
0,0
0,0
0,0
0,0
0,0
0,0
0.007,0
0.045,0
0.025,0
0,0
0,0
0,0
0,0
0,0
0,0
0,0
0,0
0,0
0,0
0,0
0,0
0,0
0,0
0,0
0,0
0,0
0,0
0,0
0,2.79175
0,0.15925
0,0.028
0,0.021
0,0.01725
0,0.0175
0,0.01525
0,0.012
0,0.01075
0,0.01425
0,0
0,0
0,0
0,0
0,0
0,0
0,0
0,0
0,0
0,0
0,0
0,0
0,0
0,0
0,3.494
0,0.59175
0,0.03725
0,0.0255
0,0.02225
0,0.024
0,0.0215
0,0.0175
0,0.01525
0,0.0165
0,0
0,0
0,0
0,0
0,0
0,0
0,0
0,0
0,0
0,0
0,0
0,0
0,0
0,0
0,0
0,0
0,0
0,0
0,0
0,0
0,0
0,0
0,0
0,0
0,0
0,0
0,0
0,0
0,0
0,0
0,0
0,0
0,0
0,0
0,0
0,0.016
0,0.00975
0,0.00375
0,0.004
0,0.00025
0,0
0,0
0,0
0,0
0,0
0,0
0,0
0,0
0,0
0,0
0,0
0,0
0,0
0,0
0,0
0,0
0,0
0,0
0,0.005
0,0.08975
0,0.05125
0,0.00275
0,4.1425
0,0.35025
0,0.02875
0,0.0175
0.006,0.0125
0.869,0.0125
1.733,0.01175
1.737,0.01125
1.159,0.013
0.416,0.016
0,0
0,0
0,0
0,0
0,0
0,0
0,0
0,0
0,0
0,0
0,0
0,0
0,0
0,0.0005
0,0
0,0
0,0
0,0
0,0
0.012,0
0.072,0
0.08,0
0.065,0
0.045,0
0.006,0
0,0
0,0
0,0
0,0
0,0
0,0
0,0
0,0
0,0
0,0
0,0
0,0
0,0
0,0
0,0
0,0
0,0
0,0
0,0
0,0
0,0
0,0
0,0
0,0
0,0
0,0
0,0
0,0
0,0
0,0
0,0
0,0
0,0
0,0
0,0.0035
0,0.00425
0,0.00075
0,3.95725
0,0.48725
0,0.03225
0,0.026
0,0.02175
0,0.02075
0,0.0175
0.167,0.01425
0,0.0135
0,0.0155
0,0
0,0
0,0
0,0
0,0
0,0
0,0
0,0
0,0
0,0
0,0
0,0
0,0
0,0
0,3.631
0,0.186
0,0.0285
0,0.0185
0.037,0.0125
0.61,0.01175
2.911,0.00975
5.316,0.00875
3.675,0.0095
0.667,0.0115
0,0
0,0
0,0
0,0
0,0
0,0
0,0
0,0
0,0
0,0
0,0
0,0
0,0
0,0
0,0
0,0
0,0
0,0
0,0
0,0
0.011,0
0.033,0
0.028,0
0.008,0
0,0
0,0
0,0
0,0
0,0
0,0
0,0
0,0
0,0
0,0
0,0
0,0
0,0
0,0
0,0
0,0
0,0
0,0
0,0
0.005,0
0.051,0
0.026,0
0.019,0
0.034,0
0.01,0
0,0
0,0
0,0
0,0
0,0
0,0
0,0
0,0
0,0
0,0
0,0
0,0
0,0
0.034,1.51075
0.13,0.02875
12.63,0.01875
32.133,0.0095
9.804,0.004
2.083,0.00125
17.069,0
28.801,0
18.131,0
3.797,0
0.09,0
0,0
0,0
0,0
0,0
0,0
0,0
0,0
0,0
0,0
0,0
0,0
0,0
0,0
0,0
0,0
0,0
0,0
0,0
0,0
0,0
0,0
0,0
0,0
0,0
0,0
0,0
0,0
0,0
0,0
0,0
0,0
0,0
0,0
0,0
0,0
0,0
0,0
0,0
0,0
0,0
0,0
0,0
0,0
0,0
0,0
0,0
0,0
0,0
0,0
0,0
0,0
0,0
0,0
0,0
0,0
0,0
0,0
0,0
0,0
0,0
0,0
0,1.91575
0,0.0405
0,0.017
0,0.009
0,0.0055
0.195,0.005
0.581,0.00325
0.76,0.002
0.445,0.003
0.058,0.0055
0,0
0,0
0,0
0,0
0,0
0,0
0,0
0,0
0,0
0,0
0,0
0,0
0,0
0,0
0,1.83025
0,0.032
0,0.01425
0,0.003
0.21,0
0.735,0
1.251,0
4.329,0
2.798,0
0.246,0.00025
0,0
0,0
0,0
0,0
0,0
0,0
0,0
0,0
0,0
0,0
0,0
0,0
0,0
0,0
0,0
0,0
0,0
0,0
0,0
0,0
0.002,0
0.006,0
0.001,0
0,0
0,0
0,0
0,0
0,0
0,0
0,0
0,0
0,0
0,0
0,0
0,0
0,0
0,0
0,0
0,0
0,0
0,0
0,0
0,0
0,0
0,0
0.001,0
0,0
0,0
0,0
0,0
0,0
0,0
0,0
0,0
0,0
0,0
0,0
0,0
0,0
0,0
0,0
0,0
0,2.4235
0,0.132
0,0.02
0,0.01375
0,0.00725
0,0.005
0,0.0035
0.23,0.00075
0,0.0005
0,0.00375
0,0
0,0
0,0
0,0
0,0
0,0
0,0
0,0
0,0
0,0
0,0
0,0
0,0
0,0
0,0
0,0
0,0
0,0
0,0
0,0
0,0
0,0
0,0
0,0
0,0
0,0
0,0
0,0
0,0
0,0
0,0
0,0
0,0
0,0
0,0
0,0
0,0
0,0
0,0
0,0
0,0
0,0
0,0
0,0
0,0
0,0
0,0
0,0
0,0
0,0
0,0
0,0
0,0
0,0
0,0
0,0
0,0
0,0
0,0
0,0
0,0
0,0
0,3.33275
0,0.55575
0,0.026
0,0.021
0,0.0185
0,0.01975
0,0.01725
0,0.0135
0,0.01325
0,0.01425
0,0
0,0
0,0
0,0
0,0
0,0
0,0
0,0
0,0
0,0
0,0
0,0
0,0
0,0
0,2.884
0,0.22775
0,0.02425
0,0.018
0,0.0145
0,0.015
0,0.0135
0,0.0115
0,0.0115
0,0.01325
0,0
0,0
0,0
0,0
0,0
0,0
0,0
0,0
0,0
0,0
0,0
0,0
0,0
0,0
0,0
0,0
0,0
0,0
0,0
0,0
0,0
0,0
0,0
0,0
0,0
0,0
0,0
0,0
0,0
0,0
0,0
0,0
0,0
0,0
0,0
0,0
0,0
0,0
0,0
0,0
0,0
0,0
0,0
0,0
0,0
0,0
0,0
0,0
0,0
0,0
0,0
0,0
0,0
0,0
0,0
0,0
0,0
0,0
0,0
0,0
0,0
0,0
0,3.49125
0,0.296
0,0.025
0,0.0165
0,0.012
0,0.01275
0,0.0115
0,0.0095
0,0.00975
0,0.01225
0,0
0,0
0,0
0,0
0,0
0,0
0,0
0,0
0,0
0,0
0,0
0,0
0,0
0,0
0,0
0,0
0,0
0,0
0.01,0
0.074,0
0.169,0
0.225,0
0.149,0
0.101,0
0.028,0
0,0
0,0
0,0
0,0
0,0
0,0
0,0
0,0
0,0
0,0
0,0
0,0
0,0
0,0
0,0
0.02,0
0.09,0
0.299,0
0.46,0
0.63,0
0.385,0
0.24,0
0.241,0
0.055,0
0,0
0,0
0,0
0,0
0,0
0,0
0,0
0,0
0,0
0,0
0,0
0,0
0,0
0,1.3515
0.021,0.022
3.803,0.01325
9.413,0.00625
3.15,0.00175
1.007,0
6.972,0
11.366,0
8.522,0
1.842,0
0.045,0
0,0
0,0
0,0
0,0
0,0
0,0
0,0
0,0
0,0
0,0
0,0
0,0
0,0
0,0.37875
0.192,0.01575
4.075,0.009
9.6,0.003
2.332,0
0.006,0.00075
3.508,0.00075
4.438,0.00025
1.656,0.00125
0.236,0.0035
0,0
0,0
0,0
0,0
0,0
0,0
0,0
0,0
0,0
0,0
0,0
0,0
0,0
0,0
0,0
0,0
0,0
0.013,0
0.011,0
0,0
0.02,0
0.01,0
0,0
0.003,0
0,0
0,0
0,0
0,0
0,0
0,0
0,0
0,0
0,0
0,0
0,0
0,0
0,0
0,0
0,0
0,0
0,0
0,0
0.002,0
0.066,0
0.153,0
0.088,0
0.023,0
0,0
0,0
0,0
0,0
0,0
0,0
0,0
0,0
0,0
0,0
0,0
0,0
0,0
0,0
0,0
0,0.7745
0,0.01375
0,0.0065
0,0.0015
0,0.00075
0,0.00325
0,0.003
0,0.00075
0,0
0.005,0
0.001,0
0,0
0,0
0,0
0,0
0,0
0,0
0,0
0,0
0,0
0,0
0,0
0,0
0,0
0,0
0,0
0,0
0,0
0,0
0.006,0
0.118,0
0.019,0
0,0
0.001,0
0.001,0
0,0
0,0
0,0
0,0
0,0
0,0
0,0
0,0
0,0
0,0
0,0
0,0
0,0
0,0
0,0
0.003,0
0.037,0
0.17,0
0.356,0
0.47,0
0.306,0
0.202,0
0.167,0
0.035,0
0,0
0,0
0,0
0,0
0,0
0,0
0,0
0,0
0,0
0,0
0,0
0,0
0.002,0
0.004,0.14175
0.01,0.00925
1.443,0.004
5.335,0.00025
2.244,0
0.611,0
9.341,0
17.03,0
11.232,0
2.918,0
0.057,0
0,0
0,0
0,0
0,0
0,0
0,0
0,0
0,0
0,0
0,0
0,0
0,0
0,0
0,0.01375
0.657,0.0015
22.399,0
50.477,0
11.505,0
3.426,0
23.992,0
39.423,0
23.046,0
4.539,0
0,0
0,0
0,0
0,0
0,0
0,0
0,0
0,0
0,0
0,0
0,0
0,0
0,0
0,0
0,0
0.025,0
0.127,0
0.272,0
0.095,0
0.001,0
0.1,0
0.204,0
0.138,0
0.033,0
0.001,0
0,0
0,0
0,0
0,0
0,0
0,0
0,0
0,0
0,0
0,0
0,0
0,0
0,0
0,0
0,0
0.001,0
0.049,0
0.137,0
0.175,0
0.3,0
0.255,0
0.179,0
0.143,0
0.03,0
0,0
0,0
0,0
0,0
0,0
0,0
0,0
0,0
0,0
0,0
0,0
0,0
0,0
0,0
0.006,0
3.873,0
15.977,0
6.019,0
3.305,0
13.618,0
19.449,0
11.904,0
2.991,0
0.058,0
0,0
0,0
0,0
0,0
0,0
0,0
0,0
0,0
0,0
0,0
0,0
0,0
0.041,0
0.155,0
0.303,0
0.461,0
0.492,0
0.582,0
0.831,0
0.997,0
0.59,0
0.446,0
0.335,0
0.064,0
0,0
0,0
0,0
0,0
0,0
0,0
0,0
0,0
0,0
0,0
0,0
0,0
0,0
0,0
0,0
0,0
0,0
0,0
0.009,0
0.25,0
0.13,0
0,0
0,0
0,0
0,0
0,0
0,0
0,0
0,0
0,0
0,0
0,0
0,0
0,0
0,0
0,0
0,0
0,0
0.006,0
8.115,0
25.976,0
9.372,0
2.898,0
26.293,0
44.53,0
28.06,0
5.666,0
0.078,0
0,0
0,0
0,0
0,0
0,0
0,0
0,0
0,0
0,0
0,0
0,0
0,0
0,0
0,0
0.072,0
6.071,0
22.101,0
8.154,0
4.421,0
22.976,0
39.477,0
26.129,0
7.945,0
0,0
0,0
0,0
0,0
0,0
0,0
0,0
0,0
0,0
0,0
0,0
0,0
0,0
0,0
0,0
0.014,0
0.099,0
0.208,0
0.072,0
0.15,0
0.9,0
1.065,0
0.712,0
0.112,0
0.001,0
0,0
0,0
0,0
0,0
0,0
0,0
0,0
0,0
0,0
0,0
0,0
0,0
0.023,0
0.095,0
0.242,0
0.482,0
0.897,0
1.714,0
2.088,0
2.733,0
2.164,0
1.445,0
0.905,0
0.191,0
0.001,0
0,0
0,0
0,0
0,0
0,0
0,0
0,0
0,0
0,0
0,0
0,0
0.196,0
0.645,0
4.225,0
40.754,0
69.168,0
19.427,0
11.656,0
30.75,0
41.451,0
25.899,0
11.558,0
0.121,0
0.001,0
0,0
0,0
0,0
0,0
0,0
0,0
0,0
0,0
0,0
0,0
0,0
0,0
0,0
0.055,0
0.171,0
0.458,0
1.133,0
1.491,0
2,0
1.432,0
1.547,0
1.306,0
0.177,0
0.001,0
0,0
0,0
0,0
0,0
0,0
0,0
0,0
0,0
0,0
0,0
0,0
0.095,0
0.16,0
0.131,0
0.154,0
0.247,0
0.608,0
0.692,0
0.853,0
0.534,0
0.274,0
0.219,0
0.057,0
0,0
0,0
0,0
0,0
0,0
0,0
0,0
0,0
0,0
0,0
0,0
0,0
0,0
0,0
1.831,0
4.657,0
4.696,0
3.041,0
6.598,0
5.74,0
5.779,0
5.681,0
5.089,0
0.023,0
0,0
0,0
0,0
0,0
0,0
0,0
0,0
0,0
0,0
0,0
0,0
0,0
0,0
0,0
0.684,0
7.225,0
18.806,0
8.433,0
9.438,0
17.627,0
25.736,0
17.913,0
9.389,0
0,0
0,0
0,0
0,0
0,0
0,0
0,0
0,0
0,0
0,0
0,0
0,0
0,0
0,0
0,0
0.037,0
0.215,0
0.435,0
0.54,0
1.327,0
1.931,0
2.104,0
1.662,0
0.934,0
0.335,0
0.009,0
0,0
0,0
0,0
0,0
0,0
0,0
0,0
0,0
0,0
0,0
0,0
0.007,0
0.005,0
0.001,0
0.043,0
0.139,0
0.345,0
0.877,0
1.278,0
0.986,0
0.495,0
0.21,0
0.035,0
0,0
0,0
0,0
0,0
0,0
0,0
0,0
0,0
0,0
0,0
0,0
0,0
0,0
0.005,0
3.326,0
5.733,0
5.096,0
1.126,0
3.306,0
4.042,0
2.206,0
1.835,0
0.742,0
0,0
0,0
0,0
0,0
0,0
0,0
0,0
0,0
0,0
0,0
0,0
0,0
0,0
0,0
0,0
0,0
0,0
0.022,0
0.136,0
0.242,0
0.364,0
0.273,0
0.196,0
0.158,0
0.029,0
0,0
0,0
0,0
0,0
0,0
0,0
0,0
0,0
0,0
0,0
0,0
0,0
0,0
0,0
0,0
0,0
0,0
0,0
0,0
0,0
0.001,0
0.009,0
0.006,0
0,0
0,0
0,0
0,0
0,0
0,0
0,0
0,0
0,0
0,0
0,0
0,0
0,0
0,0
0,0
0.06,0
1.202,0
0.232,0
0.246,0
2.164,0
3.521,0
1.776,0
1.721,0
0.929,0
0.008,0
0,0
0,0
0,0
0,0
0,0
0,0
0,0
0,0
0,0
0,0
0,0
0,0
0,0
0,0
0,0
0.558,0
1.663,0
2.659,0
6.356,0
6.784,0
8.893,0
7.189,0
4.72,0
0,0
0,0
0,0
0,0
0,0
0,0
0,0
0,0
0,0
0,0
0,0
0,0
0,0
0,0
0,0
0,0
0,0
0,0
0,0
0,0
0,0
0,0
0,0
0,0
0,0
0,0
0,0
0,0
0,0
0,0
0,0
0,0
0,0
0,0
0,0
0,0
0,0
0,0
0,0
0,0
0,0
0,0
0,0
0,0
0,0
0,0
0,0
0,0
0,0
0,0
0,0
0,0
0,0
0,0
0,0
0,0
0,0
0,0
0,0
0,0
0,0
0,0
0,0
0,0
0.401,0
0.177,0
0.224,0
0.786,0
5.898,0
8.287,0
5.51,0
1.324,0
0.017,0
0,0
0,0
0,0
0,0
0,0
0,0
0,0
0,0
0,0
0,0
0,0
0,0
0,0
0,0
0,0
0,0
0.001,0
0.128,0
0.329,0
0.418,0
0.251,0
0.157,0
0.137,0
0.032,0
0,0
0,0
0,0
0,0
0,0
0,0
0,0
0,0
0,0
0,0
0,0
0,0
0,0
0,0
0.001,0
0.049,0
0.152,0
0.49,0
0.605,0
0.584,0
0.338,0
0.245,0
0.242,0
0.055,0
0,0
0,0
0,0
0,0
0,0
0,0
0,0
0,0
0,0
0,0
0,0
0,0
0,0
0.003,0
0.103,0
17.039,0
42.535,0
16.414,0
11.849,0
26.602,0
37.794,0
24.966,0
11.409,0
0.097,0
0,0
0,0
0,0
0,0
0,0
0,0
0,0
0,0
0,0
0,0
0,0
0,0
0,0
0,0
0,0
0.24,0
0.779,0
0.684,0
4.14,0
4.967,0
5.532,0
4.842,0
1.991,0
0,0
0,0
0,0
0,0
0,0
0,0
0,0
0,0
0,0
0,0
0,0
0,0
0,0
0,0
0,0
0,0
0,0
0,0
0,0
0,0
0.001,0
0.001,0
0,0
0,0
0,0
0,0
0,0
0,0
0,0
0,0
0,0
0,0
0,0
0,0
0,0
0,0
0,0
0,0
0,0
0,0
0.006,0
0.061,0
0.163,0
0.236,0
0.267,0
0.167,0
0.142,0
0.148,0
0.031,0
0,0
0,0
0,0
0,0
0,0
0,0
0,0
0,0
0,0
0,0
0,0
0,0
0,0
0,0
0,0
0.639,0
2.18,0
2.814,0
6.881,0
12.745,0
15.117,0
8.19,0
5.894,0
0.038,0
0,0
0,0
0,0
0,0
0,0
0,0
0,0
0,0
0,0
0,0
0,0
0,0
0,0
0,0
0.055,0
0.196,0
0.437,0
0.83,0
1.661,0
2.39,0
1.909,0
1.377,0
0.688,0
0.079,0
0,0
0,0
0,0
0,0
0,0
0,0
0,0
0,0
0,0
0,0
0,0
0,0
0,0
0.006,0
0.106,0
0.217,0
0.402,0
1.031,0
2.117,0
2.712,0
2.287,0
1.746,0
1.069,0
0.141,0
0,0
0,0
0,0
0,0
0,0
0,0
0,0
0,0
0,0
0,0
0,0
0,0
0,0
0.06,0
3.539,0
23.391,0
44.27,0
17.048,0
12.971,0
29.668,0
42.617,0
26.098,0
11.737,0
0.117,0
0.001,0
0,0
0,0
0,0
0,0
0,0
0,0
0,0
0,0
0,0
0,0
0,0
0,0
0,0
0.47,0
1.854,0
1.136,0
0.203,0
4.904,0
10.487,0
14.421,0
10.566,0
7.81,0
0,0
0,0
0,0
0,0
0,0
0,0
0,0
0,0
0,0
0,0
0,0
0,0
0,0
0,0
0,0
0,0
0,0
0.022,0
0.016,0
0,0
0.024,0
0.054,0
0.04,0
0.011,0
0,0
0,0
0,0
0,0
0,0
0,0
0,0
0,0
0,0
0,0
0,0
0,0
0,0
0,0
0,0
0,0
0,0
0.001,0
0.096,0
0.216,0
0.32,0
0.202,0
0.134,0
0.138,0
0.03,0
0,0
0,0
0,0
0,0
0,0
0,0
0,0
0,0
0,0
0,0
0,0
0,0
0,0
0,0
0.313,0
7.515,0
20.509,0
9.502,0
9.778,0
17.564,0
23.904,0
14.93,0
7.189,0
0.06,0
0,0
0,0
0,0
0,0
0,0
0,0
0,0
0,0
0,0
0,0
0,0
0,0
0.005,0
0,0
0,0
0,0
0.021,0
0.201,0
0.285,0
0.371,0
0.273,0
0.344,0
0.114,0
0.019,0
0,0
0,0
0,0
0,0
0,0
0,0
0,0
0,0
0,0
0,0
0,0
0,0
0,0
0,0
0.037,0
0.098,0
0.216,0
0.596,0
1.159,0
1.974,0
1.694,0
1.336,0
0.715,0
0.069,0
0,0
0,0
0,0
0,0
0,0
0,0
0,0
0,0
0,0
0,0
0,0
0,0
0,0
0,0
0.813,0
13.645,0
33.054,0
13.971,0
11.638,0
22.98,0
33.234,0
23.394,0
11.52,0
0.09,0
0,0
0,0
0,0
0,0
0,0
0,0
0,0
0,0
0,0
0,0
0,0
0,0
0,0
0,0
1.306,0
18.987,0
42.549,0
17.067,0
12.451,0
28.471,0
42.099,0
27.593,0
12.212,0
0,0
0,0
0,0
0,0
0,0
0,0
0,0
0,0
0,0
0,0
0,0
0,0
0,0
0,0
0,0
0.028,0
0.139,0
0.248,0
1.183,0
2.084,0
2.718,0
2.918,0
2.436,0
1.45,0
0.541,0
0.014,0
0,0
0,0
0,0
0,0
0,0
0,0
0,0
0,0
0,0
0,0
0,0
0,0
0,0
0.001,0
0.03,0
0.102,0
0.401,0
1.846,0
3.037,0
2.978,0
2.506,0
1.629,0
0.355,0
0.001,0
0,0
0,0
0,0
0,0
0,0
0,0
0,0
0,0
0,0
0,0
0,0
0,0
0.002,0
5.013,0
29.942,0
77.421,0
31.864,0
19.691,0
57.061,0
90.184,0
58.23,0
21.922,0
0.175,0
0.001,0
0,0
0,0
0,0
0,0
0,0
0,0
0,0
0,0
0,0
0,0
0,0
0.066,0
0.24,0
0.348,0
0.536,0
1.091,0
3.187,0
4.313,0
4.681,0
3.793,0
2.742,0
1.797,0
0.603,0
0.025,0
0,0
0,0
0,0
0,0
0,0
0,0
0,0
0,0
0,0
0,0
0,0
0.149,0
0.357,0
0.351,0
0.369,0
0.509,0
1.613,0
2.26,0
2.222,0
1.204,0
0.615,0
0.401,0
0.081,0
0,0
0,0
0,0
0,0
0,0
0,0
0,0
0,0
0,0
0,0
0,0
0,0
0,0
1.508,0
8.27,0
12.243,0
22.93,0
11.337,0
12.712,0
16.414,0
19.371,0
14.041,0
9.439,0
0.034,0
0,0
0,0
0,0
0,0
0,0
0,0
0,0
0,0
0,0
0,0
0,0
0,0
0,0
0.353,0
3.792,0
6.269,0
15.408,0
7.23,0
10.849,0
20.134,0
29.466,0
21.946,0
12.821,0
0,0
0,0
0,0
0,0
0,0
0,0
0,0
0,0
0,0
0,0
0,0
0,0
0,0
0,0
0,0
0.011,0
0.078,0
0.168,0
0.657,0
1.266,0
2.175,0
2.409,0
1.781,0
0.797,0
0.101,0
0,0
0,0
0,0
0,0
0,0
0,0
0,0
0,0
0,0
0,0
0,0
0,0
0,0
0,0
0.008,0
0.083,0
0.217,0
0.502,0
0.839,0
1.709,0
1.371,0
0.645,0
0.282,0
0.057,0
0,0
0,0
0,0
0,0
0,0
0,0
0,0
0,0
0,0
0,0
0,0
0,0
0,0
0.107,0
5.767,0
15.046,0
30.21,0
13.616,0
13.641,0
25.114,0
29.996,0
17.755,0
9.647,0
0.059,0
0,0
0,0
0,0
0,0
0,0
0,0
0,0
0,0
0,0
0,0
0,0
0,0
0,0
0,0
0.045,0
0.135,0
0.348,0
0.756,0
0.836,0
1.04,0
0.809,0
0.336,0
0.252,0
0.046,0
0,0
0,0
0,0
0,0
0,0
0,0
0,0
0,0
0,0
0,0
0,0
0,0
0,0
0,0
0,0
0.021,0
0.079,0
0.238,0
0.386,0
0.548,0
0.356,0
0.238,0
0.233,0
0.051,0
0,0
0,0
0,0
0,0
0,0
0,0
0,0
0,0
0,0
0,0
0,0
0,0
0,0
0,0
2.723,0
9.414,0
22.003,0
12.403,0
13.245,0
22.658,0
29.711,0
18.311,0
7.832,0
0.047,0
0,0
0,0
0,0
0,0
0,0
0,0
0,0
0,0
0,0
0,0
0,0
0,0
0,0
0,0
1.09,0
1.141,0
1.053,0
0.209,0
2.063,0
4.556,0
8.035,0
3.223,0
1.8,0
0,0
0,0
0,0
0,0
0,0
0,0
0,0
0,0
0,0
0,0
0,0
0,0
0,0
0,0
0,0
0,0
0,0
0,0
0,0
0,0
0.007,0
0.005,0
0,0
0,0
0,0
0,0
0,0
0,0
0,0
0,0
0,0
0,0
0,0
0,0
0,0
0,0
0,0
0,0
0,0
0,0
0,0
0,0
0,0
0.028,0
0.079,0
0.035,0
0.011,0
0.005,0
0,0
0,0
0,0
0,0
0,0
0,0
0,0
0,0
0,0
0,0
0,0
0,0
0,0
0,0
0,0
0.286,0
1.217,0
0.108,0
0,0
0.637,0
1.759,0
1.045,0
0.926,0
1.228,0
0,0
0,0
0,0
0,0
0,0
0,0
0,0
0,0
0,0
0,0
0,0
0,0
0,0
0,0
0,0
0,0
0,0
0,0
0.077,0
0.19,0
0.265,0
0.628,0
0.246,0
0.134,0
0.028,0
0,0
0,0
0,0
0,0
0,0
0,0
0,0
0,0
0,0
0,0
0,0
0,0
0,0
0,0
0,0
0,0
0,0
0.004,0
0.011,0
0.108,0
0.118,0
0.066,0
0.008,0
0,0
0,0
0,0
0,0
0,0
0,0
0,0
0,0
0,0
0,0
0,0
0,0
0,0
0,0
0,0
0,0
0.112,0
0.045,0
0.122,0
0.659,0
2.089,0
1.031,0
0.714,0
0.623,0
0,0
0,0
0,0
0,0
0,0
0,0
0,0
0,0
0,0
0,0
0,0
0,0
0,0
0,0
0,0
0,0
0,0
0,0
0,0
0,0
0.706,0
0.158,0
0,0
0,0
0,0
0,0
0,0
0,0
0,0
0,0
0,0
0,0
0,0
0,0
0,0
0,0
0,0
0,0
0,0
0,0
0,0
0,0
0,0
0,0
0.002,0
0.005,0
0.001,0
0,0
0,0
0,0
0,0
0,0
0,0
0,0
0,0
0,0
0,0
0,0
0,0
0,0
0,0
0,0
0,0
0,0
0,0
0,0
0,0
0,0
0.012,0
0.031,0
0.022,0
0.017,0
0.002,0
0,0
0,0
0,0
0,0
0,0
0,0
0,0
0,0
0,0
0,0
0,0
0,0
0,0
0,0.2205
0,0
0,0
0,0
0.239,0
1.148,0
3.129,0
5.83,0
4.848,0
1.577,0
0.019,0
0,0
0,0
0,0
0,0
0,0
0,0
0,0
0,0
0,0
0,0
0,0
0,0
0.066,0
0.127,0
0.139,0
0.199,0
0.351,0
0.574,0
0.625,0
0.998,0
0.647,0
0.431,0
0.371,0
0.074,0
0,0
0,0
0,0
0,0
0,0
0,0
0,0
0,0
0,0
0,0
0,0
0,0
0,0
0,0
0,0
0.018,0
0.065,0
0.244,0
0.353,0
0.452,0
0.295,0
0.206,0
0.185,0
0.03,0
0,0
0,0
0,0
0,0
0,0
0,0
0,0
0,0
0,0
0,0
0,0
0,0
0,0
0,0
0,0
0,0
0,0
0,0
0,0
0,0
0,0
0,0
0,0
0,0
0,0
0,0
0,0
0,0
0,0
0,0
0,0
0,0
0,0
0,0
0,0
0,0
0,0
0,0.12525
0,0
0,0
0,0
0,0
0.297,0
3.19,0
4.691,0
2.008,0
0.029,0
0,0
0,0
0,0
0,0
0,0
0,0
0,0
0,0
0,0
0,0
0,0
0,0
0,0
0,0
0,0
0,0
0,0
0.012,0
0.011,0
0,0
0.471,0
0.646,0
0.195,0
0.006,0
0,0
0,0
0,0
0,0
0,0
0,0
0,0
0,0
0,0
0,0
0,0
0,0
0,0
0,0
0,0
0,0
0,0
0.008,0
0.129,0
0.165,0
0.123,0
0.057,0
0.047,0
0.045,0
0.004,0
0,0
0,0
0,0
0,0
0,0
0,0
0,0
0,0
0,0
0,0
0,0
0,0
0,0
0,0.64225
0,0
0,0
0.412,0
0.942,0
1.872,0
2.985,0
2.438,0
1.564,0
0.788,0
0,0
0,0
0,0
0,0
0,0
0,0
0,0
0,0
0,0
0,0
0,0
0,0
0,0
0,0
0,0
0,0
0,0
0,0
0.101,0
0.231,0
0.351,0
0.25,0
0.148,0
0.113,0
0.02,0
0,0
0,0
0,0
0,0
0,0
0,0
0,0
0,0
0,0
0,0
0,0
0,0
0,0
0,0
0,0
0.005,0
0.048,0
0.039,0
0,0
0,0
0,0
0,0
0,0
0,0
0,0
0,0
0,0
0,0
0,0
0,0
0,0
0,0
0,0
0,0
0,0
0,0
0,0
0,0.1445
0,0
0,0
0,0
0,0
0.214,0
1.595,0
0.64,0
0.048,0
0.021,0
0,0
0,0
0,0
0,0
0,0
0,0
0,0
0,0
0,0
0,0
0,0
0,0
0,0
0,0
0,1.06725
0,0.02
0,0
0,0
0,0
0,0
0,0
0,0
0,0
0,0
0,0
0,0
0,0
0,0
0,0
0,0
0,0
0,0
0,0
0,0
0,0
0,0
0,0
0,0
0,0
0,0
0,0
0,0
0,0
0,0
0,0
0,0
0,0
0,0
0,0
0,0
0,0
0,0
0,0
0,0
0,0
0,0
0,0
0,0
0,0
0,0
0,0
0,0
0,0
0,0
0,0
0,0
0,0
0,0
0,0
0,0
0,0
0,0
0,0
0,0
0,0
0,0
0,0
0,0
0,0
0,0
0,0
0,0
0,0
0,0
0,0
0,0
0,1.85475
0,0.182
0,0.01
0,0.006
0,0.00375
0,0.0055
0,0.0045
0,0.00225
0,0.0015
0,0.00375
0,0
0,0
0,0
0,0
0,0
0,0
0,0
0,0
0,0
0,0
0,0
0,0
0,0
0,0
0,0
0,0
0.019,0
0.028,0
0,0
0.129,0
0.32,0
0.202,0
0.137,0
0.107,0
0.016,0
0,0
0,0
0,0
0,0
0,0
0,0
0,0
0,0
0,0
0,0
0,0
0,0
0,0
0,0
0,0
0,0
0,0
0,0
0,0
0,0
0,0
0,0
0,0
0,0
0,0
0,0
0,0
0,0
0,0
0,0
0,0
0,0
0,0
0,0
0,0
0,0
0,0
0,3.0755
0,0.5775
0,0.01525
0,0.01025
0,0.00725
0,0.0075
0,0.0055
0,0.00375
0,0.003
0,0.0045
0,0
0,0
0,0
0,0
0,0
0,0
0,0
0,0
0,0
0,0
0,0
0,0
0,0
0,0
0,3.0635
0,0.75025
0,0.0275
0,0.01425
0,0.2045
0,0.193
0,0.0125
0,0.00975
0,0.009
0,0.14825
0,0
0,0
0,0
0,0
0,0
0,0
0,0
0,0
0,0
0,0
0,0
0,0
0,0
0,0
0,0
0,0
0,0
0,0
0,0
0,0
0.004,0
0.006,0
0.001,0
0,0
0,0
0,0
0,0
0,0
0,0
0,0
0,0
0,0
0,0
0,0
0,0
0,0
0,0
0,0
0,0
0,0
0,0
0,0
0,0
0,0
0,0
0,0
0,0
0,0
0,0
0,0
0,0
0,0
0,0
0,0
0,0
0,0
0,0
0,0
0,0
0,0
0,0
0,0
0,3.54275
0,0.71525
0,0.02575
0,0.01575
0,0.01275
0,0.01575
0,0.01375
0,0.013
0,0.20175
0,0.5255
0,0
0,0
0,0
0,0
0,0
0,0
0,0
0,0
0,0
0,0
0,0
0,0
0,0
0,0
0,0
0,0
0,0
0,0
0,0
0,0
0,0
0,0
0,0
0,0
0,0
0,0
0,0
0,0
0,0
0,0
0,0
0,0
0,0
0,0
0,0
0,0
0,0
0,0.0015
0,0.001
0,0
0,0
0,0
0.061,0
0.274,0
0.807,0
0.569,0
0.213,0
0.207,0
0.044,0
0,0
0,0
0,0
0,0
0,0
0,0
0,0
0,0
0,0
0,0
0,0
0,0
0,0
0,2.42975
0.047,0.10375
7.918,0.014
23.411,0.00325
9.784,0
3.312,0
25.061,0
44.382,0
26.853,0
5.013,0
0.135,0
0.001,0
0,0
0,0
0,0
0,0
0,0
0,0
0,0
0,0
0,0
0,0
0,0
0,0
0,3.11725
0,0.31025
0,0.01375
0.027,0.0045
0.625,0
2.012,0.0005
2.864,0
2.726,0
1.703,0
0.44,0.00275
0,0
0,0
0,0
0,0
0,0
0,0
0,0
0,0
0,0
0,0
0,0
0,0
0,0
0,0
0,0
0,0
0,0
0.003,0
0.012,0
1.041,0
1.747,0
1.543,0
0.591,0
0.014,0
0,0
0,0
0,0
0,0
0,0
0,0
0,0
0,0
0,0
0,0
0,0
0,0
0,0
0,0
0,0
0,0
0.001,0
0.123,0
0.462,0
0.739,0
0.889,0
0.457,0
0.28,0
0.23,0
0.043,0
0,0
0,0
0,0
0,0
0,0
0,0
0,0
0,0
0,0
0,0
0,0
0,0
0,0
0,1.94125
0,0.3095
0,0.016
0,0.0105
0.033,0.0065
0.147,0.0055
5.104,0.00175
13.096,0
9.365,0
1.699,0
0.045,0
0,0
0,0
0,0
0,0
0,0
0,0
0,0
0,0
0,0
0,0
0,0
0,0
0,0
0,0
0,0
0.066,0
0.282,0
0.652,0
1.68,0
1.946,0
1.211,0
0.511,0
0.246,0
0.043,0
0,0
0,0
0,0
0,0
0,0
0,0
0,0
0,0
0,0
0,0
0,0
0,0
0,0
0,0
0,0
0,0
0,0
0,0
0,0
0,0
0,0
0,0
0,0
0,0
0,0
0,0
0,0
0,0
0,0
0,0
0,0
0,0
0,0
0,0
0,0
0,0
0,0.00575
0,2.77225
0,0.60775
0,0.76825
0,1.248
0,0.2575
0,0.0535
0,0.16275
0,0.1125
0,0.03
0,0.02475
0,0.00025
0,0
0,0
0,0
0,0
0,0
0,0
0,0
0,0
0,0
0,0
0,0
0,0
0,0
0,1.8685
0,0.285
0,0.035
0.264,0.009
0,0.00275
0.126,0.00425
4.025,0.00175
5.712,0
2.669,0
0.326,0
0,0
0,0
0,0
0,0
0,0
0,0
0,0
0,0
0,0
0,0
0,0
0,0
0,0
0,0
0,0
0,0
0,0
0.026,0
0.018,0
0.001,0
0.039,0
0.068,0
0.043,0
0.011,0
0,0
0,0
0,0
0,0
0,0
0,0
0,0
0,0
0,0
0,0
0,0
0,0
0,0
0,0
0,0
0,0
0.072,0
0.266,0
0.645,0
0.847,0
1.014,0
0.589,0
0.355,0
0.277,0
0.047,0
0,0
0,0
0,0
0,0
0,0
0,0
0,0
0,0
0,0
0,0
0,0
0,0
0,0.001
0,0.87475
0,0.026
0,0.00375
2.041,0
1.216,0
1.953,0
2.912,0
4.441,0
1.365,0
0.309,0
0,0
0,0
0,0
0,0
0,0
0,0
0,0
0,0
0,0
0,0
0,0
0,0
0,0
0,0.0045
0,0.0095
0,0.01
0,0.009
0,0.00475
0,0
0,0
0,0
0,0
0,0
0,0
0,0
0,0
0,0
0,0
0,0
0,0
0,0
0,0
0,0
0,0
0,0
0,0
0,0
0,0.00375
0,0.007
0,0.0065
0,0.00475
0,0.0035
0,0.001
0,0
0,0
0,0
0,0
0,0
0,0
0,0
0,0
0,0
0,0
0,0
0,0
0,0
0,0
0,0
0,0
0,0
0,0
0,0.00625
0,2.44275
0,0.46125
0,0.8035
0,1.378
0,0.2695
0,0.0265
0,0.285
0,0.509
0,0.32875
0,0.114
0,0.00275
0,0
0,0
0,0
0,0
0,0
0,0
0,0
0,0
0,0
0,0
0,0
0,0
0,0
0,2.38025
0,0.53225
0,0.65475
0,1.08225
0,0.22975
0,0.0355
0,0.3275
0,0.65525
0,0.414
0,0.33475
0,0
0,0
0,0
0,0
0,0
0,0
0,0
0,0
0,0
0,0
0,0
0,0
0,0
0,0
0,0
0,0.0005
0,0.002
0,0.00325
0,0.001
0,0
0,0.001
0,0.00125
0,0.00075
0,0.00025
0,0
0,0
0,0
0,0
0,0
0,0
0,0
0,0
0,0
0,0
0,0
0,0
0,0
0,0.00675
0,0.0145
0,0.0155
0,0.0175
0,0.02325
0,0.03125
0,0.026
0,0.02825
0,0.01675
0,0.00975
0,0.01025
0,0.00275
0,0
0,0
0,0
0,0
0,0
0,0
0,0
0,0
0,0
0,0
0,0
0,0
0,0.01
0,4.53175
0,1.20425
0,1.0195
0,1.31025
0,0.28125
0,0.3265
0,0.351
0,0.46275
0,0.3045
0,0.46375
0,0.00175
0,0
0,0
0,0
0,0
0,0
0,0
0,0
0,0
0,0
0,0
0,0
0,0
0,0.0085
0,0.0165
0,0.01575
0,0.013
0,0.007
0,0.00025
0,0
0.054,0
0.106,0
0.073,0
0.03,0
0,0
0,0
0,0
0,0
0,0
0,0
0,0
0,0
0,0
0,0
0,0
0,0
0,0
0,0.00625
0,0.0135
0,0.01325
0,0.01075
0,0.011
0,0.01525
0,0.0085
0,0.00275
0,0.00025
0,0.0015
0,0.00325
0,0.0015
0,0
0,0
0,0
0,0
0,0
0,0
0,0
0,0
0,0
0,0
0,0
0,0
0,0.00525
0,3.95625
0,1.0485
0,0.674
0,0.87625
0,0.1955
0,0.0825
0,0.20125
0,0.30275
0,0.18325
0,0.47675
0,0.0005
0,0
0,0
0,0
0,0
0,0
0,0
0,0
0,0
0,0
0,0
0,0
0,0
0,0
0,4.327
0,1.20625
0,1.04225
0,1.55275
0,0.35525
0,0.19425
0,0.42975
0,0.76725
0,0.637
0,0.97175
0,0
0,0
0,0
0,0
0,0
0,0
0,0
0,0
0,0
0,0.03325
0,0.0085
0,0.03175
0,0.07525
0,0.10025
0,0.0695
0,0.0015
0,0.00575
0,0.00975
0,0.003
0,0
0,0.003
0,0.005
0,0.00325
0,0.00075
0,0
0,0
0,0
0,0
0,0.05325
0,0.13625
0,0.1605
0,0.17975
0,0.22825
0,0.22
0,0.18675
0,0.1755
0,0.16125
0,0.15275
0,0.126
0,0.046
0,0.017
0,0.02125
0,0.026
0,0.01675
0,0.01175
0,0.0065
0,0.0045
0,0.0045
0,0.00125
0,0
0,0
0,0
0,0
0,0
0,0
0,0
0,0
0,0
0,0
0,0
0,0
0,0.00275
0,4.875
0,1.359
0,0.45625
0,0.59225
0,0.88875
0,1.1295
0,0.786
0,0.743
0,0.50875
0,0.9975
0,0.00275
0,0
0,0
0,0
0,0.169
0,0.2455
0,0.2835
0,0.30175
0,0.28275
0,0.2905
0,0.31575
0,0.363
0,0.39025
0,0.3915
0,0.38075
0,0.19725
0,0.026
0,0.03125
0,0.04475
0,0.04425
0,0.04825
0,0.03075
0,0.0205
0,0.01725
0,0.07
0,0.2625
0,0.37375
0,0.4125
0,0.42575
0,0.46575
0,0.49275
0,0.515
0,0.55975
0,0.58975
0,0.60375
0,0.637
0,0.70375
0,0.78675
0,0.79775
0,0.42
0,0.06425
0,0.027
0,0.04675
0,0.04575
0,0.04575
0,0.02375
0,0.016
0,0.0165
0,0.01025
0,0.33175
0,0.5175
0,0.661
0,0.7705
0,0.84975
0,0.95575
0,1.072
0,1.1195
0,1.15225
0,1.21825
0,1.33475
0,1.4575
0,1.5545
0,7.05475
0,3.1455
0,3.048
0,4.19125
0.287,1.03775
1.074,0.3185
1.368,0.7525
1.113,1.0835
0.155,0.8905
0,1.328
0,0.00425
0,0
0,0.14475
0,0.46525
0,0.63875
0,0.7455
0,0.84475
0,0.94675
0,1.05275
0,1.18225
0,1.3325
0,1.442
0,1.4915
0,1.56025
0,6.993
0,3.052
0,2.688
0,3.51925
0.75,0.93225
1.685,0.273
2.101,0.63325
1.669,0.703
0.356,0.5235
0,1.09725
0,0
0,0
0,0.1755
0,0.5855
0,0.75125
0,0.769
0,0.8915
0,0.9735
0,1.05975
0,1.171
0,1.32925
0,1.41
0,1.49325
0,1.53325
0,1.47025
0,1.1505
0,0.283
0,0.063
0,0.00475
0,0
0,0.0035
0,0.00575
0,0.00325
0,0.067
0,0.3715
0,0.5105
0,0.62325
0,0.77625
0,0.99875
0,1.13825
0,1.2225
0,1.2925
0,1.3785
0,1.45875
0,1.559
0,1.7
0,1.851
0,1.86425
0,1.75775
0,1.568
0,1.32125
0,1.07725
0,0.61625
0,0.1425
0,0.076
0,0.05475
0,0.145
0,0.46775
0,0.669
0,0.91675
0,0.95525
0,0.9725
0,1.0215
0,1.043
0,1.07325
0,1.1155
0,1.13725
0,1.13775
0,1.119
0,1.0985
0,1.08175
0,1.09625
0,6.70325
0,2.9025
0,1.9635
0,2.017
0,1.26
0,0.9175
0,0.604
0,0.569
0,0.73825
0,1.4155
0,0.00275
0,0
0,0.22375
0,0.511
0,0.63725
0,0.7215
0,0.87075
0,0.9635
0,1.054
0,1.09425
0,1.09525
0,1.10725
0,1.0785
0,1.03225
0,0.985
0,0.7515
0,0.27225
0,0.0295
0,0.021
0,0.015
0,0.0045
0,0
0,0
0,0.00275
0,0.00675
0,0.267
0,0.42575
0,0.551
0,0.745
0,0.848
0,0.95175
0,1.04775
0,1.1145
0,1.166
0,1.20775
0,1.20075
0,1.1475
0,1.1345
0,1.1325
0,1.07275
0,0.939
0,0.67625
0,0.15525
0,0.05675
0,0.04425
0,0.02275
0,0.03075
0,0.263
0,0.60775
0,1.0215
0,1.267
0,1.41825
0,1.51225
0,1.56925
0,1.6265
0,1.6775
0,1.707
0,1.7455
0,1.79825
0,1.852
0,1.89025
0,1.9515
0,7.33625
0,3.51575
0,2.66325
0,3.457
0,1.1475
0.142,0.98025
0.255,1.183
0.017,1.5645
0,1.84525
0,1.90775
0,0.00575
0,0.227
0,0.78825
0,1.02825
0,1.34825
0,1.461
0,1.5975
0,1.74575
0,1.8065
0,1.86225
0,2.016
0,2.1725
0,2.2175
0,2.2505
0,7.47825
0,3.9925
0,3.519
0,3.785
0,1.24825
0,0.895
0,1.1695
0,1.63925
0,2.05825
0,2.502
0,0
0,0.21825
0,0.75125
0,0.923
0,1.145
0,1.2045
0,1.17275
0,1.124
0,1.10325
0,1.093
0,1.09225
0,1.0765
0,1.0785
0,1.07
0,1.0335
0,0.94625
0,0.76775
0,0.41175
0,0.04275
0,0
0,0.00225
0,0.00675
0,0.1665
0,0.42725
0,0.789
0,1.02875
0,1.09775
0,1.1005
0,1.10725
0,1.1175
0,1.13525
0,1.15575
0,1.169
0,1.18775
0,1.2115
0,1.23675
0,1.27425
0,1.3425
0,1.20975
0,0.71075
0,0.49075
0,0.49025
0,0.456
0,0.27025
0,0.245
0,0.363
0,0.568
0,0.7145
0,0.763
0,0.79625
0,0.81825
0,0.84825
0,0.8745
0,0.901
0,0.92725
0,0.94325
0,0.95775
0,0.96975
0,0.97225
0,0.9735
0,0.98375
0,0.9815
0,6.62075
0,2.7635
0,1.43875
0,1.0055
0,1.36275
0,1.988
0,1.23375
0,0.9925
0,1.70775
0,2.44125
0,0.00175
0,0
0,0.063
0,0.30275
0,0.4085
0,0.53025
0,0.69475
0,0.80425
0,0.907
0,0.9955
0,1.093
0,1.209
0,1.248
0,1.2345
0,1.11675
0,0.71
0,0.2335
0,0.0435
0,0.03425
0,0.023
0,0.01475
0,0.00925
0,0.01375
0,0.27525
0,0.56325
0,0.864
0,0.974
0,1.09775
0,1.22675
0,1.276
0,1.27575
0,1.31575
0,1.318
0,1.306
0,1.3105
0,1.28925
0,1.29375
0,1.3085
0,1.07825
0,0.4235
0,0.06925
0,0.01125
0,0.007
0,0
0,0
0,0.0005
0,0.003
0,0.11125
0,0.4355
0,0.70225
0,0.79475
0,0.794
0,0.828
0,0.85175
0,0.9025
0,1.01025
0,1.16575
0,1.21625
0,1.243
0,1.32925
0,1.30025
0,1.2615
0,6.6975
0,2.28225
0,1.08925
0,0.9485
0,0.564
0,1.122
0,0.823
0,0.74825
0,1.56825
0,2.3
0,0.002
0,0
0,0.063
0,0.293
0,0.4105
0,0.51425
0,0.66525
0,0.7625
0,0.86725
0,0.98025
0,1.0275
0,1.0915
0,1.1155
0,1.03975
0,6.6655
0,2.976
0,2.35775
0,2.44125
0,2.2025
0,2.4195
0,1.903
0,2.03775
0,2.3945
0,2.77725
0,0
0,0
0,0.403
0,0.5715
0,0.6735
0,0.85925
0,1.0125
0,1.15225
0,1.2565
0,1.30975
0,1.37425
0,1.40975
0,1.44825
0,1.56875
0,1.37525
0,0.4575
0,0.0725
0,0.01175
0,0.00125
0,0
0,0
0,0
0,0.00075
0,0.075
0,0.4465
0,0.59375
0,0.7755
0,0.911
0,1.01725
0,1.05675
0,1.05925
0,1.056
0,1.07625
0,1.0995
0,1.1295
0,1.175
0,1.19075
0,1.2095
0,1.029
0,0.39225
0,0.09625
0,0.02325
0,0.01575
0,0.00225
0,0
0,0
0,0.0005
0,0.02375
0,0.19125
0,0.392
0,0.63725
0,0.6115
0,0.60525
0,0.7175
0,0.791
0,0.87525
0,0.954
0,1.05625
0,1.14525
0,1.17175
0,1.2045
0,1.20775
0,6.66475
0,2.42025
0,1.03375
0,0.90575
0,0.78825
0,0.9045
0,0.38625
0,0.20575
0,1.23375
0,2.092
0,0.00175
0,0
0,0.11225
0,0.46175
0,0.57925
0,0.7625
0,0.9175
0,1.06625
0,1.1805
0,1.17075
0,1.19925
0,1.33075
0,1.502
0,1.548
0,1.436
0,1.0355
0,0.5425
0,0.17925
0,0.04625
0,0.03025
0,0.02575
0,0.0475
0,0.33425
0,0.67
0,0.85825
0,1.0915
0,1.27025
0,1.43175
0,1.5295
0,1.5035
0,1.51675
0,1.6545
0,1.79325
0,1.84025
0,1.91025
0,1.97175
0,1.99275
0,2.03325
0,1.9045
0,1.30625
0,0.65825
0,0.21825
0,0.19275
0,0.1705
0,0.16675
0,0.42
0,0.792
0,1.4055
0,1.65375
0,1.6865
0,1.714
0,1.78225
0,1.813
0,1.839
0,1.90375
0,1.969
0,2.01
0,2.053
0,2.1215
0,2.18175
0,2.2355
0,2.28
0,7.456
0,3.42125
0,2.9335
0,3.79075
0,1.83
0,1.4695
0,1.88325
0,2.54325
0,3.086
0,3.617
0,0.00825
0,0.7895
0,1.39975
0,1.78475
0,1.96475
0,2.06675
0,2.14775
0,2.2545
0,2.373
0,2.4965
0,2.559
0,2.57175
0,2.5855
0,2.6565
0,7.67
0,4.09
0,4.07375
0,5.22
0,2.98175
0,2.72375
0,2.8505
0,3.7925
0,3.87325
0,4.13575
0,0.0075
0,1.13075
0,1.66925
0,1.93125
0,2.10625
0,2.2405
0,2.2335
0,2.2665
0,2.4345
0,2.50225
0,2.5825
0,2.67925
0,2.75325
0,2.82175
0,2.731
0,2.0685
0,1.231
0,0.8045
0,0.578
0,0.56125
0,0.7005
0,1.01875
0,1.6975
0,2.27925
0,2.532
0,2.65725
0,2.76325
0,2.84825
0,2.955
0,3.00475
0,3.062
0,3.143
0,3.16675
0,3.22475
0,3.28475
0,3.3255
0,3.3305
0,3.3055
0,3.11625
0,2.7895
0,2.55975
0,2.464
0,2.494
0,2.48625
0,2.45375
0,2.43725
0,2.5015
0,2.57175
0,2.5715
0,2.5815
0,2.572
0,2.535
0,2.51025
0,2.49625
0,2.48675
0,2.48775
0,2.50725
0,2.52625
0,2.54675
0,2.5615
0,2.57025
0,2.57825
0,7.691
0,4.361
0,3.69725
0,3.66225
0,3.63625
0,3.58
0,2.84
0,3.23125
0,3.56175
0,4.241
0,0.006
0,0.9705
0,1.7585
0,1.8855
0,1.93575
0,1.9865
0,2.027
0,2.05375
0,2.06375
0,2.07625
0,2.094
0,2.11325
0,2.12775
0,2.141
0,2.1015
0,1.91975
0,1.66925
0,1.4805
0,1.5275
0,1.4435
0,1.47225
0,1.6105
0,1.83725
0,2.01825
0,2.19275
0,2.39525
0,2.488
0,2.531
0,2.5695
0,2.6295
0,2.71075
0,2.746
0,2.79325
0,2.84225
0,2.8785
0,2.94325
0,2.9635
0,2.94925
0,2.96575
0,2.8445
0,2.6905
0,2.58425
0,2.5525
0,2.5195
0,2.58925
0,2.64025
0,2.75625
0,2.81725
0,2.78975
0,2.77675
0,2.7415
0,2.69825
0,2.667
0,2.66375
0,2.67175
0,2.67775
0,2.659
0,2.65825
0,2.67
0,2.6835
0,2.662
0,2.65975
0,7.76975
0,4.54925
0,3.96675
0,4.27075
0,4.33025
0,4.14475
0,3.4335
0,3.9185
0,4.09075
0,4.544
0,0.015
0,1.17675
0,1.8785
0,2.04575
0,2.12725
0,2.18725
0,2.2315
0,2.26525
0,2.29
0,2.31325
0,2.33
0,2.32925
0,2.3295
0,2.3325
0,7.57675
0,4.39575
0,3.82275
0,4.00375
0,4.1165
0,3.95825
0,3.33025
0,3.88125
0,3.988
0,4.45225
0,0.00925
0,1.162
0,1.85325
0,2.0175
0,2.1025
0,2.16075
0,2.2025
0,2.282
0,2.36225
0,2.40875
0,2.4765
0,2.50625
0,2.51575
0,2.543
0,2.47325
0,2.18675
0,1.856
0,1.662
0,1.033
0,0.8935
0,1.08575
0,1.39225
0,1.97975
0,2.34275
0,2.503
0,2.534
0,2.506
0,2.5565
0,2.68225
0,2.7405
0,2.7775
0,2.883
0,2.9935
0,3.02075
0,2.985
0,2.94225
0,2.953
0,2.93725
0,2.89975
0,2.65725
0,2.191
0,1.66175
0,1.3295
0,1.13025
0,1.249
0,1.668
0,2.1445
0,2.4255
0,2.54675
0,2.7105
0,2.848
0,2.95
0,3.0005
0,3.023
0,3.105
0,3.1495
0,3.15775
0,3.165
0,3.165
0,3.1435
0,3.11275
0,3.086
0,7.941
0,4.59125
0,3.7675
0,4.28825
0,2.4395
0,2.26925
0,2.4385
0,3.35275
0,3.92475
0,4.66325
0,0.11675
0,1.5635
0,2.286
0,2.51275
0,2.6695
0,2.758
0,2.8495
0,2.93575
0,3.0025
0,3.08375
0,3.1415
0,3.1045
0,3.1555
0,3.28275
0,3.205
0,2.7795
0,2.18625
0,2.12
0,2.05475
0,1.70175
0,1.814
0,2.13375
0,2.3925
0,2.5155
0,2.5365
0,2.5675
0,2.59975
0,2.5675
0,2.4945
0,2.44
0,2.41575
0,2.4015
0,2.359
0,2.286
0,2.23475
0,2.19125
0,2.13625
0,2.11975
0,2.0935
0,1.97075
0,1.7905
0,1.64325
0,1.574
0,1.5055
0,1.49625
0,1.56175
0,1.64525
0,1.6725
0,1.66325
0,1.62525
0,1.5895
0,1.58375
0,1.591
0,1.62075
0,1.624
0,1.595
0,1.57025
0,1.5645
0,1.57375
0,1.58075
0,1.60675
0,1.63375
0,7.16225
0,3.608
0,1.99375
0,1.25275
0,2.49075
0,2.98925
0,1.78425
0,1.73975
0,2.351
0,3.45325
0,0.002
0,0.1635
0,0.79225
0,1.118
0,1.11025
0,1.026
0,0.9955
0,1.01225
0,0.98825
0,1.0735
0,1.333
0,1.414
0,1.44125
0,1.4975
0,7.0135
0,3.51075
0,2.341
0,2.09125
0,3.01225
0,3.40425
0,2.54325
0,2.64625
0,2.879
0,3.63025
0,0
0,0.2975
0,0.8345
0,1.11375
0,1.229
0,1.297
0,1.31675
0,1.329
0,1.34575
0,1.365
0,1.38625
0,1.40175
0,1.42225
0,1.443
0,1.4365
0,1.35625
0,1.19525
0,1.04275
0,0.86375
0,0.94775
0,1.0935
0,1.285
0,1.53525
0,1.68075
0,1.67925
0,1.703
0,1.74925
0,1.80525
0,1.84425
0,1.8895
0,1.93325
0,1.963
0,1.9655
0,1.94775
0,1.91
0,1.9065
0,1.9465
0,1.9715
0,1.9655
0,1.8285
0,1.2785
0,0.977
0,0.86225
0,0.9845
0,1.24975
0,1.524
0,1.72675
0,1.84725
0,1.895
0,1.9325
0,2.01425
0,2.1505
0,2.22425
0,2.209
0,2.1915
0,2.1995
0,2.22575
0,2.22525
0,2.221
0,2.2295
0,2.26
0,2.3625
0,7.6345
0,4.1925
0,3.40175
0,3.74125
0,2.99975
0,2.64575
0,2.51275
0,3.186
0,3.5775
0,4.29975
0,0.01625
0,1.0645
0,1.85875
0,2.1055
0,2.25225
0,2.34925
0,2.391
0,2.407
0,2.43075
0,2.45
0,2.48
0,2.51675
0,2.552
0,2.606
0,2.644
0,2.59875
0,2.5095
0,2.4315
0,2.3015
0,2.2445
0,2.336
0,2.512
0,2.654
0,2.7465
0,2.75975
0,2.778
0,2.813
0,2.8545
0,2.886
0,2.93025
0,2.95675
0,2.98725
0,3.008
0,3.018
0,3.03825
0,3.0815
0,3.10325
0,3.14675
0,3.172
0,3.1185
0,2.93275
0,2.78125
0,2.731
0,2.72775
0,2.8005
0,2.876
0,3.02075
0,3.0965
0,3.09225
0,3.0955
0,3.09725
0,3.1005
0,3.1015
0,3.109
0,3.1205
0,3.126
0,3.12975
0,3.122
0,3.1375
0,3.15275
0,3.166
0,3.21325
0,7.98825
0,5.2555
0,5.394
0,6.544
0,5.43925
0,4.82625
0,4.8585
0,5.65875
0,5.52525
0,5.3505
0,0.31375
0,2.0095
0,2.6025
0,2.744
0,2.82775
0,2.8935
0,2.9375
0,2.96575
0,3.02
0,3.0665
0,3.09325
0,3.11275
0,3.123
0,3.144
0,7.92725
0,5.34075
0,5.27425
0,5.86975
0,4.52225
0,3.687
0,3.31475
0,4.17825
0,4.45
0,4.89325
0,0.14725
0,1.61175
0,2.319
0,2.48575
0,2.56775
0,2.664
0,2.72
0,2.77075
0,2.854
0,2.8995
0,2.9275
0,2.95025
0,2.956
0,2.97225
0,2.9635
0,2.84925
0,2.66725
0,2.55525
0,2.52525
0,2.4635
0,2.53875
0,2.7515
0,2.8865
0,2.98725
0,3.05075
0,3.07275
0,3.07875
0,3.09
0,3.11475
0,3.12925
0,3.1365
0,3.1165
0,3.12625
0,3.14125
0,3.1075
0,3.11825
0,3.13575
0,3.12975
0,3.122
0,2.75725
0,2.03725
0,1.568
0,1.4165
0,1.339
0,1.5015
0,1.91525
0,2.6385
0,2.93725
0,2.9875
0,3.011
0,3.05925
0,3.0525
0,3.059
0,3.05225
0,3.07325
0,3.10575
0,3.10175
0,3.09825
0,3.0935
0,3.10225
0,3.097
0,3.1375
0,7.9965
0,5.1785
0,4.81975
0,5.50025
0,5.00275
0,4.61
0,4.29375
0,4.90775
0,5.07475
0,5.23575
0,0.24875
0,1.9125
0,2.52675
0,2.77625
0,2.94125
0,2.94925
0,3.046
0,3.1315
0,3.125
0,3.14
0,3.234
0,3.31675
0,3.32275
0,3.33675
0,3.34275
0,3.2465
0,3.08925
0,2.98125
0,2.9155
0,2.8655
0,2.86025
0,2.86425
0,2.94425
0,2.995
0,2.99775
0,3.01625
0,3.03325
0,3.0495
0,3.05925
0,3.0735
0,3.078
0,3.07325
0,3.064
0,3.05625
0,3.0525
0,3.04475
0,3.0175
0,3.0045
0,3.0025
0,2.95175
0,2.84825
0,2.757
0,2.7375
0,2.716
0,2.7435
0,2.775
0,2.85825
0,2.919
0,2.9215
0,2.9425
0,2.96525
0,2.9885
0,2.99625
0,3.005
0,3.01775
0,3.023
0,3.03575
0,3.03675
0,3.042
0,3.0345
0,3.02925
0,3.06275
0,7.99325
0,5.09975
0,4.4095
0,4.79575
0,4.92125
0,4.66725
0,4.09375
0,4.52175
0,4.73075
0,5.01075
0,0.13125
0,1.6375
0,2.2805
0,2.4045
0,2.4665
0,2.524
0,2.553
0,2.56
0,2.5705
0,2.5845
0,2.5965
0,2.5955
0,2.5745
0,2.537
0,7.7
0,4.54675
0,3.441
0,3.136
0,3.8125
0,3.88975
0,3.06675
0,3.4115
0,3.7225
0,4.4035
0,0
0,1.0115
0,1.79425
0,1.99375
0,2.05925
0,2.08825
0,2.098
0,2.11775
0,2.12
0,2.1395
0,2.1495
0,2.1405
0,2.13775
0,2.11725
0,2.0775
0,2.0365
0,1.92775
0,1.8105
0,1.73325
0,1.71075
0,1.70525
0,1.73175
0,1.742
0,1.75175
0,1.754
0,1.696
0,1.6235
0,1.5915
0,1.57125
0,1.55725
0,1.52225
0,1.538
0,1.623
0,1.72475
0,1.84875
0,1.93925
0,1.98325
0,2.0185
0,2.052
0,1.921
0,1.7055
0,1.6325
0,1.55675
0,1.332
0,1.46975
0,1.67875
0,1.87675
0,2.009
0,2.06375
0,2.07525
0,2.0645
0,2.06
0,2.05325
0,2.04375
0,2.03975
0,2.04875
0,2.05925
0,2.06575
0,2.07775
0,2.072
0,2.06125
0,2.06625
0,7.43575
0,3.94875
0,2.7025
0,2.3295
0,3.273
0,3.49475
0,2.32125
0,2.21875
0,2.63375
0,3.65775
0,0.00275
0,0.2225
0,0.83325
0,1.14275
0,1.2345
0,1.31325
0,1.3975
0,1.4435
0,1.465
0,1.497
0,1.52725
0,1.56475
0,1.60425
0,1.6445
0,1.672
0,1.62975
0,1.54675
0,1.51325
0,1.52725
0,1.547
0,1.556
0,1.6215
0,1.71825
0,1.77625
0,1.78425
0,1.78575
0,1.771
0,1.73925
0,1.68325
0,1.648
0,1.727
0,1.896
0,2.02175
0,2.073
0,2.0545
0,2.07075
0,2.12275
0,2.15025
0,2.163
0,1.98675
0,1.6065
0,1.235
0,1.13375
0,1.11475
0,1.19525
0,1.4395
0,1.779
0,1.97925
0,2.0595
0,2.10825
0,2.149
0,2.18325
0,2.215
0,2.2285
0,2.24825
0,2.27525
0,2.31975
0,2.4235
0,2.5255
0,2.5885
0,2.637
0,2.6455
0,7.7575
0,4.24925
0,3.0035
0,2.71675
0,1.9335
0,2.035
0,1.66325
0,1.9555
0,2.61625
0,3.45575
0,0.0035
0,0.3375
0,1.06475
0,1.50075
0,1.656
0,1.7505
0,1.91375
0,2.066
0,2.16375
0,2.21475
0,2.2355
0,2.22475
0,2.2075
0,2.186
0,7.459
0,4.1975
0,3.6355
0,3.6865
0,3.8285
0,3.7375
0,3.04625
0,3.421
0,3.491
0,4.036
0,0
0,0.597
0,1.196
0,1.43225
0,1.48125
0,1.49875
0,1.51675
0,1.57025
0,1.66625
0,1.75975
0,1.7925
0,1.837
0,1.90125
0,1.913
0,1.8895
0,1.81975
0,1.57375
0,1.5145
0,1.484
0,1.54075
0,1.628
0,1.6955
0,1.805
0,1.909
0,1.97625
0,2.001
0,2.016
0,2.02625
0,2.0445
0,2.08225
0,2.1475
0,2.21425
0,2.26675
0,2.359
0,2.427
0,2.487
0,2.55
0,2.55025
0,2.47125
0,2.321
0,1.94425
0,1.4665
0,1.1685
0,0.96875
0,1.1115
0,1.4535
0,2.01075
0,2.2905
0,2.3655
0,2.4175
0,2.48675
0,2.57425
0,2.63975
0,2.64725
0,2.64775
0,2.649
0,2.65925
0,2.687
0,2.71125
0,2.73625
0,2.76225
0,2.79075
0,7.85175
0,4.61275
0,4.11125
0,4.73975
0,3.842
0,3.85575
0,3.6425
0,4.33225
0,4.36725
0,4.64775
0,0.03125
0,1.264
0,1.96175
0,2.1975
0,2.375
0,2.483
0,2.51475
0,2.5075
0,2.4975
0,2.49325
0,2.5025
0,2.526
0,2.52625
0,2.5145
0,2.508
0,2.449
0,2.33775
0,2.2745
0,2.252
0,2.21375
0,2.2005
0,2.238
0,2.321
0,2.38525
0,2.40575
0,2.42675
0,2.43025
0,2.4525
0,2.4785
0,2.4795
0,2.4905
0,2.5205
0,2.5355
0,2.519
0,2.498
0,2.48975
0,2.49975
0,2.51325
0,2.5155
0,2.4225
0,2.25525
0,2.163
0,2.08575
0,1.9985
0,1.9825
0,2.0145
0,2.15325
0,2.29025
0,2.36025
0,2.46
0,2.556
0,2.60925
0,2.62025
0,2.60775
0,2.5945
0,2.6
0,2.622
0,2.61275
0,2.6085
0,2.605
0,2.61075
0,2.639
0,7.75925
0,4.48375
0,3.8285
0,4.20225
0,4.0925
0,3.872
0,3.2105
0,3.6625
0,3.9205
0,4.485
0,0.01275
0,1.07575
0,1.772
0,1.924
0,1.998
0,2.0235
0,2.02975
0,2.05975
0,2.10425
0,2.1115
0,2.11925
0,2.12575
0,2.136
0,2.155
0,7.48175
0,4.14
0,3.254
0,3.2635
0,3.616
0,3.6135
0,2.73925
0,2.94775
0,3.23225
0,4.0115
0,0
0,0.5925
0,1.23325
0,1.4635
0,1.5465
0,1.57675
0,1.573
0,1.59425
0,1.6595
0,1.7045
0,1.75975
0,1.7915
0,1.8185
0,1.876
0,1.90825
0,1.7335
0,1.463
0,1.43275
0,1.398
0,1.36
0,1.42475
0,1.638
0,1.799
0,1.86925
0,1.85075
0,1.78075
0,1.6665
0,1.6085
0,1.66225
0,1.70375
0,1.68875
0,1.67225
0,1.6505
0,1.63025
0,1.63425
0,1.67475
0,1.73425
0,1.827
0,1.959
0,2.02575
0,1.95725
0,1.87225
0,1.8045
0,1.6355
0,1.45625
0,1.43825
0,1.48375
0,1.53275
0,1.5535
0,1.56225
0,1.5515
0,1.54325
0,1.56625
0,1.636
0,1.72325
0,1.7705
0,1.796
0,1.79675
0,1.7985
0,1.8005
0,1.82375
0,1.89675
0,7.34125
0,3.8905
0,3.0695
0,3.1445
0,3.6955
0,3.747
0,3.016
0,3.32925
0,3.42925
0,4.0925
0,0.00575
0,0.66625
0,1.359
0,1.63575
0,1.75175
0,1.87025
0,1.9635
0,2.035
0,2.06775
0,2.09325
0,2.11825
0,2.114
0,2.133
0,2.2245
0,2.3175
0,2.292
0,2.112
0,1.8725
0,1.4905
0,1.531
0,1.63175
0,1.725
0,1.87325
0,2.00625
0,2.03525
0,2.04825
0,2.098
0,2.1465
0,2.17375
0,2.20875
0,2.24525
0,2.27075
0,2.26825
0,2.253
0,2.24625
0,2.25125
0,2.27025
0,2.33575
0,2.381
0,2.30225
0,2.112
0,1.877
0,1.601
0,1.597
0,1.64925
0,1.716
0,1.84
0,1.91775
0,1.9035
0,1.93025
0,1.9995
0,2.05525
0,2.086
0,2.113
0,2.14475
0,2.173
0,2.16325
0,2.144
0,2.13575
0,2.13275
0,2.14975
0,2.21125
0,7.5235
0,4.19325
0,3.46
0,3.21925
0,3.491
0,3.5095
0,2.50325
0,2.5605
0,2.90025
0,3.76975
0,0.00375
0,0.3795
0,1.07075
0,1.438
0,1.6755
0,1.9615
