Heating;Cooling
13.166;0
18.68;0
23.392;0
27.157;0
29.541;0
30.985;0
31.31;0
164.212;0
61.263;0
37.144;0
47.607;0
47.229;0
38.651;0
43.734;0
35.594;0
36.747;0
41.125;0
48.441;0
75.484;0
2.054;0
7.179;0
15.394;0
18.093;0
19.669;0
21.067;0
22.22;0
23.003;0
23.438;0
23.03;0
22.208;0
21.534;0
21.428;0
21.72;0
20.429;0
14.365;0
9.152;0
6.913;0
7.605;0
10.064;0
12.494;0
16.141;0
18.689;0
20.094;0
20.358;0
20.422;0
20.534;0
20.955;0
22.102;0
23.762;0
24.791;0
25.456;0
25.822;0
26.494;0
27.769;0
28.374;0
29.236;0
29.893;0
29.267;0
27.355;0
25.393;0
24.264;0
27.046;0
33.111;0
37.234;0
39.412;0
40.06;0
40.269;0
40.855;0
41.721;0
43.501;0
44.426;0
44.032;0
44.248;0
44.959;0
45.063;0
44.958;0
45.465;0
45.068;0
44.388;0
179.721;0
76.664;0
44.094;0
48.369;0
44.497;0
30.357;0
32.945;0
26.898;0
30.989;0
42.407;0
55.985;0
84.011;0
2.125;0
7.787;0
19.122;0
23.951;0
26.617;0
29.077;0
30.675;0
32.627;0
33.532;0
33.635;0
34.06;0
34.601;0
169.91;0
66.374;0
39.416;0
44.991;0
44.917;0
39.68;0
48.51;0
39.389;0
38.508;0
42.274;0
50.96;0
78.114;0
2.067;0
6.12;0
15.914;0
19.644;0
22.315;0
24.961;0
26.969;0
28.561;0
29.399;0
29.398;0
29.684;0
30.567;0
166.282;0
62.008;0
35.937;0
41.157;0
42.314;0
36.415;0
43.485;0
35.299;0
34.744;0
38.809;0
48.436;0
75.366;0
2.179;0
6.135;0
16.157;0
20.701;0
23.398;0
25.726;0
28.044;0
30.134;0
31.202;0
31.712;0
33.466;0
35.497;0
171.491;0
69.027;0
41.351;0
43.794;0
40.912;0
33.549;0
41.014;0
34.628;0
36.429;0
42.457;0
52.164;0
79.959;0
2.489;0
9.289;0
19.34;0
23.243;0
25.735;0
27.531;0
28.876;0
29.754;0
30.469;0
31.012;0
32.005;0
33.349;0
168.49;0
65.885;0
40.15;0
48.143;0
47.835;0
41.047;0
48.335;0
40.393;0
40.73;0
44.88;0
53.33;0
81.235;0
2.57;0
9.362;0
19.073;0
23.073;0
25.737;0
27.387;0
28.784;0
30.016;0
31.165;0
32.237;0
33.119;0
33.919;0
34.591;0
35.559;0
36.267;0
35.852;0
32.016;0
29.141;0
28.506;0
29.272;0
32.388;0
36.504;0
39.516;0
40.369;0
41.399;0
42.809;0
43.644;0
44.448;0
45.383;0
46.149;0
46.121;0
45.985;0
45.804;0
45.258;0
44.202;0
43.464;0
43.236;0
42.812;0
41.18;0
38.583;0
36.8;0
35.976;0
35.366;0
35.211;0
35.772;0
36.501;0
36.457;0
35.677;0
34.26;0
32.233;0
30.591;0
29.685;0
29.693;0
31.093;0
32.575;0
33.148;0
33.407;0
34.034;0
34.117;0
33.959;0
172.997;0
68.08;0
35.918;0
35.796;0
33.571;0
26.457;0
31.403;0
18.772;0
18.703;0
25.771;0
42.481;0
69.758;0
1.893;0
3.255;0
12.534;0
16.425;0
19.942;0
22.694;0
24.583;0
25.984;0
26.998;0
27.848;0
28.869;0
30.293;0
168.509;0
63.653;0
35.243;0
33.088;0
28.35;0
21.059;0
22.68;0
20.493;0
23.629;0
26.929;0
37.697;0
63.192;0
1.874;0
2.584;0
8.441;0
12.226;0
14.219;0
15.602;0
16.416;0
17.544;0
18.773;0
18.93;0
17.553;0
15.755;0
151.759;0
45.609;0
20.587;0
22.174;0
20.222;0
15.513;0
19.747;0
14.895;0
15.277;0.043
17.74;0
24.442;0
49.275;0
1.538;0
1.451;0
3.367;0
5.718;0
6.923;0
7.35;0
7.357;0
7.545;0
8.384;0
9.632;0
10.597;0
11.639;0
145.405;0
42.204;0
19.032;0
21.638;0
20.207;0
15.752;0
17.681;0
15.183;0
17.318;0.338
21.275;0
27.51;0
53.493;0
1.696;0
1.919;0
6.102;0
8.662;0
10.204;0
11.203;0
11.699;0
12.144;0
12.835;0
14.104;0
15.207;0
15.067;0
146.304;0
43.576;0
20.994;0
24.376;0
23.443;0
18.985;0
22.217;0
19.074;0
21.505;0
24.601;0
29.658;0
55.355;0
1.756;0
2.425;0
7.614;0
10.634;0
11.926;0
12.871;0
14.399;0
15.363;0
15.738;0
16.464;0
17.41;0
18.43;0
19.627;0
21.397;0
19.282;0
11.876;0
8.895;0
7.257;0
7.808;0
9.386;0
11.949;0
17.091;0
21.37;0
24.482;0
27.415;0
29.359;0
30.453;0
30.977;0
30.984;0
31.203;0
32.275;0
33.902;0
35.116;0
35.638;0
35.986;0
36.116;0
36.194;0
36.167;0
32.814;0
25.013;0
24.286;0
26.484;0
27.241;0
28.231;0
29.438;0
32.882;0
35.184;0
36.098;0
37.717;0
39.814;0
41.083;0
41.869;0
41.643;0
41.331;0
41.48;0
41.035;0
40.571;0
40.497;0
40.335;0
40.298;0
176.102;0
70.817;0
38.431;0
40.699;0
38;0
30.379;0
38.104;0
25.788;0
21.861;0
23.971;0
36.024;0
61.168;0
1.509;0
1.432;0
3.591;0
6.979;0
9.254;0
10.545;0
11.368;0
11.713;0
12.188;0
12.743;0
13.142;0
13.633;0
154.302;0
47.121;0
20.829;0
20.096;0
17.057;0
13.178;0
18.093;0
13.577;0
13.956;0.296
15.717;0
23.231;0
49.884;0
1.462;0
1.422;0
4.675;0
7.928;0
10.211;0
11.591;0
13.384;0
14.911;0
15.756;0
16.723;0
17.928;0
19.342;0
157.951;0
52.413;0
25.929;0
24.868;0
21.177;0
15.489;0.264
14.668;0
13.479;0.17
15.156;0.294
16.405;0.005
20.827;0
47.138;0
1.563;0
1.401;0
3.904;0
6.537;0
8.585;0
9.899;0
11.391;0
12.743;0
14.153;0
15.015;0
14.896;0
14.581;0
146.89;0
43.214;0
19.955;0
22.439;0
19.921;0
16.99;0
21.821;0
18.078;0
18.292;0
20.89;0
24.597;0
47.856;0
1.488;0
1.337;0
3.781;0
6.381;0
8.245;0
9.124;0
10.394;0
11.474;0
12.446;0
13.592;0
14.295;0
15.502;0
149.688;0
47.279;0
23.11;0
24.364;0
21.765;0
16.198;0
16.968;0
16.948;0
18.192;0.081
21.421;0
25.858;0
49.748;0
1.58;0
1.493;0
4.728;0
6.396;0
7.23;0
7.293;0
7.357;0
7.556;0
7.836;0
8.305;0
8.936;0
9.84;0
11.178;0
12.542;0
12.417;0
9.653;0
7.106;0
4.601;0
2.453;0
2.901;0
5.763;0
8.493;0
11.135;0
13.404;0
14.413;0
15.383;0
17.401;0
19.128;0
19.802;0
20.724;0
22.468;0
23.808;0
24.274;0
24.633;0
26.619;0
28.519;0
30.158;0
31.033;0
26.704;0
17.538;0
15.458;0
12.46;0
11.245;0
16.495;0
22.817;0
28.784;0
34.145;0
36.805;0
37.425;0
37.982;0
38.349;0
37.971;0
37.139;0
36.236;0
37.802;0
39.355;0
39.143;0
40.227;0
40.613;0
40.194;0
176.222;0
71.77;0
40.859;0
46.136;0
39.493;0
28.713;0
30.965;0
24.31;0
29.516;0
37.025;0
49.673;0
77.358;0
2.077;0
6.661;0
18.086;0
23.648;0
26.408;0
28.338;0
29.579;0
30.786;0
33.427;0
33.909;0
34.231;0
36.017;0
172.731;0
68.366;0
39.283;0
41.221;0
33.797;0
24.044;0
24.156;0
21.579;0
24.616;0
30.896;0
45.076;0
74.564;0
2.336;0
8.277;0
19.982;0
25.921;0
29.323;0
31.967;0
33.224;0
33.454;0
33.97;0
34.69;0
35.939;0
36.86;0
171.296;0
68.225;0
40.814;0
45.719;0
41.388;0
30.467;0
36.711;0
34.23;0
38.785;0
44.035;0
53.372;0
81.165;0
2.531;0
8.865;0
18.038;0
21.397;0
23.619;0
25.218;0
25.667;0
25.911;0
26.366;0
26.812;0
27.484;0
28.349;0
163.33;0
59.212;0
33.034;0
33.373;0
28.544;0
20.827;0
19.759;0
18.233;0
20.797;0
24.188;0
33.189;0
62.535;0
2.091;0
4.199;0
11.279;0
14.437;0
15.658;0
17.009;0
18.815;0
21.075;0
23.192;0
25.321;0
27.075;0
28.377;0
162.855;0
59.648;0
33.405;0
38.5;0
36.261;0
30.374;0
36.367;0
28.235;0
28.409;0
30.459;0
38.269;0
64.448;0
2.004;0
3.302;0
9.358;0
13.386;0
15.394;0
17.388;0
19.742;0
22.055;0
23.897;0
25.631;0
26.987;0
28.011;0
29.778;0
31.145;0
28.14;0
20.427;0
19.059;0
18.432;0
17.719;0
16.95;0
19.334;0
25.455;0
30.511;0
33.163;0
34.308;0
35.168;0
36.088;0
36.992;0
38.133;0
38.627;0
38.101;0
37.992;0
38.837;0
39.343;0
39.791;0
40.488;0
40.999;0
40.39;0
35.435;0
27.103;0
21.228;0
19.462;0
22.018;0
27.523;0
31.893;0
35.104;0
38.501;0
40.82;0
41.944;0
42.154;0
42.365;0
42.492;0
42.544;0
42.508;0
41.981;0
41.811;0
41.469;0
40.942;0
40.577;0
40.23;0
176.239;0
70.542;0
38.29;0
40.577;0
37.957;0
29.791;0
38.619;0
28.328;0
27.534;0
32.37;0
45.198;0
71.651;0
1.988;0
2.902;0
10.697;0
14.975;0
17.948;0
19.46;0
20.406;0
21.3;0
21.686;0
22.034;0
22.617;0
23.542;0
163.549;0
55.442;0
27.922;0
29.583;0
27.131;0
20.576;0
23.424;0
18.249;0
20.022;0
22.829;0
33.226;0
60.65;0
1.958;0
2.996;0
9.433;0
13.11;0
15.046;0
16.147;0
16.67;0
17.474;0
18.145;0
19.3;0
21.117;0
22.606;0
161.141;0
53.638;0
25.626;0
26.93;0
25.142;0
19.492;0
22.875;0
17.71;0
17.97;0
19.923;0
26.642;0
52.361;0
1.651;0
1.522;0
3.761;0
6.107;0
7.788;0
8.734;0
9.463;0
9.941;0
10.472;0
11.096;0
11.577;0
12.001;0
146.027;0
40.931;0
16.888;0
18.402;0
17.606;0
13.974;0
15.537;0
11.562;0.367
11.572;1.61
12.583;0.555
16.698;0
38.827;0
1.382;0
1.262;0
1.362;0
2.995;0
4.675;0
5.591;0
7.138;0
8.139;0
9.109;0
9.927;0
10.708;0
11.458;0
141.366;0
38.662;0
16.576;0
20.764;0
21.936;0
18.916;0
22.006;0
21.324;0
25.753;0
28.884;0
29.929;0
52.937;0
1.717;0
1.941;0
6.377;0
9.076;0
10.127;0
12.786;0
14.71;0
15.303;0
16.057;0
15.448;0
16.117;0
18.644;0
19.758;0
18.386;0
12.514;0
6.238;0
3.293;0
3.199;0
6.367;0
4.957;0
4.138;0
6.701;0
11.376;0
15.522;0
17.67;0
18.55;0
19.3;0
19.547;0
19.06;0
19.1;0
19.359;0
21.543;0
23.897;0
25.278;0
27.399;0
30.234;0
32.739;0
32.924;0
32.23;0
29.902;0
28.374;0
26.496;0
21.851;0
21.52;0
27.739;0
33.599;0
37.222;0
39.791;0
41.249;0
41.768;0
42.044;0
42.251;0
42.628;0
42.795;0
42.712;0
42.359;0
42.334;0
42.704;0
43.323;0
44.208;0
179.036;0
76.083;0
40.902;0
43.371;0
38.2;0
26.582;0
27.04;0
23.984;0
27.543;0
35.839;0
49.267;0
78.044;0
2.361;0
9.468;0
20.306;0
25.59;0
27.666;0
30.217;0
32.213;0
33.383;0
33.741;0
34.241;0
34.881;0
37.386;0
173.313;0
69.092;0
40.111;0
47.846;0
44.833;0
33.584;0
37.977;0
27.446;0
26.69;0
29.764;0
43.899;0
74.709;0
2.419;0
8.139;0
18.058;0
22.438;0
24.634;0
26.08;0
27.895;0
30.481;0
32.765;0
34.03;0
36.758;0
38.483;0
171.389;0
68.174;0
39.279;0
46.171;0
41.375;0
27.591;0
25.099;0
21.866;0
24.121;0.086
28.278;0
38.56;0
70.317;0
2.556;0
9.044;0
17.997;0
22.059;0
26.903;0
30.008;0
31.647;0
32.657;0
33.671;0
33.377;0
32.642;0
33.125;0
168.102;0
62.562;0
30.559;0
33.072;0
30.39;0
23.901;0.297
23.01;0
21.908;0.739
24.693;0.749
27.08;0
35.959;0
67.063;0
2.498;0
6.683;0
17.683;0
22.24;0
25.303;0
29.097;0
31.751;0
33.369;0
35.423;0
36.368;0
37.473;0
39.418;0
175.677;0
75.301;0
42.622;0
45.384;0
41.086;0
31.163;0.798
29.203;0
25.227;1.543
26.893;1.945
29.207;0.134
30.563;0
63.697;0
2.949;0
10.177;0
20.464;0
25.722;0
29.319;0
31.618;0
34.447;0
36.645;0
38.903;0
41.516;0
42.748;0
43.275;0
45.112;0
43.335;0
25.478;0
14.818;0
12.229;0
9.629;0
8.275;0
7.539;0
8.569;0
12.55;0
19.739;0
27.858;0
33.774;0
37.81;0
39.692;0
41.371;0
43.049;0
45.224;0
46.078;0
47.019;0
48.497;0
50.573;0
51.812;0
52.686;0
53.659;0
49.606;0
32.021;0
17.454;0
12.243;0
8.225;0
6.492;0
5.56;0
7.449;0
15.074;0
26.335;0
33.592;0
36.232;0
36.917;0
37.252;0
39.3;0
41.82;0
42.501;0
42.7;0
42.721;0
42.645;0
42.734;0
42.795;0
43.048;0
177.794;0
74.498;0
41.946;0
47.84;0
47.664;0
39.238;0
46.743;0
37.717;0
37.996;0
42.994;0
53.989;0
82.717;0
2.714;0
9.088;0
20.135;0
24.986;0
27.389;0
28.32;0
28.122;0
28.341;0
28.984;0
29.543;0
29.696;0
29.387;0
165.723;0
59.434;0
29.966;0
25.163;0
20.154;0
15.238;0.779
15.644;0.132
14.722;2.247
16.46;2.502
18.029;0.094
21.31;0
52.573;0
2.134;0
2.728;0
7.889;0
11.201;0
13.116;0
14.537;0
15.73;0
16.795;0
17.576;0
18.276;0
22.369;0
28.124;0
164.034;0
59.225;0
31.008;0
35.389;0
35.968;0
29.601;0
28.122;0
21.889;0
25.469;0
31.195;0
38.598;0
66.313;0
2.39;0
4.851;0
11.44;0
14.72;0
16.408;0
18.138;0
19.213;0
20.025;0
20.669;0
21.129;0
21.707;0
22.341;0
158.024;0
51.821;0
24.473;0
26.713;0
24.477;0
18.269;0
20.296;0
17.108;0
18.685;0.239
21.064;0
25.96;0
50.518;0
1.829;0
1.734;0
4.054;0
6.3;0
7.78;0
8.776;0
9.706;0
10.283;0
10.522;0
10.843;0
11.155;0
11.27;0
141.666;0
37.893;0
15.419;0
16.609;0
14.735;0
11.293;0.633
13.238;0
10.773;0.765
11.325;1.681
12.419;0.642
16.098;0
35.527;0
1.5;0
1.424;0
1.57;0
3.001;0
4.415;0
4.962;0
5.61;0
6.864;0
7.976;0
8.703;0
9.409;0
10.534;0
11.595;0
10.92;0
6.714;0
2.987;0
1.948;0
1.765;0
1.746;0
1.806;0
1.949;0
2.254;0
4.183;0
8.356;0
11.455;0
13.553;0
15.357;0
16.01;0
15.719;0
15.726;0
16.52;0
17.008;0
17.295;0
17.785;0
18.583;0
19.208;0
19.213;0
17.699;0
14.943;0
12.169;0
9.981;0
8.494;0
7.302;0
5.043;0
6.183;0
9.747;0
13.356;0
16.855;0
19.376;0
18.937;0
21.063;0
23.939;0
25.686;0
28.067;0
27.671;0
28.063;0
29.158;0
29.714;0
30.919;0
33.395;0
171.197;0
65.725;0
31.26;0
32.695;0
29.58;0
20.671;0
20.606;0
17.13;0.283
19.912;0.921
21.933;0
31.648;0
63.941;0
1.933;0
4.545;0
13.45;0
17.892;0
19.272;0
18.843;0
19.703;0
21.234;0
22.545;0
24.275;0
25.645;0
26.22;0
161.841;0
56.502;0
30.118;0
33.06;0
30.66;0
23.473;0
22.74;0
19.495;0
20.417;0.247
21.252;0
28.503;0
58.867;0
1.907;0
3.278;0
9.158;0
12.863;0
15.483;0
18.043;0
19.204;0
20.761;0
22.451;0
23.606;0
25.002;0
25.879;0
161.684;0
56.028;0
29.443;0
34.922;0
32.91;0
25.731;0
28.224;0
23.95;0
22.33;0
21.144;0
23.969;0
55.618;0
1.897;0
3.022;0
9.37;0
13.934;0
17.31;0
19.781;0
21.53;0
23.559;0
24.926;0
26.592;0
28.473;0
29.515;0
164.688;0
56.849;0
24.039;0
25.014;0
21.645;0
15.772;2.215
13.269;1.131
14.56;1.788
16.779;1.568
18.113;0.086
21.434;0
47.285;0
1.78;0
1.784;0
5.758;0
8.258;0
9.899;0
11.229;0
12.112;0
12.79;0
13.415;0
14.025;0
14.554;0
15.095;0
147.305;0
42.835;0
18.139;0
20.192;0
17.28;0
13.775;0.297
15.327;0
12.219;0.784
12.1;2.298
11.922;1.474
14.082;0
35.253;0
1.544;0
1.434;0
3.508;0
7.031;0
9.342;0
10.43;0
11.769;0
12.976;0
13.917;0
14.743;0
14.998;0
15.132;0
14.838;0
13.05;0
9.434;0
5.966;0
2.504;0
2.073;0
3.17;0
4.42;0
5.983;0
7.836;0
9.817;0
11.7;0
12.904;0
13.688;0
14.503;0
15.922;0
17.498;0
18.749;0
19.978;0
20.852;0
21.908;0
22.709;0
23.447;0
24.048;0
23.436;0
18.236;0
7.841;0
3.545;0
2.156;0
1.733;0
1.618;0
1.757;0
1.903;0
2.089;0
3.854;0
9.21;0
12.48;0
14.249;0
15.476;0
17.279;0
19.825;0
22.946;0
26.187;0
28.987;0
31.213;0
32.605;0
33.623;0
33.984;0
170.818;0
62.101;0
22.921;0
24.831;0
24.882;0
18.87;0
24.91;0
21.01;0
23.824;0
26.921;0
37.576;0
64.371;0
1.778;0
2.624;0
9.481;0
14.034;0
16.697;0
18.477;0
19.55;0
20.682;0
21.593;0
22.35;0
23.975;0
26.384;0
164.203;0
53.616;0
21.916;0
28.532;0
27.259;0
17.866;0.142
15.459;0.101
15.024;3.087
16.023;3.863
16.188;1.236
17.342;0
45.28;0
1.821;0
2.354;0
8.146;0
12.695;0
14.882;0
17.72;0
19.592;0
21.452;0
23.129;0
24.616;0
26.227;0
26.976;0
162.529;0
52.957;0
19.569;0
22.488;0
20.174;2.049
13.455;6.716
10.092;3.694
9.74;6.493
10.358;6.69
10.768;3.126
10.255;0
23.093;0
1.558;0
1.42;0
2.802;0
6.15;0
8.436;0
9.82;0
11.27;0
13.231;0
15.276;0
17.637;0
19.36;0
19.765;0
152.216;0
44.701;0
15.7;0
17.627;0
15.218;1.206
10.435;5.416
8.218;2.91
8.099;5.819
9.338;5.35
10.632;1.971
11.25;0
26.503;0
1.519;0
1.37;0
2.704;0
6.28;0
8.269;0
9.228;0
9.747;0
11.297;0
13.866;0
16.354;0
18.212;0
18.75;0
148.602;0
40.673;0
14.136;0
19.463;0
19.406;3.099
13.839;7.168
10.598;3.587
10.283;6.86
10.422;8.006
10.455;3.861
8.668;0
15.559;0
1.48;0
1.282;0
1.615;0
3.755;0
5.469;0
6.631;0
7.651;0
8.21;0
8.632;0
8.838;0
8.995;0
9.16;0
9.34;0
8.679;0
6.903;0
5.944;0
4.657;0
3.421;0
3.102;0
3.468;0
4.338;0
5.477;0
6.679;0
7.601;0
8.239;0
8.638;0
8.778;0
9.162;0
9.774;0
10.606;0
11.159;0
11.5;0
12.025;0
12.421;0
12.634;0
13.196;0
13.396;0
12.169;0
9.931;0
7.502;0
5.759;0
4.672;0
4.292;0
4.59;0
5.497;0
7.12;0
10.015;0
12.247;0
13.584;0
14.822;0
15.74;0
16.342;0
17.087;0
17.666;0
17.73;0
18.383;0
19.433;0
20.778;0
23.123;0
25.428;0
163.922;0
50.008;0
11.572;0
12.819;0.808
12.581;5.996
9.513;7.994
8.181;4.302
8.422;7.083
9.214;8.081
9.898;3.953
9.992;0
25.75;0
1.445;0
1.287;0
2.466;0
5.498;0
8.416;0
9.916;0
10.39;0
11.479;0
12.32;0
11.786;0
13.039;0
15.172;0
149.933;0
43.393;0
19.642;0
26.029;0
25.608;0
19.406;0
19.174;0
15.56;0
15.535;1.19
16.155;0.431
18.466;0
41.563;0
1.459;0
1.301;0
3.764;0
6.749;0
8.763;0
9.619;0
10.614;0
11.514;0
12.498;0
13.286;0
13.842;0
14.341;0
145.649;0
38.51;0
14.959;0
19.974;0
18.577;0
13.17;1.504
11.075;0.295
9.586;4.529
10.057;5.516
10.447;2.504
9.694;0
24.008;0
1.262;0
1.124;0
1.328;0
3.679;0
5.428;0
7.001;0
7.902;0
8.575;0
9.277;0
9.714;0
10.073;0
10.514;0
136.548;0
32.487;0
12.546;0
17.132;0
16.825;0
13.032;0.996
12.228;0
11.395;1.232
12.45;2.285
12.846;1.523
12.964;0
28.701;0
1.405;0
1.236;0
2.77;0
6.462;0
9.509;0
11.176;0
12.966;0
14.852;0
16.592;0
18.038;0
19.032;0
19.704;0
149.907;0
38.177;0
12.047;0
18.435;0
17.685;4.971
12.659;7.954
9.647;4.554
9.532;8.455
10.234;10.39
10.186;4.989
7.888;0
13.009;0
1.375;0
1.221;0
1.839;0
4.376;0
6.352;0
8.842;0
10.315;0
11.213;0
12.286;0
13.448;0
14.359;0
15.362;0
14.648;0
8.585;0
3.329;0
1.49;0
1.217;0
1.103;0
1.012;0
0.939;0
0.895;0
0.898;0
0.952;0
1.08;0
1.372;0
1.579;0
2.237;0
3.724;0
4.633;0
5.204;0
5.661;0
6.181;0
5.952;0
5.775;0
5.864;0
5.921;0
5.918;0
4.682;0
2.403;0
1.226;0
1.099;0
1.075;0
1.025;0
1.019;0
1.163;0
1.454;0
1.66;0
2.953;0
5.092;0
6.758;0
7.323;0
8.136;0
9.153;0
9.879;0
10.547;0
11.144;0
11.699;0
12.059;0
12.626;0
13.352;0
148.093;0
40.821;0
12.505;0
15.937;0
16.057;0.101
13.352;1.694
12.436;0.055
11.57;3.127
12.314;3.562
12.511;1.592
13.485;0
32.354;0
1.313;0
1.21;0
3.533;0
7.695;0
10.183;0
11.928;0
14.054;0
14.689;0
16.14;0
18.217;0
19.706;0
20.782;0
153.872;0
39.989;0
10.233;0
16.257;4.036
16.044;7.102
10.929;9.769
7.327;7.138
7.203;11.333
7.693;14.867
7.875;7.657
6.699;0
11.955;0
1.249;0
1.113;0
1.392;0
3.202;0
4.895;0
6.065;0
6.345;0
6.292;0
6.385;0
6.719;0
7.169;0
7.657;0
121.362;0
24.883;0
10.128;0
14.442;0
14.185;0.056
10.439;2.176
8.985;0.21
8.16;2.615
8.659;3.694
9.683;1.797
9.579;0
18.705;0
1.013;0
0.911;0
0.946;0
1.042;0
1.536;0
2.378;0
3.116;0
3.305;0
3.524;0
3.735;0
4.019;0
4.282;0
107.2;0
18.841;0
7.674;0
10.506;0
10.291;1.284
7.841;3.746
6.912;0.711
7.26;3.438
8.22;4.121
9.387;2.109
8.655;0
15.613;0
0.992;0
0.874;0
0.891;0
0.926;0
1.13;0
1.656;0
1.866;0
2.323;0
2.671;0
3.051;0
3.471;0
3.772;0
100.995;0
17.254;0
7.704;0
10.988;0
11.015;1.342
8.491;3.598
7.552;0.68
7.888;3.379
8.832;4.168
9.24;2.328
8.225;0
14.555;0
0.99;0
0.872;0
0.9;0
1.011;0
2.046;0
3.394;0
4.01;0
4.164;0
4.405;0
4.919;0
5.521;0
5.882;0
5.606;0
4.686;0
3.004;0
1.687;0
1.283;0
1.104;0
1.04;0
1.052;0
1.216;0
1.558;0
2.508;0
3.867;0
4.783;0
5.347;0
5.789;0
6.225;0
6.674;0
6.891;0
7.197;0
7.838;0
8.342;0
9.001;0
10.101;0
10.979;0
10.522;0
8.47;0
7.148;0
5.505;0
3.649;0
1.458;0
1.174;0
1.173;0
1.219;0
1.71;0
3.627;0
6.671;0
8.306;0
10.19;0
11.776;0
13.474;0
17.066;0
19.212;0
19.61;0
20.407;0
21.528;0
21.822;0
21.989;0
21.767;0
156.425;0
43.597;0
10.321;0
17.189;0
18.543;1.344
13.86;5.211
11.192;1.535
11.992;4.152
14.176;2.766
15.329;0.863
14.536;0
35.677;0
1.232;0
1.047;0
1.923;0
4.973;0
8.261;0
9.549;0
10.195;0
10.314;0
10.579;0
12.091;0
13.76;0
14.71;0
145.464;0
37.82;0
14.7;0
18.813;0
18.579;0
15.821;0.047
15.639;0
13.763;0.242
13.503;1.509
12.847;0.695
12.982;0
31.652;0
1.09;0
0.967;0
1.028;0
2.127;0
4.151;0
5.158;0
6.223;0
7.027;0
7.603;0
7.704;0
8.036;0
8.259;0
129.773;0
28.751;0
11.018;0
17.861;0
18.13;0.248
14.24;2.745
13.016;0
15.013;0.983
17.43;1.408
18.565;0.194
18.496;0
39.16;0
1.446;0
1.283;0
4.329;0
7.263;0
9.132;0
10.33;0
11.683;0
12.843;0
14.392;0
15.807;0
16.771;0
17.166;0
143.813;0
33.31;0
10;0
18.763;0
19.38;3.602
15.099;5.992
12.705;2.47
13.304;4.765
14.473;4.917
15.08;1.951
12.418;0
26.341;0
1.518;0
1.409;0
4.811;0
8.471;0
9.908;0
10.233;0
11.284;0
11.264;0
10.974;0
11.093;0
10.929;0
12.17;0
136.051;0
30.033;0
10.683;0
17.324;0
17.82;2.809
14.595;4.849
13.089;1.383
14.957;3.374
17.04;3.072
16.94;1.419
13.318;0
26.457;0
1.643;0
1.592;0
4.839;0
7.977;0
10.375;0
11.607;0
12.429;0
12.722;0
12.985;0
13.98;0
14.872;0
15.257;0
13.303;0
10.307;0
7.12;0
3.893;0
2.194;0
3.03;0
3.304;0
3.505;0
4.431;0
5.832;0
7.768;0
9.712;0
11.386;0
13.097;0
13.679;0
14.451;0
15.342;0
16.374;0
18.597;0
21.207;0
22.309;0
23.056;0
25.688;0
27.004;0
22.236;0
10.504;0
7.268;0
2.665;0
1.715;0
1.541;0
1.627;0
1.727;0
1.889;0
2.34;0
5.179;0
9.943;0
16.224;0
20.933;0
23.375;0
25.251;0
26.673;0
27.758;0
27.866;0
28.699;0
29.437;0
29.525;0
29.788;0
29.671;0
163.719;0
53.232;0
16.31;0
18.363;0
18.86;0.5
14.2;3.536
12.374;0.145
12.413;3.613
12.715;4.85
13.283;1.866
14.753;0
39.88;0
1.485;0
1.328;0
2.954;0
5.964;0
7.901;0
8.658;0
9.684;0
11.859;0
13.325;0
13.661;0
13.786;0
13.597;0
145.835;0
38.568;0
15.002;0
19.129;0
17.406;0
12.781;3.679
10.571;1.418
10.97;3.943
12.387;3.79
13.158;1.475
12.687;0
29.648;0
1.402;0
1.233;0
2.057;0
4.857;0
6.582;0
7.695;0
8.395;0
9.168;0
9.652;0
10.142;0
11.173;0
11.703;0
137.961;0
31.345;0
10.868;0
15.696;0
16.586;0.649
13.374;3.649
10.457;1.975
10.662;5.707
11.05;6.02
10.481;4.086
7.775;0
14.791;0
1.332;0
1.169;0
1.417;0
3.078;0
4.432;0
5.075;0
5.7;0
5.508;0
5.209;0
5.07;0
5.013;0
5.02;0
114.134;0
20.031;0
6.736;0
6.823;0.302
4.728;5.698
2.082;8.479
1.218;5.222
0.703;12.382
0.551;17.005
0.577;11.877
1.211;2.873
2.474;0
0.601;0
0.647;0
0.706;0
0.773;0
0.821;0
0.872;0
0.906;0
1.031;0
1.121;0
1.372;0
1.809;0
2.299;0
88.39;0
13.705;0
6.04;0
9.718;1.214
9.758;5.303
6.764;11.635
4.909;8.443
4.095;17.073
4.177;29.328
3.84;29.329
2.936;9.224
3.041;0.24
0.759;0
0.734;0
0.768;0
0.787;0
0.802;0
0.823;0
0.906;0
0.977;0
1.204;0
1.616;0
1.881;0
2.082;0
2.159;0
1.048;0
0.778;0
0.683;0
0.555;0
0.459;0
0.408;0
0.372;0
0.347;0
0.335;0
0.338;0
0.375;0
0.438;0
0.494;0
0.519;0
0.526;0
0.549;0
0.59;0
0.624;0
0.646;0
0.672;0
0.74;0
0.841;0
0.919;0
0.951;0
0.808;0
0.629;0
0.558;0
0.459;0
0.341;0
0.265;0
0.177;0
0.093;0
0.091;0
0.124;0
0.156;0
0.209;0
0.254;0
0.288;0
0.309;0
0.322;0
0.359;0
0.403;0
0.439;0
0.471;0
0.498;0
0.525;0
0.567;0
42.89;0
7;0
2.905;0.472
7.069;3.954
7.945;5.124
6.04;7.969
4.897;3.82
5.261;7.86
5.773;9.558
5.161;7.257
3.322;1.15
2.845;0
0.407;0
0.384;0
0.448;0
0.508;0
0.545;0
0.573;0
0.601;0
0.708;0
0.992;0
1.334;0
1.616;0
2.092;0
66.204;0
9.57;0
5.084;0
10.044;2.283
9.522;4.494
6.07;7.684
3.778;4.665
2.681;13.127
3.328;17.134
6.159;8.695
6.094;0.39
4.414;0
0.69;0
0.572;0
0.608;0
0.65;0
0.674;0
0.956;0
1.318;0
1.491;0
1.945;0
2.411;0
3.005;0
3.614;0
74.523;0
11.446;0
6.702;0
14.405;0.455
12.495;3.377
6.559;6.931
6.537;2.534
8.039;6.103
9.477;7.272
10.124;4.858
6.714;0.088
4.872;0
0.683;0
0.569;0
0.586;0
0.596;0
0.6;0
0.608;0
0.628;0
0.808;0
1.123;0
1.178;0
1.377;0
1.639;0
62.729;0
9.125;0
4.625;0
10.549;3.993
10.205;8.39
6.825;13.798
5.415;8.013
6.351;13.898
6.829;17.847
7.308;17.992
5.073;3.164
3.091;0
0.564;0
0.507;0
0.57;0
0.62;0
0.656;0
0.691;0
0.801;0
1.354;0
1.518;0
1.739;0
2.196;0
2.485;0
62.885;0
7.824;0
5.001;0.249
12.346;7.931
12.226;13.717
7.939;20.14
5.179;12.787
5.511;18.319
6.841;18.901
7.031;13.163
4.526;3.135
3.141;0
0.622;0
0.565;0
0.619;0
0.671;0
0.717;0
0.755;0
1.127;0
1.521;0
1.669;0
2.034;0
2.429;0
2.61;0
2.46;0
1.483;0
0.835;0
0.731;0
0.676;0
0.607;0
0.591;0
0.586;0
0.584;0
0.579;0
0.606;0
0.666;0
0.692;0
0.765;0
0.981;0
1.154;0
2.203;0
2.867;0
3.193;0
3.839;0
4.701;0
5.388;0
5.702;0
5.699;0
5.179;0
2.949;0
1.221;0
0.864;0
0.807;0
0.777;0
0.762;0
0.802;0
0.861;0
0.984;0
1.098;0
1.34;0
2.277;0
3.246;0
5.008;0
6.481;0
6.88;0
6.791;0
6.816;0
7.194;0
7.773;0
8.508;0
8.91;0
8.991;0
114.058;0
22.088;0
10.035;0
18.238;0
20.387;0
16.612;0.868
14.772;0
15.09;1.107
16.549;2.474
15.869;1.48
10.69;0
7.611;0
1.007;0
0.856;0
0.915;0
1.4;0
2.892;0
3.662;0
4.89;0
5.871;0
6.019;0
5.755;0
5.309;0
5.558;0
101.065;0
13.612;0
6.13;0
11.945;2.246
12.384;4.828
10.003;6.132
10.724;1.18
12.776;5.28
12.117;8.853
10.65;14.956
6.777;5.936
4.722;0.255
0.94;0
0.822;0
0.877;0
1.041;0
1.565;0
2.287;0
2.744;0
3.3;0
4.611;0
5.731;0
6.37;0
6.572;0
94.225;0
15.006;0
8.479;0
13.814;0
13.83;2.403
11.164;8.08
9.395;5.651
9.41;9.645
12.083;8.86
12.806;6.082
8.161;0.417
5.698;0
1.109;0
0.921;0
0.956;0
1.204;0
2.206;0
3.021;0
3.676;0
4.467;0
5.092;0
5.512;0
6.28;0
7.074;0
92.482;0
12.119;0
6.263;0
14.03;1.028
15.255;3.842
11.22;7.011
8.662;6.086
8.911;12.925
9.34;23.878
9.228;8.816
5.9;2.927
3.961;0.102
0.891;0
0.8;0
0.864;0
0.913;0
1.19;0
1.647;0
2.033;0
2.246;0
2.294;0
2.362;0
2.491;0
2.528;0
70.436;0
10.311;0
4.826;0
8.12;2.526
7.387;6.299
5.338;10.392
4.525;5.965
4.923;9.299
5.212;12.536
5.081;10.408
3.963;1.816
3.234;0
0.718;0
0.677;0
0.735;0
0.778;0
0.807;0
0.934;0
1.073;0
1.512;0
1.711;0
2.121;0
2.537;0
2.753;0
2.289;0
1.097;0
0.811;0
0.745;0
0.676;0
0.581;0
0.478;0
0.42;0
0.388;0
0.395;0
0.416;0
0.459;0
0.518;0
0.569;0
0.615;0
0.657;0
0.755;0
0.923;0
0.991;0
1.069;0
1.531;0
2.388;0
2.989;0
3.891;0
2.892;0
1.095;0
0.697;0
0.666;0.267
0.536;0.516
0.437;0.067
0.404;0
0.374;0
0.338;0.003
0.328;0.32
0.338;0.915
0.364;0.486
0.413;0
0.488;0
0.575;0
0.666;0
0.837;0
0.905;0
0.97;0
1.044;0
1.117;0
1.693;0
2.6;0
2.844;0
62.671;0
6.579;0
2.589;7.538
3.935;21.799
1.406;30.248
0.29;38.795
0.286;30.266
0.114;46.484
0.042;49.188
0.032;44.632
0.109;19.998
1.014;0.346
0.141;0
0.254;0
0.378;0
0.48;0
0.546;0
0.6;0
0.683;0
0.755;0
0.731;0
0.79;0
0.925;0
1.479;0
47.466;0
6.689;0
4.715;0.292
11.942;4.269
13.332;7.892
9.855;13.503
7.847;7.364
9.306;14.745
10.961;17.291
10.578;13.256
6.39;5.076
3.801;0
0.668;0
0.566;0
0.644;0
0.72;0
0.922;0
1.664;0
2.604;0
3.244;0
3.867;0
5.108;0
5.96;0
6.091;0
68.138;0
8.666;0
6.532;1.687
15.25;15.753
14.033;20.088
9.297;22.143
6.782;16.993
5.998;33.811
5.471;46.384
4.386;48.214
2.709;32.038
2.347;8.712
0.424;0
0.428;0
0.512;0
0.592;0
0.654;0
0.699;0
0.839;0
0.902;0
1.093;0
1.634;0
2.179;0
2.54;0
49.797;0
5.564;0
4.831;0.607
10.918;10.854
8.952;21.543
5.149;30.996
3.195;16.979
2.274;28.052
1.335;32.654
0.835;25.808
0.822;7.012
1.744;0
0.348;0
0.41;0
0.507;0
0.582;0
0.658;0
0.731;0
0.951;0
1.372;0
2.151;0
2.706;0
3.126;0
3.609;0
58.833;0
9.785;0
8.062;0
17.189;0.395
17.035;2.943
13.575;5.852
10.95;3.593
10.296;12.948
10.592;19.435
10.384;13.883
6.861;1.827
4.136;0
0.825;0
0.693;0
0.753;0
0.816;0
1.073;0
2.114;0
3.178;0
4.279;0
6.346;0
7.348;0
8.224;0
9.245;0
6.719;0
2.122;0
1.042;0
0.922;0
0.863;0
0.809;0
0.766;0
0.731;0
0.701;0
0.682;0.019
0.681;0.555
0.702;0.284
0.752;0
0.972;0
1.287;0
1.502;0
2.233;0
3.645;0
4.457;0
5.619;0
6.515;0
7.111;0
7.313;0
7.194;0
5.835;0
2.844;0
1.524;0
1.193;0
1.082;0
1.048;0
1.055;0
1.057;0
0.982;0
0.923;0
0.933;0
1.03;0
1.432;0
1.791;0
4.181;0
6.274;0
9.074;0
10.006;0
10.209;0
10.971;0
11.964;0
12.335;0
13.042;0
13.476;0
111.674;0
14.048;0
5.68;1.131
16.847;5.558
20.111;8.748
15.928;11.391
13.008;4.166
14.333;9.634
14.053;24.375
13.445;20.651
9.073;3.912
5.542;0.11
1.147;0
0.968;0
1.079;0
1.64;0
3.14;0
4.15;0
5.042;0
5.843;0
6.331;0
7.008;0
7.494;0
7.417;0
89.152;0
14.312;0
9.482;0
15.906;0
16.799;0.878
13.157;3.537
10.811;0.914
13.815;3.381
16.829;4.064
16.553;2.406
12.546;0
9.518;0
1.442;0
1.233;0
2.461;0
4.971;0
7.293;0
8.87;0
9.62;0
10.102;0
10.089;0
10.524;0
10.52;0
10.02;0
101.794;0
13.306;0
7.942;0
20.967;2.203
21.76;4.74
16.062;6.318
14.534;2.818
14.108;7.779
14.093;10.728
16.406;6.087
11.605;0
7.367;0
1.451;0
1.165;0
1.412;0
2.956;0
4.39;0
5.995;0
7.163;0
7.684;0
8.137;0
8.72;0
9.371;0
9.657;0
101.492;0
17.345;0
11.184;0
19.092;0
19.5;0.789
15.008;4.155
12.188;1.977
12.243;8.899
13.735;9.964
13.505;6.216
8.677;0.323
5.856;0
1.233;0
1.052;0
1.091;0
1.441;0
2.097;0
3.246;0
4.016;0
4.921;0
6.087;0
6.637;0
6.94;0
7.159;0
92.257;0
15.041;0
10.093;0
17.642;0
18.761;0.934
14.426;3.704
11.361;1.337
11.887;4.625
12.656;6.303
11.819;4.627
7.168;0.168
4.979;0
0.965;0
0.874;0
0.909;0
0.947;0
1.074;0
1.301;0
1.605;0
2.924;0
3.93;0
4.556;0
5.281;0
5.893;0
5.227;0
3.127;0
1.26;0
1.07;0
0.96;0
0.82;0
0.715;0
0.658;0
0.621;0
0.604;0.499
0.591;1.737
0.582;1.229
0.603;0.095
0.662;0
0.756;0
0.857;0
1.103;0
1.233;0
1.287;0
1.359;0
1.5;0
2.366;0
3.176;0
2.88;0
1.199;0
0.861;0
0.653;0.012
0.487;0.906
0.385;1.41
0.316;1.387
0.255;0.381
0.202;0.055
0.179;0.543
0.164;2.438
0.151;3.791
0.16;2.015
0.204;0.094
0.275;0
0.364;0
0.451;0
0.524;0
0.587;0
0.634;0
0.8;0
0.903;0
0.911;0
0.929;0
0.913;0
28.824;0
2.491;0
0.474;19.178
0.165;51.911
0.043;84.836
0;90.771
0.024;75.671
0;99.312
0;113.42
0;107.245
0;63.495
0.196;18.217
0;0.794
0;0.035
0;0.001
0.007;0
0.09;0
0.126;0
0.18;0
0.243;0
0.29;0
0.335;0
0.375;0
0.384;0
14.916;0
2.018;0
0.273;9.719
0.047;18.005
0.006;26.075
0;53.35
0;55.757
0;50.315
0;36.896
0;23.117
0.189;5.6
1.131;0
0.013;0
0.064;0
0.1;0
0.136;0
0.17;0
0.195;0
0.208;0
0.22;0
0.215;0
0.2;0
0.214;0
0.246;0
14.831;0
2.311;0
0.433;3.545
0.26;9.672
0.034;18.134
0;30.561
0.003;20.794
0.013;31.589
0;33.582
0.004;25.714
0.012;12.551
0.802;0
0.024;0
0.09;0
0.133;0
0.181;0
0.219;0
0.21;0
0.199;0
0.215;0
0.248;0
0.265;0
0.283;0
0.32;0
20.128;0
3.238;0
0.937;0.608
2.086;2.929
3.53;4.094
3.349;8.143
3.404;2.1
3.979;7.9
4.676;8.989
4.838;4.395
4.043;0
4.003;0
0.574;0
0.517;0
0.552;0
0.596;0
0.686;0
1.523;0
1.839;0
2.456;0
3.142;0
3.663;0
4.604;0
4.778;0
53.612;0
5.426;0
2.758;0.36
4.643;3.931
2.779;5.83
0.691;12.212
0.563;7.429
0.323;20.753
0.313;23.749
0.368;13.891
1.128;0.938
1.985;0
0.441;0
0.491;0
0.568;0
0.666;0
0.741;0
1.262;0
2.065;0
2.81;0
3.511;0
4.305;0
5.396;0
5.13;0
3.214;0
1.2;0
0.749;0
0.686;0
0.639;0
0.617;0
0.569;0
0.506;0
0.484;0
0.477;0
0.52;0
0.588;0
0.632;0
0.675;0
0.741;0
0.886;0
0.934;0
1.216;0
1.599;0
1.789;0
1.922;0
1.943;0
2.005;0
2.021;0
1.437;0
0.831;0
0.738;0
0.698;0
0.656;0
0.588;0
0.55;0
0.519;0
0.483;0
0.498;0
0.516;0
0.502;0
0.53;0
0.586;0
0.645;0
0.782;0
0.987;0
1.108;0
1.515;0
2.259;0
2.667;0
3.113;0
3.648;0
3.411;0
62.91;0
5.905;0
1.072;3.678
0.765;8.403
0.68;9.538
0.543;14.739
0.678;7.122
0.425;18.986
0.314;20.915
0.372;12.899
0.891;2.699
1.786;0
0.342;0
0.422;0
0.486;0
0.536;0
0.578;0
0.614;0
0.628;0
0.684;0
0.758;0
0.759;0
0.741;0
0.722;0
39.677;0
4.768;0
1.196;0.46
0.807;4.968
0.54;7.572
0.33;13.381
0.408;8.99
0.288;20.515
0.208;24.023
0.207;17.086
0.787;1.943
1.786;0
0.315;0
0.369;0
0.413;0
0.453;0
0.488;0
0.513;0
0.54;0
0.572;0
0.6;0
0.681;0
0.738;0
0.738;0
36.97;0
4.329;0
0.998;1.102
0.495;7.621
0.303;16.375
0.193;29.297
0.187;21.616
0.106;37.983
0.063;47.223
0.056;48.324
0.088;33.014
1.042;5.201
0.203;0
0.283;0
0.368;0
0.446;0
0.505;0
0.546;0
0.563;0
0.591;0
0.71;0
0.905;0
1.19;0
0.84;0
35.647;0
2.879;0
0.317;6.225
0.082;28.007
0.003;44.198
0;56.975
0;44.918
0;64.42
0;73.64
0;67.766
0;46.638
0.071;10.067
0;0.314
0;0.009
0.007;0
0.127;0
0.203;0
0.259;0
0.293;0
0.319;0
0.341;0
0.363;0
0.389;0
0.395;0
21.635;0
2.888;0
0.62;1.135
0.519;5.227
0.487;7.264
0.338;13.467
0.464;6.502
0.18;18.563
0.078;31.121
0.034;28.604
0.002;19.18
0.483;1.464
0.013;0
0.087;0
0.188;0
0.285;0
0.36;0
0.394;0
0.42;0
0.457;0
0.489;0
0.525;0
0.561;0
0.722;0
0.567;0
0.491;0
0.418;0
0.309;0
0.213;0
0.161;0
0.121;0
0.075;0
0.007;0
0;0
0;1.577
0;1.413
0;0.153
0;0
0.011;0
0.089;0
0.144;0
0.178;0
0.202;0
0.244;0
0.273;0
0.285;0
0.309;0
0.327;0
0.294;0
0.172;0
0.024;0
0;0
0;0
0;0
0;0
0;0.454
0;0.587
0;1.428
0;1.725
0;0.242
0;0
0;0
0;0
0;0
0;0
0;0
0;0
0;0
0;0
0;0
0;0
0;0
3.158;0
0.099;14.914
0;80.965
0;108.855
0;126.257
0;125.079
0;107.753
0;135.11
0;150.25
0;149.861
0;105.497
0;50.14
0;1.184
0;0.053
0;0.002
0;0
0;0
0;0
0;0
0;0
0;0
0;0
0;0
0;0
2.452;0
0.275;2.872
0;31.989
0;28.691
0;35.029
0;53.365
0;47.464
0;56.416
0;52.683
0;40.858
0;28.096
0;2.698
0;0.056
0;0
0;0
0;0
0;0
0;0
0;0
0;0
0;0
0;0
0;0
0;0
4.239;0
0.01;11.611
0;69.789
0;77.272
0;84.847
0;92.998
0;85.851
0;108.975
0;124.714
0;104.82
0;59.119
0;7.054
0;0
0;0
0;0
0;0
0;0
0;0
0;0
0;0
0;0
0;0
0;0
0;0
4.764;0
0.11;0.872
0;33.807
0;50.439
0;58.742
0;46.394
0;28.591
0;48.554
0;54.131
0;47.546
0;24.212
0;5.957
0;0
0;0
0;0
0;0
0;0
0;0
0;0
0;0
0;0
0;0
0;0
0;0
6.723;0
0.204;0.049
0;22.839
0;28.248
0;37.738
0;45.038
0;35.445
0;51.094
0;61.266
0;46.134
0;18.407
0;0
0;0
0;0
0;0
0;0
0;0
0;0
0;0
0;0
0;0
0;0
0;0
0;0
0;0
0;0
0;0
0;0
0;0
0;0
0;0
0;0
0;0
0;0
0;0
0;0
0;0
0;0
0;0
0;0
0;0
0;0
0;0
0;0
0;0
0;0
0.015;0
0.032;0
0.016;0
0;0
0;0
0;0
0;0.095
0;0
0;0
0;0
0;0
0;0
0;0.728
0;0.732
0;0.076
0;0
0;0
0;0
0;0
0.003;0
0.096;0
0.156;0
0.2;0
0.238;0
0.69;0
0.491;0
27.14;0
1.024;0
0.015;30.404
0;39.005
0;36.632
0;39.932
0;28.098
0;46.818
0;57.185
0;60.421
0;50.491
0.233;25.583
0;0
0;0
0;0
0;0
0;0
0.07;0
0.123;0
0.181;0
0.235;0
0.269;0
0.531;0
0.499;0
23.119;0
0.644;0.284
0;39.586
0;45.697
0;46.985
0;51.816
0;39.697
0;61.38
0;73.53
0;75.913
0;62.142
0;32.466
0;0
0;0
0;0
0;0
0;0
0;0
0.018;0
0.101;0
0.154;0
0.203;0
0.242;0
0.225;0
18.436;0
0.795;0
0;20.029
0;35.292
0;44.917
0;51.366
0;50.163
0;72.769
0;79.889
0;76.881
0;61.603
0;24.913
0;0
0;0
0;0
0;0
0;0
0;0
0;0
0;0
0;0
0;0
0;0
0;0
9.723;0
0.577;0.007
0;17.199
0;23.43
0;32.834
0;42.295
0;32.124
0;46.248
0;50.938
0;45.524
0;27.884
0;3.345
0;0
0;0
0;0
0;0
0.011;0
0.109;0
0.147;0
0.158;0
0.183;0
0.23;0
0.274;0
0.263;0
21.875;0
0.907;0
0.003;12.602
0;19.83
0;28.245
0;43.264
0;38.756
0;55.419
0;62.195
0;57.923
0;42.081
0;13.615
0;0
0;0
0;0
0;0
0;0
0.009;0
0.112;0
0.166;0
0.218;0
0.263;0
0.291;0
0.292;0
0.248;0
0.141;0
0.015;0
0;0
0;0
0;0
0;0
0;0
0;0
0;0.235
0;0.48
0;0.417
0;0.029
0;0
0;0
0;0
0;0
0;0
0;0
0.007;0
0.097;0
0.149;0
0.176;0
0.162;0
0.105;0
0.017;0
0;0
0;0.618
0;0.959
0;1.113
0;0.176
0;0
0;0.59
0;5.709
0;12.045
0;8.003
0;2.227
0;0.111
0;0
0;0
0;0
0;0
0;0
0;0
0;0
0.001;0
0.061;0
0.068;0
5.878;0
0.048;14.269
0;72.76
0;70.094
0;66.217
0;64.909
0;51.078
0;72.713
0;82.12
0;73.395
0;64.087
0;39.782
0;0.032
0;0
0;0
0;0
0;0
0;0
0;0
0;0
0;0
0;0
0;0
0;0
3.23;0
0.037;10.901
0;61.047
0;93.423
0;118.101
0;127.028
0;113.382
0;136.166
0;143.572
0;135.246
0;90.922
0;41.014
0;0.986
0;0.046
0;0.002
0;0
0;0
0;0
0;0
0;0
0;0
0;0
0;0
0;0
1.36;0
0.002;12.196
0;52.521
0;55.438
0;57.219
0;65.097
0;53.793
0;70.661
0;74.037
0;74.381
0;47.203
0;6.798
0;0
0;0
0;0
0;0
0;0
0;0
0;0
0;0
0;0
0;0
0;0
0;0
3.32;0
0.108;2.5
0;39.55
0;46.781
0;47.706
0;41.362
0;25.825
0;38.411
0;40.355
0;33.729
0;15.456
0;0
0;0
0;0
0;0
0;0
0;0
0;0
0;0
0;0
0;0
0;0
0;0
0;0
3.905;0
0;1.629
0;40.472
0;43.429
0;47.463
0;53.754
0;43.527
0;59.114
0;66.202
0;65.628
0;49.519
0;13.825
0;0
0;0
0;0
0;0
0;0
0;0
0;0
0;0
0;0
0;0
0;0
0;0
0;0
0;0
0;0
0;0.411
0;0.562
0;0.574
0;0.033
0;0
0;0.008
0;0
0;0
0;0.213
0;0
0;0
0;0
0;0
0;0
0;0
0;0
0;0
0;0
0;0
0;0
0;0
0;0
0;0
0;0
0;0
0;0
0;0
0;0
0;0
0;0
0;0
0;0
0;0
0;0
0;0
0;0
0;0
0;0
0;0
0;0
0;0
0;0
0;0
0;0
0;0
3.176;0
0.065;0.649
0;36.174
0;36.155
0;41.459
0;40.923
0;27.031
0;58.245
0;58.258
0;45.516
0;30.019
0;2.498
0;0
0;0
0;0
0;0
0;0
0;0
0;0
0;0
0;0
0;0
0;0
0;0
10.458;0
0.334;0
0;16.63
0;19.595
0;35.335
0;55.659
0;39.242
0;55.77
0;65.87
0;48.611
0;23.692
0;0.004
0;0
0;0
0;0
0;0
0;0
0;0
0;0
0;0
0;0
0;0
0;0
0;0
15.009;0
1.009;0
0;4.609
0;14.023
0;26.714
0;37.581
0;27.017
0;41.68
0;52.286
0;40.299
0;17.782
0;0
0;0
0;0
0;0
0;0
0;0
0;0
0;0
0;0
0;0
0;0
0;0
0;0
13.168;0
0.799;0
0;5.971
0;18.446
0;19.628
0;27.499
0;27.355
0;44.454
0;39.039
0;27.548
0;8.229
0.064;0
0;0
0;0
0;0
0;0
0;0
0;0
0;0
0;0
0;0
0;0
0;0
0;0
13.834;0
1.041;0
0.003;3.152
0;10.489
0;16.036
0;25.792
0;17.151
0;38.167
0;35.881
0;32.023
0;15.865
0;0
0;0
0;0
0;0
0;0
0;0
0;0
0;0
0;0
0;0
0;0
0;0
0;0
0;0
0;0
0;0
0;0
0;0
0;0
0;0
0;0
0;0
0;0
0;0
0;0
0;0
0;0
0;0
0;0
0;0
0;0
0;0
0;0
0;0
0;0
0;0
0;0
0;0
0;0
0;0
0;0
0;0
0;0
0;0
0;0
0;0
0;0
0;0
0;0
0;0
0;0
0;0
0;0
0;0
0;0
0;0
0;0
0;0
0;0
0;0
0;0
18.459;0
0.702;0
0;9.316
0;17.66
0;23.895
0;33.235
0;22.503
0;47.895
0;51.934
0;47.681
0;31.401
0;0.821
0;0
0;0
0;0
0;0
0;0
0;0
0;0
0;0
0;0
0;0
0.016;0
0.049;0
20.164;0
1.126;0
0;5.879
0;24.827
0;37.682
0;43.937
0;29.479
0;42.541
0;44.576
0;35.603
0;16.329
0;0
0;0
0;0
0;0
0;0
0;0
0;0
0;0
0;0
0;0
0;0
0;0
0;0
12.455;0
0.27;0
0;34.349
0;51.597
0;54.632
0;58.802
0;49.043
0;69.89
0;86.532
0;88.458
0;63.681
0;30.266
0;0.29
0;0.009
0;0
0;0
0;0
0;0
0;0
0;0
0;0
0;0
0;0
0;0
6.251;0
0.003;11.611
0;71.693
0;76.789
0;81.555
0;84.112
0;72.819
0;99.756
0;115.808
0;117.313
0;88.876
0;42.74
0;0.534
0;0.023
0;0.001
0;0
0;0
0;0
0;0
0;0
0;0
0;0
0;0
0;0
1.798;0
0.018;3.292
0;48.702
0;58.71
0;68.946
0;85.525
0;79.473
0;95.689
0;97.31
0;94.478
0;65.118
0;19.297
0;0.463
0;0.024
0;0.001
0;0
0;0
0;0
0;0
0;0
0;0
0;0
0;0
0;0
0;0
0;0
0;0
0;0
0;0
0;0
0;0
0;0
0;0
0;0
0;0
0;0
0;0
0;0
0;0
0;0
0;0
0;0
0;0
0;0
0;0
0;0
0;0
0;0
0;0
0;0
0;0
0;0
0;0
0;0
0;0
0;0
0;0
0;0
0;1.238
0;1.203
0;0.165
0;0
0;0
0;0
0;0
0;0
0;0
0;0
0;0
0;0
0;0
0;0
1.71;0
0;13.628
0;69.345
0;67.899
0;67.402
0;67.321
0;58.688
0;70.411
0;59.945
0;44.256
0;26.198
0;0.22
0;0
0;0
0;0
0;0
0;0
0;0
0;0
0;0
0;0
0;0
0;0
0;0
0.902;0
0;5.267
0;46.705
0;40.496
0;39.433
0;37.108
0;23.549
0;35.461
0;46.591
0;55.016
0;48.951
0;26.879
0;0
0;0
0;0
0;0
0;0
0;0
0;0
0;0
0;0
0;0
0;0
0;0
1.175;0
0;5.76
0;47.773
0;54.915
0;63.688
0;64.361
0;53.386
0;75.443
0;74.539
0;66.255
0;41.36
0;11.526
0;0.039
0;0
0;0
0;0
0;0
0;0
0;0
0;0
0;0
0;0
0;0
0;0
1.786;0
0;12.16
0;66.926
0;70.635
0;75.692
0;78.339
0;68.318
0;92.153
0;108.363
0;108.661
0;77.859
0;35.108
0;0.373
0;0.018
0;0.001
0;0
0;0
0;0
0;0
0;0
0;0
0;0
0;0
0;0
0.299;0
0;8.914
0;42.08
0;42.139
0;50.92
0;68.183
0;73.516
0;106.068
0;119.852
0;119.826
0;94.987
0;55.929
0;0.674
0;0.037
0;0.001
0;0
0;0
0;0
0;0
0;0
0;0
0;0
0;0
0;0
0;0
0;0
0;0.606
0;4.984
0;7.88
0;6.695
0;6.69
0;7.411
0;8.707
0;10.385
0;9.171
0;5.148
0;1.173
0;0.022
0;0
0;0
0;0
0;0
0;0
0;0
0;0
0;0
0;0
0;0
0;0
0;0
0;0
0;0.129
0;2.193
0;5.616
0;8.107
0;10.412
0;13.597
0;6.044
0;0.279
0;0
0;0
0;0
0;0
0;0
0;0
0;0
0;0
0;0
0;0
0;0
0;0
0;0
0;10.804
0;44.119
0;89.207
0;90.871
0;95.199
0;95.885
0;84.004
0;106.692
0;115.644
0;114.136
0;83.056
0;42.799
0;0.318
0;0.013
0;0
0;0
0;0
0;0
0;0
0;0
0;0
0;0
0;0
0;0
0;2.281
0;34.728
0;82.757
0;94.322
0;116.713
0;119.32
0;107.146
0;129.929
0;135.151
0;125.762
0;91.271
0;49.278
0;0.63
0;0.028
0;0.001
0;0
0;0
0;0
0;0
0;0
0;0
0;0
0;0
0;0
0;5.38
0;46.316
0;99.409
0;128.242
0;116.438
0;117.223
0;111.583
0;128.585
0;133.086
0;142.535
0;109.405
0;49.01
0;0.451
0;0.01
0;0
0;0
0;0
0;0
0;0
0;0
0;0
0;0
0;0
0;0
0;0.043
0;19.275
0;50.647
0;48.21
0;48.935
0;53.364
0;43.738
0;69.784
0;71.481
0;49.598
0;28.631
0;2.381
0;0.02
0;0
0;0
0;0
0;0
0;0
0;0
0;0
0;0
0;0
0;0
0;0
0;0
0;12.087
0;56.548
0;79.153
0;100.731
0;117.909
0;115.799
0;154.762
0;177.106
0;176.044
0;105.359
0;32.572
0;0.568
0;0.038
0;0.001
0;0
0;0
0;0
0;0
0;0
0;0
0;0
0;0
0;0
0;0
0;0
0;0
0;0.146
0;0.684
0;1.687
0;1.544
0;1.972
0;4.657
0;13.479
0;15.953
0;10.656
0;3.225
0;0.283
0;0
0;0
0;0
0;0
0;0
0;0
0;0
0;0
0;0
0;0
0;0
0;0
0;2.376
0;8.51
0;11.388
0;8.413
0;5.928
0;7.262
0;15.608
0;23.784
0;26.002
0;21.769
0;9.786
0;0.986
0;0
0;0
0;0
0;0
0;0
0;0
0;0
0;0
0;0
0;0
0;39.134
0;81.522
0;133.231
0;170.363
0;188.519
0;182.869
0;167.41
0;203.309
0;233.256
0;234.419
0;162.696
0;98.691
0;2.444
0;0.384
0;0.004
0;0
0;0
0;0
0;0
0;0
0;0
0;0
0;0
0;0
0;42.289
0;86.242
0;147.157
0;195.878
0;198.727
0;176.34
0;150.055
0;178.999
0;183.808
0;185.5
0;146.433
0;81.246
0;1.165
0;0.046
0;0.001
0;0
0;0
0;0
0;0
0;0
0;0
0;0
0;0
0;0
0;11.919
0;46.433
0;105.389
0;132.7
0;152.225
0;159.487
0;145.718
0;177.918
0;202.883
0;219.117
0;163.459
0;83.385
0;1.721
0;0.082
0;0.003
0;0
0;0
0;0
0;0
0;0
0;0
0;0
0;0
0;0
0;19.126
0;68.145
0;108.329
0;117.254
0;124.635
0;118.15
0;100.079
0;126.177
0;137.193
0;117.522
0;68.895
0;26.839
0;0.721
0;0.04
0;0.001
0;0
0;0
0;0
0;0
0;0
0;0
0;0
0;0
0;0
0;4.655
0;44.293
0;85.239
0;84.117
0;84.564
0;87.904
0;76.201
0;86.413
0;93.302
0;95.903
0;74.011
0;41.706
0;0.291
0;0.013
0;0
0;0
0;0
0;0
0;0
0;0
0;0
0;0
0;0
0;0
0;0
0;0
0;0
0;0
0;0.241
0;1.185
0;1.987
0;3.468
0;4.05
0;5.671
0;5.43
0;2.943
0;0.388
0;0
0;0
0;0
0;0
0;0
0;0
0;0
0;0
0;0
0;0
0;0
0;0
0;0.086
0;5.041
0;15.235
0;17.028
0;15.591
0;14.896
0;21.822
0;30.864
0;37.024
0;38.674
0;34.995
0;20.925
0;4.485
0;0.056
0;0
0;0
0;0
0;0
0;0
0;0
0;0
0;0
0;0
0;55.764
0;81.606
0;121.083
0;123.069
0;124.895
0;124.735
0;112.215
0;135.273
0;142.587
0;136.75
0;100.719
0;50.307
0;0.355
0;0.017
0;0.001
0;0
0;0
0;0
0;0
0;0
0;0
0;0
0;0
0;0
0;13.971
0;44.423
0;78.738
0;74.699
0;71.621
0;71.179
0;59.192
0;74.027
0;73.501
0;66.754
0;42.637
0;13.452
0;0
0;0
0;0
0;0
0;0
0;0
0;0
0;0
0;0
0;0
0;0
0;0
0;0.287
0;21.122
0;54.246
0;62.008
0;72.935
0;84.71
0;80.972
0;108.16
0;115.452
0;113.659
0;84.582
0;43.182
0;0.254
0;0.009
0;0
0;0
0;0
0;0
0;0
0;0
0;0
0;0
0;0
0;0
0;0
0;15.139
0;52.291
0;55.64
0;58.907
0;61.542
0;48.541
0;62.142
0;60.218
0;59.535
0;39.364
0;4.638
0;0
0;0
0;0
0;0
0;0
0;0
0;0
0;0
0;0
0;0
0;0
0;0
0;0
0;4.834
0;36.099
0;36.783
0;41.908
0;56.864
0;50.652
0;67.21
0;68.844
0;62.972
0;40.741
0;10.805
0;0.086
0;0.003
0;0
0;0
0;0
0;0
0;0
0;0
0;0
0;0
0;0
0;0
0;0
0;0
0;0
0;0
0;0
0;0
0;0
0;0
0;0
0;0.619
0;0.662
0;0.052
0;0
0;0
0;0
0;0
0;0
0;0
0;0
0;0
0;0
0;0
0;0
0;0
0;0
0;0
0;0
0;0
0;0
0;0
0;0
0;0
0;0
0;0
0;0
0;0
0;0
0;0
0;0
0;0
0;0
0;0
0;0
0;0
0;0
0;0
0;0
0;0
0.021;0
0;0.566
0;29.863
0;30.247
0;32.307
0;37.848
0;26.967
0;40.707
0;52.191
0;48.344
0;26.752
0;0.076
0;0
0;0
0;0
0;0
0;0
0;0
0;0
0;0
0;0
0;0
0;0
0;0
0.682;0
0;0.271
0;28.789
0;35.351
0;43.514
0;52.69
0;49.719
0;77.122
0;85.664
0;79.216
0;48.771
0;14.09
0;0.191
0;0.007
0;0
0;0
0;0
0;0
0;0
0;0
0;0
0;0
0;0
0;0
0;0
0;0.376
0;27.045
0;29.318
0;37.139
0;69.849
0;71.918
0;85.673
0;91.848
0;84.587
0;60.017
0;23.855
0;0.324
0;0.013
0;0
0;0
0;0
0;0
0;0
0;0
0;0
0;0
0;0
0;0
0.37;0
0;11.128
0;74.572
0;91.737
0;101.696
0;107.276
0;90.691
0;105.975
0;117.363
0;117.502
0;90.71
0;51.159
0;0.613
0;0.027
0;0.001
0;0
0;0
0;0
0;0
0;0
0;0
0;0
0;0
0;0
0;0
0;24.687
0;88.404
0;121.883
0;142.734
0;141.069
0;122.513
0;150.506
0;168.744
0;172.063
0;129.718
0;60.579
0;0.974
0;0.057
0;0.002
0;0
0;0
0;0
0;0
0;0
0;0
0;0
0;0
0;0
0;0
0;0
0;0
0;0
0;0
0;0
0;0
0;0
0;0
0;0.61
0;0.295
0;0
0;0
0;0
0;0
0;0
0;0
0;0
0;0
0;0
0;0
0;0
0;0
0;0
0;0
0;0
0;0
0;0
0;0
0;0
0;0
0;0
0;0
0;0
0;0
0;0
0;0
0;0
0;0
0;0
0;0
0;0
0;0
0;0
0;0
0;0
0;0
0;0
0;0
0;11.265
0;58.302
0;68.422
0;80.733
0;85.628
0;76.068
0;90.891
0;92.187
0;99.61
0;80.414
0;40.531
0;0.249
0;0.006
0;0
0;0
0;0
0;0
0;0
0;0
0;0
0;0
0;0
0;0
0;0
0;4.716
0;37.95
0;46.79
0;66.306
0;85.118
0;84.247
0;110.346
0;118.332
0;110.008
0;89.36
0;52.827
0;0.403
0;0.018
0;0
0;0
0;0
0;0
0;0
0;0
0;0
0;0
0;0
0;0
0.114;0
0;22.86
0;87.29
0;113.915
0;129.263
0;125.141
0;107.552
0;134.706
0;148.824
0;150.712
0;115.585
0;66.92
0;0.953
0;0.065
0;0.001
0;0
0;0
0;0
0;0
0;0
0;0
0;0
0;0
0;0
0;0
0;32.506
0;93.126
0;126.4
0;143.958
0;139.605
0;120.028
0;148.976
0;172.164
0;176.681
0;131.941
0;77.088
0;1.3
0;0.141
0;0.002
0;0
0;0
0;0
0;0
0;0
0;0
0;0
0;0
0;0
0;1.223
0;46.893
0;111.511
0;142.908
0;153.413
0;147.774
0;131.732
0;165.26
0;178.017
0;163.827
0;116.969
0;62.316
0;1.326
0;0.07
0;0.002
0;0
0;0
0;0
0;0
0;0
0;0
0;0
0;0
0;0
0;0
0;0
0;0
0;0
0;0
0;0
0;0
0;0
0;0
0;0.869
0;3.738
0;5.198
0;1.399
0;0.018
0;0
0;0
0;0
0;0
0;0
0;0
0;0
0;0
0;0
0;0
0;0
0;0
0;0
0;0
0;0
0;0
0;0
0;0
0;0
0;0
0;0
0;0
0;0
0;0
0;0
0;0
0;0
0;0
0;0
0;0
0;0
0;0
0;0
0;0
0;0.258
0;13.845
0;49.7
0;49.931
0;60.325
0;73.416
0;68.316
0;90.255
0;92.584
0;92.071
0;66.902
0;29.634
0;0.2
0;0.004
0;0
0;0
0;0
0;0
0;0
0;0
0;0
0;0
0;0
0;0
0.359;0
0;18.907
0;80.682
0;97.741
0;106.268
0;108.16
0;95.199
0;120.465
0;133.197
0;128.295
0;91.539
0;50.891
0;0.681
0;0.035
0;0.002
0;0
0;0
0;0
0;0
0;0
0;0
0;0
0;0
0;0
0;0.146
0;19.597
0;50.076
0;54.414
0;69.022
0;78.79
0;73.95
0;99.188
0;111.679
0;108.939
0;80.674
0;40.209
0;0.21
0;0.009
0;0
0;0
0;0
0;0
0;0
0;0
0;0
0;0
0;0
0;0
0.039;0
0;11.598
0;64.961
0;92.687
0;109.09
0;110.312
0;97.39
0;129.708
0;146.116
0;147.131
0;110.732
0;62.011
0;0.767
0;0.033
0;0.001
0;0
0;0
0;0
0;0
0;0
0;0
0;0
0;0
0;0
0;0
0;21.051
0;82.153
0;109.673
0;123.432
0;122.353
0;107.356
0;136.153
0;157.095
0;163.068
0;123.69
0;72.04
0;1.122
0;0.069
0;0.002
0;0
0;0
0;0
0;0
0;0
0;0
0;0
0;0
0;0
0;0
0;0
0;0.093
0;1.839
0;7.426
0;8.465
0;6.797
0;7.8
0;15.271
0;17.615
0;16.271
0;11.851
0;2.804
0;0.096
0;0
0;0
0;0
0;0
0;0
0;0
0;0
0;0
0;0
0;0
0;0
0;0.044
0;2.557
0;11.99
0;16.338
0;16.276
0;17.701
0;25.586
0;37.182
0;44.681
0;43.755
0;35.037
0;15.842
0;1.181
0;0
0;0
0;0
0;0
0;0
0;0
0;0
0;0
0;0
0;0
0;22.488
0;43.568
0;82.836
0;88.049
0;102.647
0;118.127
0;118.571
0;155.736
0;182.875
0;195.663
0;151.821
0;92.136
0;1.328
0;0.095
0;0.002
0;0
0;0
0;0
0;0
0;0
0;0
0;0
0;0
0;0
0;11.509
0;52.895
0;113.337
0;166.389
0;207.441
0;209.926
0;201.846
0;252.618
0;290.415
0;287.532
0;191.791
0;95.107
0;2.15
0;0.126
0;0.005
0;0
0;0
0;0
0;0
0;0
0;0
0;0
0;0
0;0
0;19.983
0;60.616
0;120.641
0;169.88
0;193.845
0;193.667
0;177.146
0;210.956
0;229.915
0;223.003
0;156.839
0;86.179
0;2.082
0;0.114
0;0.005
0;0
0;0
0;0
0;0
0;0
0;0
0;0
0;0
0;0
0;20.574
0;58.782
0;114.811
0;155.609
0;165.721
0;162.154
0;144.655
0;168.462
0;171.538
0;154.576
0;101.264
0;59.902
0;0.889
0;0.04
0;0.001
0;0
0;0
0;0
0;0
0;0
0;0
0;0
0;0
0;0
0;3.408
0;40.982
0;94.024
0;103.15
0;109.104
0;109.143
0;93.801
0;113.486
0;120.594
0;116.452
0;81.564
0;38.947
0;0.327
0;0.01
0;0
0;0
0;0
0;0
0;0
0;0
0;0
0;0
0;0
0;0
0;0
0;0
0;0
0;0
0;0
0;0
0;0
0;0.254
0;3.892
0;9.709
0;10.467
0;5.391
0;0.93
0;0
0;0
0;0
0;0
0;0
0;0
0;0
0;0
0;0
0;0
0;0
0;0
0;0
0;0.843
0;4.182
0;8.397
0;7.278
0;6.891
0;14.244
0;23.327
0;25.276
0;18.018
0;10.594
0;1.794
0;0.012
0;0
0;0
0;0
0;0
0;0
0;0
0;0
0;0
0;0
0;0
0;10.116
0;38.9
0;92.723
0;105.938
0;114.28
0;119.504
0;114.449
0;142.663
0;148.537
0;132.463
0;92.904
0;48.528
0;0.574
0;0.019
0;0
0;0
0;0
0;0
0;0
0;0
0;0
0;0
0;0
0;0
0;0.709
0;25.043
0;84.698
0;107.292
0;120.246
0;124.215
0;114.871
0;143.251
0;145.593
0;127.066
0;85.672
0;40.956
0;0.646
0;0.029
0;0.001
0;0
0;0
0;0
0;0
0;0
0;0
0;0
0;0
0;0
0;0.488
0;21.26
0;57.144
0;70.577
0;95.916
0;112.901
0;105.79
0;128.388
0;133.918
0;117.641
0;72.873
0;32.23
0;0.429
0;0.016
0;0
0;0
0;0
0;0
0;0
0;0
0;0
0;0
0;0
0;0
0;0
0;11.742
0;60.411
0;73.767
0;79.684
0;94.71
0;88.693
0;105.843
0;111.082
0;106.245
0;73.451
0;28.092
0;0.561
0;0.021
0;0
0;0
0;0
0;0
0;0
0;0
0;0
0;0
0;0
0;0
0.246;0
0;7.181
0;54.317
0;79.093
0;96.51
0;104.855
0;96.912
0;128.143
0;141.401
0;126.026
0;71.591
0;18.573
0;0.418
0;0.017
0;0.001
0;0
0;0
0;0
0;0
0;0
0;0
0;0
0;0
0;0
0;0
0;0
0;0
0;0
0;0
0;0
0;0
0;0
0;0
0;0
0;0
0;0
0;0
0;0
0;0
0;0
0;0
0;0
0;0
0;0
0;0
0;0
0;0
0;0
0;0
0;0
0;0
0;0
0;0
0;0
0;0
0;0
0;0
0;0
0;0
0;0
0;0
0;0
0;0
0;0
0;0
0;0
0;0
0;0
0;0
0;0
0;0
0;0
3.571;0
0;0.03
0;21.326
0;25.89
0;29.763
0;36.977
0;28.231
0;44.529
0;45.811
0;36.545
0;16.698
0;0
0;0
0;0
0;0
0;0
0;0
0;0
0;0
0;0
0;0
0;0
0;0
0;0
0;0
0;0.239
0;26.941
0;29.07
0;29.14
0;35.864
0;31.612
0;49.551
0;57.556
0;56.646
0;35.637
0;3.522
0;0
0;0
0;0
0;0
0;0
0;0
0;0
0;0
0;0
0;0
0;0
0;0
7.625;0
0.051;0
0;10.72
0;23.248
0;43.174
0;61.695
0;57.363
0;79.09
0;89.251
0;85.299
0;61.603
0;10.996
0;0.3
0;0.01
0;0
0;0
0;0
0;0
0;0
0;0
0;0
0;0
0;0
0;0
1.015;0
0;0
0;18.109
0;22.15
0;26.419
0;34.551
0;24.314
0;41.543
0;54.185
0;48.873
0;20.035
0;0
0;0
0;0
0;0
0;0
0;0
0;0
0;0
0;0
0;0
0;0
0;0
0;0
5.201;0
0.032;0
0;11.628
0;22.667
0;33.085
0;44.114
0;36.238
0;52.769
0;56.016
0;49.2
0;35.269
0;6.684
0;0
0;0
0;0
0;0
0;0
0;0
0;0
0;0
0;0
0;0
0;0
0;0
0;0
0;0
0;0
0;0
0;0
0;0
0;0
0;0
0;0
0;0
0;0
0;0
0;0
0;0
0;0
0;0
0;0
0;0
0;0
0;0
0;0
0;0
0;0
0;0
0;0
0;0
0;0
0;0
0;0
0;0
0;0
0;0
0;0
0;0
0;0
0;0
0;0
0;0
0;0
0;0
0;0
0;0
0;0
0;0
0;0
0;0
0;0
0;0
10.877;0
0.476;0
0;2.313
0;6.946
0;9.206
0;19.428
0;17.482
0;35.436
0;40.069
0;32.427
0;11.42
0;0.254
0;0.015
0;0
0;0
0;0
0;0
0;0
0;0
0;0
0;0
0;0
0;0
0;0
12.555;0
0.52;0
0;1.852
0;10.057
0;25.677
0;45.037
0;39.52
0;59.311
0;72.549
0;74.167
0;47.903
0;8.921
0;0.072
0;0
0;0
0;0
0;0
0;0
0;0
0;0
0;0
0;0
0;0
0;0
0;0
0;0.008
0;24.967
0;40.722
0;53.805
0;54.237
0;39.728
0;67.608
0;78.44
0;78.461
0;44.524
0;8.054
0;0.673
0;0.022
0;0.001
0;0
0;0
0;0
0;0
0;0
0;0
0;0
0;0
0;0
0.412;0
0;0
0;19.172
0;35.023
0;54.192
0;66.371
0;58.217
0;79.94
0;90.717
0;92.766
0;48.309
0;3.724
0;0.253
0;0.013
0;0.001
0;0
0;0
0;0
0;0
0;0
0;0
0;0
0;0
0;0
0;0
0;0
0;19.434
0;23.34
0;22.984
0;25.202
0;13.023
0;24.499
0;26.083
0;20.047
0;4.854
0;0
0;0
0;0
0;0
0;0
0;0
0;0
0;0
0;0
0;0
0;0
0;0
0;0
0;0
0;0
0;0
0;0
0;0
0;0
0;0
0;0
0;0
0;0
0;0
0;0
0;0
0;0
0;0
0;0
0;0
0;0
0;0
0;0
0;0
0;0
0;0
0;0
0;0
0;0
0;0
0;0
0;0
0;0
0;0
0;0
0;0.358
0;1.076
0;1.638
0;0.576
0;0
0;0
0;0
0;0
0;0
0;0
0;0
0;0
0;0
0;0
0;0
0;0
7.799;0
0.207;0
0;16.988
0;33.28
0;41.347
0;56.672
0;47.536
0;57.119
0;55.557
0;52.488
0;33.534
0;4.342
0;0
0;0
0;0
0;0
0;0
0;0
0;0
0;0
0;0
0;0
0;0
0;0
13.509;0
0.494;0
0;9.914
0;30.957
0;39.54
0;46.972
0;40.145
0;62.17
0;69.843
0;62.664
0;40.347
0;7.275
0;0
0;0
0;0
0;0
0;0
0;0
0;0
0;0
0;0
0;0
0;0
0;0
16.062;0
0.652;0
0;6.057
0;24.117
0;37.025
0;44.419
0;36.332
0;56.252
0;62.323
0;51.928
0;24.387
0;2.225
0;0.214
0;0.01
0;0
0;0
0;0
0;0
0;0
0;0
0;0
0;0
0;0
0;0
1.532;0
0.001;0
0;14.976
0;25.793
0;37.546
0;32.389
0;14.698
0;26.874
0;34.676
0;30.696
0;11.295
0;0
0;0
0;0
0;0
0;0
0;0
0;0
0;0
0;0
0;0
0;0
0;0
0;0
0.52;0
0;0
0;11.117
0;13.504
0;21.849
0;34.303
0;35.406
0;52.251
0;50.176
0;40.577
0;26.671
0;2.311
0;0
0;0
0;0
0;0
0;0
0;0
0;0
0;0
0;0
0;0
0;0
0;0
0;0
0;0
0;0
0;0
0;0
0;0
0;0
0;0
0;0
0;0
0;0
0;0
0;0
0;0
0;0
0;0
0;0
0;0
0;0
0;0
0;0
0;0
0;0
0;0
0;0
0;0
0;0
0;0
0;0
0;0
0;0
0;0
0;0
0;0
0;0
0;0
0;0
0;0
0;0
0;0
0;0
0;0
0;0
0;0
0;0
0;0
0;0
0.071;0
38.266;0
3.685;0
0.096;0
0;3.04
0;4.335
0;7.553
0;4.273
0;10.577
0;12.346
0;5.524
0;0.026
0.465;0
0;0
0;0
0;0
0;0
0;0
0;0
0;0
0;0
0;0
0;0
0;0
0;0
16.895;0
1.495;0
0;0.555
0;3.701
0;4.43
0;7.555
0;3.423
0;8.04
0;12.481
0;7.355
0;1.331
0.138;0
0;0
0;0
0;0
0;0
0;0
0;0
0;0
0;0
0;0
0;0
0;0
0;0
11.829;0
1.052;0
0;1.939
0;8.587
0;11.739
0;18.818
0;24.697
0;55.034
0;67.273
0;62.619
0;33.832
0;3.173
0;0.044
0;0
0;0
0;0
0;0
0;0
0;0
0;0
0;0
0;0
0;0
0;0
13.479;0
1.23;0
0;0.733
0;9.544
0;15.621
0;26.304
0;23.25
0;29.635
0;33.708
0;22.815
0;1.689
0.117;0
0;0
0;0
0;0
0;0
0;0
0;0
0;0
0;0
0;0
0;0
0;0
0;0
23.281;0
2.4;0
0.029;0.182
0;3.654
0;6.956
0;15.43
0;12.657
0;22.043
0;24.864
0;23.638
0;5.683
0.019;0
0;0
0;0
0;0
0;0
0;0
0;0
0;0
0;0
0;0
0;0
0;0
0;0
0;0
0;0
0;0
0;0
0;0
0;0
0;0
0;0
0;0
0;0
0;0
0;0
0;0
0;0
0;0
0;0
0;0
0;0
0;0
0;0
0;0
0;0
0;0
0;0
0;0
0;0
0;0
0;0
0;0
0;0
0;0
0;0
0;0
0;0
0;0
0;0
0;0
0;0
0;0
0;0
0;0
0;0
0;0
0;0
0;0
0;0
0;0
0;0
35.333;0
3.373;0
0.059;1.991
0;11.477
0;14.877
0;23.749
0;14.049
0;23.861
0;23.255
0;12.378
0;1.327
0.56;0
0;0
0;0
0;0
0;0
0;0
0;0
0;0
0;0
0;0
0;0
0;0
0;0
28.594;0
3.094;0
0.133;0
0.001;3.368
0;5.427
0;9.689
0;4.71
0;8.106
0;8.237
0;5.196
0.184;0.459
0.76;0
0;0
0;0.001
0;0
0;0
0;0
0;0
0;0
0;0
0;0
0;0
0;0
0;0
20.31;0
2.406;0
0.038;0.681
0;8.909
0;14.706
0;24.96
0;22.132
0;49.188
0;59.769
0;53.252
0;24.123
0.233;0.682
0;0
0;0
0;0
0;0
0;0
0;0
0;0
0;0
0;0
0.025;0
0.277;0
0.365;0
37.585;0
3.955;0
0.12;1.225
0;14.518
0;28.475
0;45.047
0;49.214
0;77.113
0;92.824
0;89.297
0;52.382
0;8.459
0;0.344
0;0.004
0;0
0;0
0;0
0;0
0;0
0;0
0;0
0;0
0;0
0;0
9.02;0
0.731;0
0;13.366
0;51.626
0;77.911
0;95.543
0;95.623
0;124.915
0;136.659
0;123.205
0;62.941
0;14.79
0;1.078
0;0.022
0;0.001
0;0
0;0
0;0
0;0
0;0
0;0
0;0
0;0
0;0
0;0
0;0
0;0
0;0
0;0
0;0
0;0
0;0
0;0.41
0;0.693
0;0.44
0;0
0;0
0;0
0;0
0;0
0;0
0;0
0;0
0;0
0;0
0;0
0;0
0;0
0;0
0;0
0;0
0;0
0;0
0;0
0;0.036
0;1.336
0;2.827
0;3.926
0;1.755
0;0.125
0;0
0;0
0;0
0;0
0;0
0;0
0;0
0;0
0;0
0;0
0;0
0;0
15.426;0
1.73;0
0.038;13.239
0;36.995
0;60.559
0;80.741
0;77.292
0;98.745
0;93.341
0;73.75
0;36.788
0;4.892
0;0.357
0;0.008
0;0
0;0
0;0
0;0
0;0
0;0
0;0
0;0
0;0
0;0
7.606;0
0.977;0
0.021;5.954
0;12.218
0;19.38
0;35.241
0;35.119
0;64.083
0;87.355
0;82.018
0;40.101
0;5.086
0;0.429
0;0.01
0;0
0;0
0;0
0;0
0;0
0;0
0;0
0;0
0;0
0;0
8.689;0
0.64;0
0;14.428
0;45.371
0;79.617
0;93.601
0;87.919
0;112.468
0;122.255
0;112.084
0;62.395
0;9.157
0;0.266
0;0.002
0;0
0;0
0;0
0;0
0;0
0;0
0;0
0;0
0;0
0;0
6.58;0
0.748;0
0;6.524
0;12.807
0;14.618
0;21.187
0;12.176
0;23.919
0;24.829
0;16.993
0;2.454
0.442;0
0;0
0;0
0;0
0;0
0;0
0;0
0;0
0;0
0;0
0;0
0;0
0;0
16.791;0
1.742;0
2.063;1.118
6.563;8.547
6.637;13.984
4.265;20.059
2.476;11.12
1.642;24.742
0.765;29.802
0.283;22.391
0.109;4.306
0.343;0
0.009;0
0.001;0
0;0
0;0
0;0
0;0
0;0
0;0
0;0
0;0
0;0
0;0
0;0
0;0
0;0
0;0
0;0
0;0
0;0
0;0
0;0
0;0
0;0
0;0
0;0
0;0
0;0
0;0
0;0
0;0
0;0
0;0
0;0
0;0
0;0
0;0
0;0
0;0
0;0
0;0
0;0
0;0
0;0
0;0
0;0
0;0
0;0
0;0
0;0
0;0
0;0
0;0
0;0
0;0
0;0
0;0
0;0
0;0
0;0
0;0
2.05;0
0.175;0
0;18.579
0;42.307
0;71.638
0;84.083
0;76.452
0;106.144
0;107.887
0;92.361
0;47.879
0;5.333
0;0.428
0;0.019
0;0.001
0;0
0;0
0;0
0;0
0;0
0;0
0;0
0;0
0;0
1.258;0
0.136;0
0.219;19.276
0.018;42.02
0;54.314
0;58.389
0;51.396
0;76.826
0;83.305
0;68.923
0;32.611
0;1.008
0;0
0;0
0;0
0;0
0;0
0;0
0;0
0;0
0;0
0;0
0;0
0;0
6.531;0
0.642;0
1.484;5.075
3.583;24.037
1.531;41.802
0.011;47.248
0;38.939
0;57.682
0;49.997
0;39.134
0;13.299
0;0
0.015;0
0.004;0
0;0
0;0
0;0
0;0
0;0
0;0
0;0
0;0
0;0
0;0
8.723;0
0.723;0
1.049;3.109
2.533;17.854
1.619;27.355
0.15;41.83
0;28.939
0;39.904
0;41.315
0;32.498
0;9.198
0;0
0;0
0;0
0;0
0;0
0;0
0;0
0;0
0;0
0;0
0;0
0;0
0;0
12.601;0
1.367;0
2.368;0.345
7.13;10.118
7.373;23.061
4.624;28.22
2.817;16.883
3.051;30.093
3.721;32.031
3.913;19.722
2.581;1.86
1.446;0
0.132;0
0.008;0
0;0
0;0
0;0
0;0
0;0
0;0
0;0
0;0
0;0
0;0
0;0
0;0
0;0
0;0
0;0
0;0
0;0
0;0
0;0
0;0
0;0
0;0
0;0
0;0
0;0
0;0
0;0
0;0
0;0
0;0
0;0
0;0
0;0
0;0
0;0
0;0
0;0
0;0
0;0
0;0
0;0
0;0
0;0
0;0
0;0
0;0
0;0
0;0
0;0
0;0
0;0
0;0
0;0
0;0
0;0
0;0
0;0
0;0
39.648;0
4.374;0
1.533;0
6.489;2.65
7.238;7.188
4.908;11.181
3.193;9.553
3.742;27.294
4.268;34.564
3.903;25.423
2.764;2.266
2.186;0
0.153;0
0.01;0
0.001;0
0;0
0;0
0;0
0;0
0;0
0.076;0
0.412;0
0.494;0
0.618;0
46.364;0
5.745;0
3.837;0
8.534;0.85
6.946;7.477
4.533;9.491
3.61;3.446
3.581;8.873
3.287;12.465
3.403;8.783
2.211;0.997
1.746;0
0.101;0
0.006;0
0;0
0;0
0;0
0;0
0;0
0;0
0;0
0;0
0.123;0
0.278;0
40.914;0
5.052;0
2.902;0
5.217;2.241
2.26;10.981
0.057;22.989
0;27.577
0;54.567
0;71.008
0;60.65
0;18.668
0.165;0.016
0;0
0;0
0;0
0;0
0;0
0;0
0;0
0;0
0;0
0;0
0;0
0;0
22.701;0
3.148;0
2.481;0
5.872;2.883
5.023;11.504
2.552;27.063
1.056;29.337
0.405;49.021
0.095;52.637
0.691;38.611
0.911;9.076
1.294;0
0.133;0
0.008;0
0;0
0;0
0;0
0;0
0;0
0;0
0;0
0;0
0;0
0;0
21.66;0
2.828;0
2.171;0
5.419;4.132
4.61;13.513
2.989;17.186
2.05;9.635
1.983;19.834
2.101;21.796
1.817;14.108
0.964;1.83
0.978;0
0.02;0
0.001;0
0;0
0;0
0;0
0;0
0;0
0;0
0;0
0;0
0;0
0;0
0;0
0;0
0;0
0;0
0;0
0;0
0;0
0;0
0;0
0;0
0;0
0;0
0;0
0.025;0
0.081;0
0.134;0
0.382;0
0.484;0
0.696;0
1.097;0
1.192;0
0.961;0
1.061;0
1.26;0
1.415;0
1.221;0
0.421;0
0.133;0
0.115;0
0.104;0
0.089;0
0.077;0
0.068;0
0.067;0
0.085;0
0.13;0
0.191;0
0.235;0
0.483;0
0.945;0
1.418;0
1.576;0
1.917;0
2.649;0
2.602;0
2.27;0
2.157;0
2.005;0
76.128;0
9.861;0
3.933;0
7.187;0.165
7.345;2.149
4.391;5.426
2.529;3.032
1.691;6.784
1.729;8.066
1.967;5.716
2.035;0.142
2.541;0
0.071;0
0.042;0
0.069;0
0.088;0
0.098;0
0.116;0
0.131;0
0.131;0
0.131;0
0.137;0
0.14;0
0.138;0
40.107;0
5.192;0
1.569;0
2.717;2.338
3.362;4.152
4.01;5.7
5.258;1.721
5.997;5.801
5.136;10.431
4.527;9.955
3.6;0.484
3.242;0
0.347;0
0.268;0
0.336;0
0.388;0
0.425;0
0.856;0
1.046;0
1.162;0
1.266;0
1.435;0
1.763;0
1.971;0
68.382;0
9.788;0
5.77;0
10.713;0
10.656;2.838
7.483;5.736
6.091;2.433
6.861;5.905
8.24;6.768
8.774;4.273
6.13;0
5.118;0
0.519;0
0.362;0
0.379;0
0.397;0
0.438;0
0.821;0
1.144;0
1.632;0
2.008;0
2.229;0
2.715;0
3.703;0
78.659;0
12.477;0
7.81;0
14.319;0.408
13.245;8.683
8.36;11.471
6.387;8.146
6.951;17.6
7.712;18.573
8.457;8.876
6.113;0
4.611;0
0.7;0
0.521;0
0.568;0
0.785;0
2.12;0
3.274;0
4.476;0
5.865;0
6.461;0
7.225;0
8.425;0
9.618;0
98.959;0
19.137;0
13.948;0
25.279;0
23.221;5.6
13.668;12.747
7.982;10.772
7.016;25.532
7.645;32.004
7.701;22.688
5.97;0.351
5.002;0
0.808;0
0.631;0
0.684;0
1.011;0
2.525;0
3.533;0
5.182;0
6.853;0
7.888;0
9.325;0
10.369;0
10.867;0
11.521;0
11.287;0
5.874;0
1.712;0
0.826;0
0.728;0
0.644;0
0.546;0
0.491;0
0.484;0
0.515;0
0.604;0
1.023;0
1.75;0
3.758;0
5.354;0
7.065;0
8.618;0
9.592;0
9.991;0
10.684;0
11.934;0
12.782;0
13.855;0
14.455;0
13.735;0
10.045;0
2.92;0
1.158;0
0.904;0
0.819;0
0.765;0
0.736;0
0.741;0
1.008;0
1.446;0
2.353;0
3.802;0
6.338;0
8.243;0
9.549;0
10.585;0
11.48;0
12.684;0
13.682;0
14.887;0
16.579;0
18.828;0
146.606;0
41.912;0
16.412;0
23.686;0
23.65;0
17.304;0
13.147;0.655
11.596;5.314
11.568;4.789
11.239;1.96
9.461;0
19.64;0
1.105;0
0.882;0
0.948;0
1.956;0
3.045;0
4.014;0
5.361;0
5.856;0
6.117;0
6.137;0
6.092;0
6.054;0
113.895;0
22.1;0
9.327;0
12.087;0
11.861;0.577
8.316;6.031
5.951;3.968
4.952;7.124
4.125;10.891
4.307;9.066
4.495;0
6.044;0
0.929;0
0.827;0
0.874;0
1.143;0
2.162;0
3.233;0
4.237;0
5.775;0
6.309;0
6.437;0
6.645;0
6.448;0
106.33;0
18.209;0
8.3;0
9.712;0
7.451;3.137
4.394;6.942
3.098;4.645
1.452;12.417
0.652;24.027
0.855;13.842
2.336;0.585
4.013;0
0.721;0
0.681;0
0.743;0
0.792;0
0.997;0
1.522;0
2.477;0
3.152;0
4.072;0
5.139;0
5.334;0
5.061;0
94.251;0
15.336;0
9.33;0
14.269;0
14.211;0.13
10.405;4.476
7.869;2.999
7.431;7.26
8.136;10.056
9.007;5.842
7.318;0
7.262;0
1.07;0
0.887;0
1.074;0
2.858;0
4.232;0
6.097;0
7.459;0
8.092;0
8.754;0
9.489;0
10.163;0
10.647;0
116.077;0
26.282;0
13.589;0
20.908;0
19.395;3.242
13.247;8.079
10.289;5.293
10.048;9.085
11.069;10.888
11.747;5.371
8.855;0
9.148;0
1.288;0
1.025;0
1.8;0
4.293;0
6.276;0
8.575;0
10.082;0
10.837;0
11.473;0
12.937;0
14.443;0
15.296;0
16.027;0
15.866;0
11.403;0
4.855;0
1.749;0
1.091;0
0.958;0
0.937;0
0.964;0
1.145;0
1.49;0
3.07;0
5.77;0
8.112;0
8.929;0
9.383;0
9.439;0
8.897;0
8.257;0
7.921;0
7.722;0
7.621;0
7.396;0
7.352;0
7.225;0
6.913;0
6.102;0
4.466;0
1.896;0
1.103;0
0.99;0
0.94;0
0.98;0
1.236;0
1.456;0
2.603;0
5.109;0
6.811;0
6.987;0
7.209;0
7.4;0
7.666;0
8.01;0
8.264;0
8.55;0
8.884;0
9.241;0
9.739;0
140.46;0
35.059;0
8.048;0
10.049;0
9.808;0.278
7.583;2.046
6.835;0.16
6.026;2.701
6.318;3.327
6.791;1.445
8.04;0
23.824;0
0.829;0
0.764;0
0.789;0
0.815;0
1.002;0
1.184;0
1.777;0
2.299;0
2.641;0
2.834;0
3.005;0
3.341;0
112.944;0
19.8;0
6.649;0
7.356;0
6.307;2.112
4.049;5.091
3.706;1.045
3.906;3.407
4.063;4.028
4.72;2.2
5.992;0
14.131;0
0.726;0
0.672;0
0.697;0
0.727;0
0.769;0
1.032;0
1.715;0
2.822;0
3.594;0
4.605;0
6.068;0
6.575;0
115.71;0
21.679;0
8.444;0
11.907;0
10.402;2.754
6.617;7.075
4.215;4.163
3.012;10.639
3.37;8.516
5.342;3.705
6.322;0
9.734;0
0.925;0
0.775;0
0.833;0
1.279;0
2.591;0
3.422;0
4.238;0
4.987;0
5.238;0
5.486;0
5.475;0
5.683;0
105.561;0
16.752;0
5.804;0
7.535;0.582
4.551;5.697
1.701;8.885
0.959;6.541
0.682;14.945
0.825;10.683
2.538;5.269
3.901;0
5.991;0
0.781;0
0.654;0
0.654;0
0.676;0
0.693;0
0.752;0
1.17;0
2.001;0
2.63;0
3.267;0
4.102;0
4.352;0
91.902;0
13.604;0
5.396;0
8.621;2.362
5.727;7.239
2.885;10.038
2.676;3.327
2.882;6.061
3.533;6.376
4.263;3.593
4.571;0
5.903;0
0.641;0
0.574;0
0.601;0
0.633;0
0.664;0
0.7;0
1.015;0
1.579;0
2.313;0
2.891;0
3.431;0
3.752;0
3.465;0
3.232;0
2.642;0
2;0
1.388;0
0.945;0
0.94;0
1.142;0
1.648;0
2.441;0
3.381;0
4.119;0
4.838;0
5.305;0
5.596;0
5.923;0
6.541;0
7.495;0
8.504;0
9.317;0
9.716;0
10.206;0
10.482;0
10.998;0
12.29;0
10.369;0
3.508;0
1.144;0
0.805;0
0.684;0
0.601;0
0.563;0
0.566;0
0.631;0
0.901;0
1.329;0
2.084;0
3.231;0
4.802;0
6.406;0
6.853;0
6.928;0
6.939;0
7.148;0
7.395;0
7.71;0
8.186;0
8.502;0
132.953;0
29.707;0
6.422;0
9.365;0
7.572;2.407
3.679;6.345
1.59;4.483
0.923;7.751
0.913;7.158
1.44;3.789
2.99;0
8.827;0
0.648;0
0.639;0
0.628;0
0.639;0
0.693;0
0.909;0
1.425;0
2.215;0
3.289;0
4.389;0
5.235;0
5.738;0
112.523;0
19.804;0
6.117;0
7.395;0.003
5.651;3.421
2.704;7.065
1.244;3.882
0.86;6.46
0.907;6.465
2.357;3.452
3.944;0
7.891;0
0.683;0
0.648;0
0.712;0
0.783;0
1.376;0
2.572;0
4.008;0
5.515;0
5.936;0
6.327;0
7.621;0
9.226;0
119.596;0
24.697;0
10.983;0
14.499;0
11.62;1.011
7.094;4.527
5.131;1.872
4.517;4.67
4.928;4.896
6.489;2.358
6.982;0
12.439;0
0.937;0
0.807;0
0.997;0
3.11;0
4.449;0
5.753;0
7.622;0
9.197;0
9.971;0
10.87;0
11.641;0
12.013;0
129.883;0
30.77;0
13.476;0
22.836;0
22.291;0.376
15.948;3.417
12.349;1.051
12.703;3.131
15.027;2.468
16.74;0.714
14.371;0
26.282;0
1.33;0
1.078;0
3.001;0
5.259;0
7.39;0
8.584;0
9.569;0
10.286;0
10.94;0
11.791;0
12.521;0
13.319;0
134.47;0
34.594;0
14.505;0
22.433;0
21.328;0.267
14.849;3.221
11.524;1.03
12.727;3.139
15.262;2.037
17.391;0.498
15.764;0
31.188;0
1.579;0
1.963;0
6.257;0
10.506;0
11.88;0
12.928;0
14.234;0
16.047;0
18.208;0
19.616;0
20.207;0
20.832;0
22.228;0
21.453;0
13.395;0
7.291;0
5.452;0
4.357;0
3.995;0
4.911;0
7.337;0
11.09;0
14.95;0
18.42;0
20.529;0
21.256;0
22.719;0
25.176;0
27.379;0
27.104;0
27.717;0
31.125;0
32.578;0
34.317;0
36.425;0
38.221;0
39.849;0
38.225;0
27.194;0
16.349;0
11.688;0
9.294;0
7.929;0
8.192;0
11.222;0
18.239;0
26.814;0
33.86;0
37.127;0
39.779;0
41.927;0
44.417;0
45.718;0
47.157;0
49.081;0
49.828;0
51.217;0
52.623;0
53.629;0
53.843;0
183.361;0
79.638;0
42.931;0
49.831;0
50.108;0
43.229;0
51.338;0
41.727;0
39.29;0
43.197;0
52.498;0
80.463;0
2.166;0
6.306;0
15.464;0
19.218;0
21.022;0
22.01;0
22.943;0
24.073;0
25.068;0
26.026;0
26.822;0
27.513;0
164.109;0
57.851;0
29.26;0
30.179;0
25.373;0
17.829;0
21.633;0
17.046;0
18.95;0
22.61;0
33.003;0
59.329;0
1.803;0
2.555;0
7.851;0
10.593;0
12.156;0
13.501;0
14.378;0
14.842;0
15.31;0
15.895;0
16.65;0
17.403;0
154.55;0
47.655;0
20.74;0
21.905;0
19.364;0
15.537;0
17.871;0
15.444;0
16.816;0.166
19.906;0
27.885;0
56.286;0
1.891;0
3.383;0
9.933;0
13.969;0
16.734;0
19.33;0
20.98;0
22.956;0
24.922;0
26.56;0
28.676;0
29.795;0
164.924;0
60.545;0
34.191;0
42.534;0
41.602;0
33.421;0
38.821;0
33.442;0
34.474;0
38.58;0
45.833;0
71.243;0
2.2;0
4.88;0
11.68;0
14.278;0
16.017;0
17.21;0
18.153;0
18.572;0
19.27;0
20.281;0
21.28;0
21.572;0
157.239;0
51.524;0
25.537;0
29.628;0
28.487;0
22.457;0
26.75;0
21.759;0
23.362;0
25.835;0
33.053;0
58.387;0
1.834;0
2.286;0
7.302;0
10.258;0
11.942;0
13.223;0
14.393;0
15.159;0
15.83;0
16.397;0
16.76;0
17.115;0
17.574;0
17.961;0
17.264;0
15.489;0
14.162;0
13.521;0
13.462;0
14.872;0
17.871;0
20.499;0
22.458;0
24.066;0
25.283;0
26.078;0
26.59;0
27.215;0
27.829;0
28.395;0
29.933;0
31.587;0
32.515;0
33.925;0
34.552;0
34.822;0
35.536;0
34.221;0
28.293;0
21.519;0
17.358;0
8.041;0
6.817;0
9.174;0
12.871;0
22.224;0
31.606;0
35.338;0
36.16;0
35.676;0
36.91;0
39.803;0
41.197;0
42.095;0
44.411;0
46.81;0
47.456;0
46.824;0
46;0
46.299;0
180.749;0
76.461;0
41.771;0
41.46;0
34.583;0
22.14;0
23.951;0
19.328;0
23.015;0
31.775;0
46.806;0
74.574;0
2.226;0
7.988;0
22.026;0
28.262;0
30.781;0
33.913;0
35.923;0
36.94;0
37.835;0
38.473;0
38.574;0
38.446;0
172.899;0
67.891;0
36.482;0
36.02;0
28.211;0
19.194;0.257
17.779;0.029
16.739;1.035
20.262;0.65
24.718;0
37.68;0
68.08;0
2.27;0
5.937;0
16.642;0
21.481;0
25.068;0
27.895;0
30.39;0
32.328;0
34.526;0
36.323;0
36.102;0
37.732;0
174.091;0
70.069;0
38.57;0
40.976;0
37.842;0
28.598;0
27.398;0
22.252;0
26.019;0
30.81;0
40.165;0
65.696;0
2.083;0
3.999;0
10.432;0
12.892;0
13.451;0
14.274;0
14.783;0
14.697;0
14.065;0
13.691;0
13.393;0
12.887;0
147.291;0
42.177;0
16.724;0
15.844;0
13.697;0
10.493;0.091
13.44;0
9.7;0.248
9.583;1.272
10.963;0.423
15.587;0
37.75;0
1.287;0
1.23;0
1.289;0
1.449;0
2.106;0
3.091;0
3.339;0
3.431;0
3.601;0
3.83;0
4.016;0
4.392;0
122.218;0
27.311;0
9.825;0
9.164;0
7.352;0.343
5.562;2.599
6.204;0.237
5.942;2.199
6.754;2.817
8.065;1.119
11.372;0
26.335;0
1.156;0
1.103;0
1.155;0
1.19;0
1.265;0
1.27;0
1.447;0
1.439;0
1.869;0
3.4;0
4.07;0
4.35;0
4.955;0
5.17;0
4.882;0
4.436;0
4.071;0
4.546;0
5.377;0
5.817;0
6.479;0
7.195;0
7.7;0
7.907;0
8.063;0
8.069;0
7.965;0
8.377;0
8.742;0
8.694;0
8.647;0
8.766;0
8.975;0
9.236;0
9.445;0
9.773;0
10.163;0
10.22;0
9.111;0
6.907;0
5.293;0
3.833;0
4.416;0
5.686;0
7.839;0
12.279;0
15.078;0
15.337;0
16.187;0
17.393;0
18.815;0
19.902;0
21.09;0
22.287;0
23.176;0
23.488;0
23.378;0
22.83;0
22.963;0
23.995;0
163.771;0
56.598;0
25.992;0
23.791;0
19.837;0
13.755;0.269
18.383;0
16.227;0
19.007;0.016
22.834;0
34.319;0
59.657;0
1.475;0
1.511;0
6.899;0
12.445;0
14.32;0
15.406;0
16.463;0
17.778;0
18.592;0
19.268;0
20.072;0
21.24;0
161.14;0
55.179;0
26.688;0
26.454;0
23.59;0
17.428;0.098
16.529;0
15.076;0.379
17.768;0.545
22.959;0
33.624;0
61.313;0
1.771;0
3.524;0
11.255;0
16.072;0
19.062;0
20.511;0
21.423;0
22.563;0
23.534;0
24.702;0
25.95;0
27.138;0
164.138;0
59.743;0
34.514;0
42.936;0
42.656;0
34.57;0
39.372;0
34.337;0
37.037;0
41.639;0
49.782;0
76.638;0
2.284;0
7.323;0
17.224;0
21.387;0
24.488;0
26.594;0
28.314;0
29.725;0
30.758;0
31.918;0
33.557;0
34.66;0
169.52;0
66.901;0
41.242;0
50.152;0
49.501;0
40.99;0
46.923;0
41.01;0
42.622;0
47.017;0
54.62;0
81.718;0
2.563;0
9.504;0
19.165;0
23.077;0
25.51;0
27.132;0
28.336;0
29.337;0
29.96;0
30.999;0
32.029;0
32.95;0
167.671;0
64.891;0
38.893;0
47.914;0
47.48;0
39.65;0
46.132;0
39.676;0
40.373;0
44.19;0
52.06;0
79.205;0
2.571;0
8.445;0
18.106;0
22.169;0
24.983;0
26.792;0
28.039;0
29.754;0
31.226;0
32.321;0
33.248;0
33.945;0
34.878;0
35.254;0
34.111;0
31.56;0
26.107;0
16.685;0
11.301;0
11.222;0
15.036;0
23.544;0
29.851;0
31.718;0
32.857;0
34.662;0
35.594;0
36.197;0
37.553;0
38.343;0
39.178;0
40.797;0
41.707;0
42.316;0
42.835;0
43.024;0
43.458;0
43.477;0
41.115;0
37.419;0
34.706;0
34.04;0
32.542;0
34.464;0
39.304;0
42.504;0
44.771;0
46.129;0
46.614;0
46.846;0
47.217;0
47.891;0
48.301;0
48.53;0
48.145;0
48.372;0
48.782;0
48.168;0
48.466;0
48.902;0
182.967;0
80.182;0
45.337;0
47.378;0
42.92;0
30.14;0
31.592;0
26.55;0
31.158;0
43.582;0
57.344;0
87.178;0
2.612;0
10.908;0
23.465;0
28.129;0
29.892;0
31.626;0
33.322;0
34.033;0
34.659;0
35.203;0
35.966;0
36.369;0
173.067;0
68.99;0
40.814;0
45.87;0
43.937;0
36.053;0
43.715;0
36.64;0
36.774;0
41.693;0
52.518;0
81.293;0
2.57;0
8.222;0
20.25;0
27.009;0
28.771;0
31.574;0
33.974;0
34.453;0
35.328;0
37.876;0
40.135;0
40.706;0
175.428;0
72.38;0
44.551;0
51.415;0
49.973;0
41.45;0
48.15;0
38.834;0
38.228;0
42.247;0
51.13;0
78.827;0
2.56;0
7.621;0
17.631;0
21.42;0
23.874;0
25.555;0
26.616;0
27.348;0
27.977;0
28.608;0
29.12;0
29.211;0
165.319;0
60.382;0
34.182;0
39.209;0
38.053;0
31.922;0
39.437;0
31.394;0
31.271;0
34.987;0
44.672;0
71.207;0
2.34;0
5.162;0
13.705;0
17.197;0
19.372;0
20.789;0
21.924;0
23.378;0
24.326;0
25.232;0
25.807;0
26.383;0
163.765;0
59.07;0
32.003;0
35.68;0
34.178;0
28.705;0
35.732;0
28.419;0
29.103;0
31.966;0
40.699;0
66.439;0
2.176;0
3.81;0
10.151;0
13.518;0
15.429;0
16.709;0
17.234;0
17.77;0
18.386;0
18.978;0
19.442;0
19.55;0
19.353;0
19.062;0
17.49;0
13.753;0
10.8;0
9.562;0
10.001;0
11.781;0
14.287;0
17.529;0
19.32;0
20.252;0
21.1;0
22.446;0
23.681;0
23.879;0
23.888;0
23.727;0
23.911;0
23.854;0
24.256;0
24.503;0
24.391;0
24.435;0
24.126;0
23.54;0
22.852;0
20.863;0
18.28;0
16.615;0
16.007;0
16.387;0
17.428;0
17.829;0
17.979;0
18.024;0
16.93;0
15.535;0
14.997;0
14.705;0
14.539;0
13.925;0
14.394;0
16.334;0
18.622;0
21.38;0
23.441;0
24.505;0
165.973;0
58.689;0
27.803;0
26.359;0
25.208;0
18.76;0
24.442;0
18.059;0
18.135;0
22.925;0
36.435;0
62.311;0
1.612;0
1.522;0
4.754;0
8.269;0
10.154;0
11.304;0
12.347;0
13.137;0
13.811;0
14.575;0
15.068;0
15.464;0
155.365;0
47.421;0
20.508;0
19.487;0
16.787;0
12.743;0
16.753;0
11.877;0
11.291;0.724
12.92;0.132
19.562;0
44.765;0
1.226;0
1.13;0
1.201;0
2.05;0
3.719;0
4.527;0
5.256;0
5.94;0
6.43;0
6.949;0
7.528;0
8.154;0
140.364;0
37.447;0
14.841;0
16.837;0
16.852;0
14.421;0
18.566;0
14.868;0
15.612;0.218
17.828;0
22.073;0
45.534;0
1.361;0
1.164;0
1.674;0
3.793;0
4.325;0
5.435;0
7.662;0
9.519;0
10.698;0
10.953;0
11.562;0
12.708;0
145.95;0
41.645;0
18.109;0
19.975;0
17.359;0
13.93;0.553
14.443;0
12.81;0.632
14.825;0.122
17.862;0
22.037;0
46.081;0
1.521;0
1.337;0
4.496;0
7.155;0
8.909;0
9.965;0
10.955;0
12.1;0
14.126;0
16.477;0
17.971;0
19.15;0
153.55;0
47.76;0
21.234;0
20.872;0
15.827;0
10.481;0.69
9.081;0.147
9.313;1.571
10.481;1.37
11.12;0.53
12.488;0
29.576;0
1.24;0
1.126;0
1.746;0
4.876;0
6.353;0
8.726;0
10.433;0
12.129;0
13.099;0
13.916;0
14.254;0
14.335;0
14.322;0
14.048;0
13.306;0
11.911;0
10.479;0
9.472;0
9.279;0
9.904;0
11.388;0
12.736;0
13.351;0
13.677;0
13.774;0
13.762;0
13.672;0
13.449;0
13.2;0
13.178;0
13.926;0
15.698;0
17.606;0
18.303;0
19.245;0
20.69;0
21.087;0
20.886;0
19.656;0
15.177;0
13.853;0
13.247;0
14.272;0
16.48;0
18.075;0
20.735;0
22.922;0
24.347;0
25.042;0
25.586;0
26.009;0
26.603;0
27.596;0
29.141;0
30.703;0
31.973;0
34.098;0
35.706;0
37.151;0
38.593;0
174.643;0
68.269;0
35.825;0
38.6;0
33.486;0
21.634;0
23.393;0
20.204;0
23.689;0
31.326;0
45.574;0
73.486;0
1.844;0
4.577;0
15.589;0
21.661;0
24.183;0
25.477;0
26.509;0
27.556;0
28.858;0
29.987;0
31.143;0
32.282;0
168.79;0
64.87;0
36.455;0
38.481;0
34.735;0
23.971;0
31.92;0
28.884;0
29.665;0
33.609;0
43.55;0
69.45;0
1.889;0
3.864;0
12.68;0
17.969;0
21.541;0
23.29;0
23.802;0
24.221;0
24.665;0
25.286;0
26.19;0
26.607;0
162.727;0
57.275;0
31.35;0
36.46;0
35.566;0
29.074;0
35.986;0
27.574;0
27.615;0
30.799;0
39.99;0
65.848;0
1.868;0
3.108;0
9.531;0
13.413;0
15.152;0
16.552;0
17.869;0
18.839;0
19.305;0
19.662;0
20.254;0
21.129;0
158.262;0
52.406;0
26.713;0
31.156;0
30.236;0
23.383;0
27.159;0
20.599;0
20.973;0
23.344;0
31.958;0
58.442;0
1.806;0
2.939;0
9.427;0
13.197;0
14.739;0
15.911;0
16.799;0
17.886;0
18.383;0
18.937;0
19.583;0
20.44;0
156.827;0
51.729;0
25.915;0
28.429;0
27.342;0
21.435;0
23.41;0
19.553;0
21.343;0
24.27;0
31.313;0
56.197;0
1.713;0
1.839;0
5.816;0
8.767;0
9.841;0
10.449;0
11.159;0
12.168;0
12.71;0
13.116;0
13.498;0
13.915;0
14.444;0
14.787;0
13.098;0
10.275;0
9.313;0
8.5;0
7.872;0
8.517;0
10.47;0
12.368;0
13.87;0
14.577;0
15.002;0
14.993;0
15.11;0
15.523;0
15.482;0
15.045;0
15.264;0
16.495;0
17.37;0
18.475;0
19.185;0
19.862;0
21.184;0
22.094;0
18.901;0
13.865;0
12.789;0
11.917;0
10.977;0
12.647;0
17.352;0
21.071;0
22.553;0
22.196;0
20.868;0
18.627;0
17.568;0
18.849;0
19.856;0
19.677;0
19.468;0
19.158;0
18.871;0
19.077;0
20.064;0
21.442;0
163.103;0
58.223;0
30.519;0
33.55;0
32.275;0
24.99;0
30.893;0
17.385;0
14.332;0
16.217;0
28.259;0
53.823;0
1.215;0
1.107;0
1.218;0
3.385;0
4.98;0
7.319;0
8.735;0
9.889;0
10.565;0
11.041;0
11.438;0
12.167;0
152.265;0
45.96;0
20.752;0
23.244;0
22.58;0
18.592;0
25.348;0
19.51;0
20.183;0
21.938;0
31.077;0
56.507;0
1.458;0
1.346;0
4.941;0
8.554;0
11.092;0
13.165;0
14.938;0
15.791;0
16.557;0
17.309;0
17.626;0
18.442;0
157.336;0
52.977;0
28.566;0
33.434;0
29.859;0
20.327;0
22.784;0
19.345;0
20.602;0
23.034;0
30.273;0
55.512;0
1.523;0
1.631;0
5.891;0
9.461;0
11.291;0
12.902;0
14.327;0
14.938;0
15.218;0
15.57;0
16.142;0
16.932;0
153.666;0
49.362;0
24.642;0
28.229;0
24.866;0
16.992;0
18.639;0
15.487;0
16.077;0.033
18.457;0
23.586;0
47.375;0
1.382;0
1.24;0
3.457;0
6.261;0
8.229;0
9.394;0
10.421;0
10.845;0
11.123;0
11.57;0
12.008;0
12.681;0
145.529;0
43.01;0
20.028;0
23.195;0
20.439;0
14.177;0
15.454;0
12.092;0
12.464;0.81
14.019;0.121
18.182;0
39.329;0
1.227;0
1.109;0
1.609;0
5.119;0
8.446;0
