cooling,heating
0.0,1006.64
0.0,1006.64
0.0,1006.64
0.0,1006.64
0.0,1006.64
0.0,1006.64
0.0,1006.64
0.0,1006.64
0.0,1006.64
0.0,1006.64
0.0,1006.64
0.0,1006.64
0.0,1006.64
0.0,1006.64
0.0,1006.64
0.0,1006.64
0.0,1006.64
0.0,1006.64
0.0,1006.64
0.0,1006.64
0.0,1006.64
0.0,1006.64
0.0,1006.64
0.0,1006.64
0.0,996.111
0.0,985.669
0.0,975.72
0.0,967.838
0.0,961.002
0.0,955.126
0.0,949.629
0.0,944.015
0.0,942.444
0.0,937.441
0.0,929.733
0.0,917.661
0.0,904.63
0.0,890.435
0.0,877.869
0.0,868.416
0.0,861.056
0.0,854.715
0.0,848.869
0.0,844.447
0.0,841.306
0.0,838.455
0.0,835.954
0.0,830.951
0.0,823.853
0.0,815.796
0.0,808.408
0.0,798.256
0.0,785.254
0.0,769.459
0.0,751.774
0.0,734.408
0.0,719.748
0.0,709.247
0.0,700.666
0.0,692.842
0.0,686.355
0.0,681.003
0.0,676.145
0.0,671.433
0.0,669.688
0.0,672.335
0.0,679.345
0.0,685.337
0.0,691.504
0.0,698.019
0.0,704.273
0.0,712.883
0.0,721.93
0.0,729.231
0.0,733.681
0.0,737.637
0.0,742.407
0.0,747.12
0.0,752.035
0.0,752.734
0.0,753.693
0.0,754.799
0.0,757.068
0.0,760.122
0.0,763.612
0.0,765.765
0.0,766.027
0.0,763.322
0.0,757.329
0.0,747.352
0.0,733.565
0.0,719.021
0.0,704.361
0.0,691.184
0.0,681.236
0.0,673.964
0.0,670.793
0.0,671.637
0.0,675.593
0.0,682.05
0.0,689.759
0.0,698.572
0.0,708.433
0.0,718.352
0.0,724.286
0.0,728.125
0.0,731.441
0.0,736.154
0.0,741.622
0.0,748.05
0.0,754.77
0.0,761.169
0.0,766.434
0.0,769.983
0.0,772.135
0.0,772.804
0.0,774.317
0.0,775.364
0.0,773.706
0.0,769.895
0.0,764.398
0.0,757.882
0.0,750.348
0.0,741.622
0.0,732.343
0.0,723.413
0.0,714.338
0.0,707.153
0.0,704.39
0.0,703.372
0.0,702.383
0.0,700.114
0.0,697.99
0.0,696.681
0.0,696.071
0.0,697.641
0.0,700.812
0.0,705.728
0.0,711.778
0.0,717.741
0.0,722.395
0.0,726.322
0.0,730.598
0.0,735.455
0.0,740.662
0.0,745.782
0.0,750.872
0.0,756.34
0.0,762.565
0.0,769.575
0.0,777.4
0.0,786.388
0.0,794.853
0.0,802.386
0.0,809.135
0.0,816.029
0.0,821.468
0.0,825.569
0.0,828.449
0.0,830.863
0.0,834.877
0.0,842.091
0.0,851.167
0.0,858.555
0.0,863.442
0.0,866.816
0.0,870.335
0.0,873.942
0.0,876.386
0.0,876.851
0.0,874.175
0.0,868.328
0.0,860.795
0.0,853.174
0.0,845.64
0.0,836.419
0.0,828.158
0.0,821.701
0.0,816.145
0.0,810.764
0.0,806.226
0.0,801.746
0.0,798.809
0.0,796.54
0.0,793.544
0.0,787.93
0.0,781.152
0.0,777.865
0.0,777.225
0.0,778.214
0.0,779.407
0.0,780.745
0.0,782.839
0.0,786.272
0.0,792.235
0.0,800.525
0.0,809.426
0.0,817.279
0.0,823.65
0.0,832.405
0.0,838.775
0.0,841.8
0.0,842.76
0.0,843.022
0.0,842.644
0.0,842.644
0.0,842.295
0.0,842.062
0.0,842.44
0.0,843.022
0.0,844.447
0.0,845.0
0.0,846.164
0.0,847.996
0.0,850.439
0.0,853.523
0.0,857.595
0.0,861.871
0.0,864.46
0.0,865.565
0.0,865.652
0.0,864.489
0.0,862.685
0.0,859.893
0.0,859.718
0.0,863.674
0.0,871.354
0.0,879.12
0.0,885.985
0.0,890.551
0.0,893.518
0.0,894.624
0.0,894.915
0.0,894.217
0.0,890.901
0.0,886.276
0.0,880.662
0.0,873.535
0.0,864.431
0.0,853.028
0.0,841.393
0.0,830.776
0.0,821.73
0.0,815.156
0.0,810.735
0.0,809.426
0.0,810.066
0.0,810.851
0.0,809.775
0.0,804.742
0.0,799.187
0.0,794.3
0.0,791.391
0.0,789.995
0.0,788.802
0.0,789.471
0.0,788.831
0.0,787.435
0.0,786.65
0.0,787.406
0.0,785.69
0.0,782.549
0.0,778.564
0.0,773.619
0.0,766.579
0.0,757.359
0.0,747.847
0.0,736.648
0.0,724.606
0.0,711.051
0.0,696.885
0.0,682.952
0.0,670.008
0.0,660.816
0.0,650.17
0.0,641.153
0.0,630.885
0.0,621.344
0.0,613.141
0.0,605.637
0.0,599.761
0.0,595.31
0.0,592.664
0.0,591.238
0.0,593.42
0.0,597.463
0.0,603.92
0.0,612.88
0.0,623.235
0.0,631.263
0.0,636.382
0.0,639.728
0.0,643.131
0.0,647.319
0.0,652.526
0.0,657.267
0.0,662.794
0.0,667.681
0.0,673.76
0.0,679.84
0.0,687.664
0.0,696.361
0.0,705.379
0.0,713.785
0.0,721.115
0.0,726.845
0.0,731.732
0.0,736.037
0.0,740.226
0.0,745.054
0.0,749.272
0.0,753.315
0.0,757.562
0.0,765.212
0.0,775.626
0.0,787.784
0.0,799.158
0.0,809.135
0.0,817.454
0.0,825.628
0.0,832.696
0.0,839.008
0.0,844.564
0.0,849.945
0.0,855.181
0.0,860.242
0.0,865.303
0.0,869.608
0.0,873.855
0.0,879.265
0.0,884.792
0.0,889.242
0.0,893.838
0.0,898.754
0.0,904.252
0.0,909.924
0.0,915.625
0.0,921.414
0.0,927.813
0.0,934.91
0.0,942.444
0.0,950.414
0.0,958.791
0.0,967.634
0.0,975.779
0.0,983.196
0.0,989.828
0.0,995.675
0.0,1001.23
0.0,1006.79
0.0,1011.53
0.0,1016.62
0.0,1021.33
0.0,1025.84
0.0,1029.82
0.0,1035.23
0.0,1039.98
0.0,1043.99
0.0,1047.48
0.0,1050.74
0.0,1053.73
0.0,1056.58
0.0,1059.61
0.0,1063.25
0.0,1067.84
0.0,1073.25
0.0,1079.51
0.0,1086.37
0.0,1090.56
0.0,1094.2
0.0,1098.41
0.0,1102.57
0.0,1106.64
0.0,1110.43
0.0,1114.56
0.0,1118.57
0.0,1123.81
0.0,1129.33
0.0,1134.39
0.0,1137.86
0.0,1140.5
0.0,1143.09
0.0,1145.65
0.0,1148.47
0.0,1151.59
0.0,1155.16
0.0,1158.89
0.0,1162.23
0.0,1164.24
0.0,1164.65
0.0,1161.39
0.0,1155.13
0.0,1151.99
0.0,1149.96
0.0,1147.54
0.0,1143.99
0.0,1138.64
0.0,1131.75
0.0,1124.36
0.0,1115.34
0.0,1105.1
0.0,1094.6
0.0,1085.44
0.0,1077.73
0.0,1070.98
0.0,1065.25
0.0,1060.77
0.0,1056.47
0.0,1052.28
0.0,1046.58
0.0,1039.74
0.0,1032.41
0.0,1025.96
0.0,1021.71
0.0,1020.92
0.0,1018.3
0.0,1015.77
0.0,1013.68
0.0,1010.57
0.0,1006.38
0.0,1002.1
0.0,998.234
0.0,994.424
0.0,991.748
0.0,990.032
0.0,990.032
0.0,991.341
0.0,994.453
0.0,999.66
0.0,1005.51
0.0,1010.51
0.0,1014.67
0.0,1017.67
0.0,1020.14
0.0,1021.04
0.0,1019.24
0.0,1014.99
0.0,1007.16
0.0,996.606
0.0,990.643
0.0,983.545
0.0,977.204
0.0,973.161
0.0,971.357
0.0,969.758
0.0,969.379
0.0,970.194
0.0,971.299
0.0,971.183
0.0,968.856
0.0,964.173
0.0,955.185
0.0,941.513
0.0,924.293
0.0,904.746
0.0,884.501
0.0,864.518
0.0,845.873
0.0,828.536
0.0,814.167
0.0,802.154
0.0,793.34
0.0,787.435
0.0,781.56
0.0,777.225
0.0,771.117
0.0,763.758
0.0,755.991
0.0,750.057
0.0,744.967
0.0,741.622
0.0,737.637
0.0,734.35
0.0,731.732
0.0,730.249
0.0,730.918
0.0,734.205
0.0,739.819
0.0,747.905
0.0,757.533
0.0,768.092
0.0,779.552
0.0,792.7
0.0,806.546
0.0,820.566
0.0,833.714
0.0,846.134
0.0,857.595
0.0,867.136
0.0,875.309
0.0,882.843
0.0,889.795
0.0,896.427
0.0,902.012
0.0,904.892
0.0,908.47
0.0,913.211
0.0,918.767
0.0,921.472
0.0,920.832
0.0,919.203
0.0,916.934
0.0,913.647
0.0,909.517
0.0,904.455
0.0,897.911
0.0,888.341
0.0,875.455
0.0,860.242
0.0,843.138
0.0,825.715
0.0,809.775
0.0,796.511
0.0,785.428
0.0,775.015
0.0,765.59
0.0,756.195
0.0,746.916
0.0,737.899
0.0,728.794
0.0,719.254
0.0,708.666
0.0,699.881
0.0,692.231
0.0,687.432
0.0,685.017
0.0,683.97
0.0,683.563
0.0,681.527
0.0,676.96
0.0,671.84
0.0,667.797
0.0,665.267
0.0,664.278
0.0,663.754
0.0,661.602
0.0,659.42
0.0,657.413
0.0,656.482
0.0,656.104
0.0,655.435
0.0,654.882
0.0,654.242
0.0,653.864
0.0,654.533
0.0,657.238
0.0,662.94
0.0,670.619
0.0,678.065
0.0,684.174
0.0,691.358
0.0,699.852
0.0,711.109
0.0,725.944
0.0,742.087
0.0,757.998
0.0,773.473
0.0,789.442
0.0,804.888
0.0,819.955
0.0,830.602
0.0,837.873
0.0,844.593
0.0,850.498
0.0,856.519
0.0,862.394
0.0,867.863
0.0,872.924
0.0,877.52
0.0,881.302
0.0,883.745
0.0,886.043
0.0,887.497
0.0,888.603
0.0,889.446
0.0,890.522
0.0,891.075
0.0,891.017
0.0,893.315
0.0,897.183
0.0,901.459
0.0,905.386
0.0,909.837
0.0,917.225
0.0,925.137
0.0,933.601
0.0,940.466
0.0,946.284
0.0,951.374
0.0,955.766
0.0,960.362
0.0,965.336
0.0,970.805
0.0,976.739
0.0,982.411
0.0,987.443
0.0,991.05
0.0,994.918
0.0,997.391
0.0,997.914
0.0,999.253
0.0,1001.4
0.0,1003.21
0.0,1005.62
0.0,1008.68
0.0,1012.46
0.0,1016.24
0.0,1017.37
0.0,1017.99
0.0,1018.97
0.0,1020.22
0.0,1021.97
0.0,1024.7
0.0,1028.4
0.0,1032.97
0.0,1036.14
0.0,1037.5
0.0,1038.49
0.0,1039.34
0.0,1039.51
0.0,1039.51
0.0,1038.4
0.0,1037.59
0.0,1037.44
0.0,1038.96
0.0,1040.5
0.0,1042.13
0.0,1043.0
0.0,1042.33
0.0,1040.41
0.0,1038.46
0.0,1039.45
0.0,1041.49
0.0,1043.7
0.0,1045.97
0.0,1048.09
0.0,1049.63
0.0,1050.83
0.0,1051.17
0.0,1052.08
0.0,1054.55
0.0,1057.08
0.0,1060.89
0.0,1069.27
0.0,1077.82
0.0,1086.98
0.0,1095.71
0.0,1104.03
0.0,1109.96
0.0,1115.84
0.0,1121.65
0.0,1127.99
0.0,1135.76
0.0,1144.37
0.0,1152.78
0.0,1157.87
0.0,1160.14
0.0,1162.73
0.0,1165.14
0.0,1167.67
0.0,1170.38
0.0,1172.96
0.0,1175.67
0.0,1178.78
0.0,1181.25
0.0,1182.51
0.0,1181.78
0.0,1176.08
0.0,1170.81
0.0,1164.3
0.0,1157.0
0.0,1149.23
0.0,1140.65
0.0,1130.85
0.0,1120.29
0.0,1109.09
0.0,1097.77
0.0,1086.2
0.0,1075.06
0.0,1064.79
0.0,1060.28
0.0,1057.4
0.0,1055.16
0.0,1053.65
0.0,1052.45
0.0,1051.73
0.0,1050.83
0.0,1050.42
0.0,1051.15
0.0,1052.95
0.0,1055.71
0.0,1061.5
0.0,1068.25
0.0,1077.5
0.0,1087.88
0.0,1098.73
0.0,1109.99
0.0,1121.89
0.0,1133.67
0.0,1145.71
0.0,1157.66
0.0,1169.59
0.0,1181.05
0.0,1193.12
0.0,1198.18
0.0,1200.71
0.0,1202.75
0.0,1204.15
0.0,1205.16
0.0,1206.15
0.0,1208.1
0.0,1210.92
0.0,1214.56
0.0,1218.72
0.0,1222.82
0.0,1224.36
0.0,1225.12
0.0,1224.45
0.0,1223.49
0.0,1222.62
0.0,1222.27
0.0,1222.41
0.0,1223.17
0.0,1224.48
0.0,1226.14
0.0,1228.09
0.0,1230.24
0.0,1232.65
0.0,1240.04
0.0,1248.56
0.0,1256.65
0.0,1263.75
0.0,1269.74
0.0,1274.74
0.0,1278.64
0.0,1281.43
0.0,1284.08
0.0,1284.78
0.0,1284.57
0.0,1285.88
0.0,1287.31
0.0,1289.17
0.0,1291.32
0.0,1293.88
0.0,1296.73
0.0,1299.93
0.0,1303.57
0.0,1307.58
0.0,1312.18
0.0,1317.44
0.0,1323.44
0.0,1330.21
0.0,1339.9
0.0,1350.31
0.0,1360.49
0.0,1370.65
0.0,1380.56
0.0,1389.96
0.0,1398.92
0.0,1406.98
0.0,1412.97
0.0,1420.65
0.0,1430.57
0.0,1441.88
0.0,1456.77
0.0,1473.44
0.0,1491.68
0.0,1511.31
0.0,1531.59
0.0,1551.92
0.0,1572.25
0.0,1591.86
0.0,1610.97
0.0,1630.17
0.0,1648.9
0.0,1665.36
0.0,1675.25
0.0,1682.38
0.0,1688.02
0.0,1690.0
0.0,1688.6
0.0,1684.39
0.0,1680.02
0.0,1677.96
0.0,1679.91
0.0,1683.98
0.0,1687.47
0.0,1688.87
0.0,1686.36
0.0,1683.34
0.0,1681.33
0.0,1681.07
0.0,1681.13
0.0,1681.68
0.0,1681.88
0.0,1681.04
0.0,1678.13
0.0,1672.31
0.0,1663.01
0.0,1647.97
0.0,1630.63
0.0,1612.48
0.0,1595.29
0.0,1581.65
0.0,1570.91
0.0,1562.51
0.0,1553.32
0.0,1539.35
0.0,1518.09
0.0,1492.23
0.0,1464.1
0.0,1443.34
0.0,1422.92
0.0,1403.66
0.0,1384.52
0.0,1364.04
0.0,1343.68
0.0,1325.36
0.0,1310.23
0.0,1300.02
0.0,1289.96
0.0,1282.97
0.0,1285.88
0.0,1300.11
0.0,1317.62
0.0,1334.72
0.0,1351.48
0.0,1368.03
0.0,1384.05
0.0,1399.65
0.0,1415.35
0.0,1433.3
0.0,1454.74
0.0,1478.42
0.0,1503.69
0.0,1516.93
0.0,1527.95
0.0,1532.0
0.0,1530.72
0.0,1525.48
0.0,1517.57
0.0,1506.72
0.0,1492.06
0.0,1473.12
0.0,1455.9
0.0,1438.01
0.0,1413.35
0.0,1383.59
0.0,1359.16
0.0,1340.16
0.0,1324.1
0.0,1308.48
0.0,1294.35
0.0,1281.17
0.0,1268.58
0.0,1255.4
0.0,1240.36
0.0,1223.17
0.0,1204.26
0.0,1192.89
0.0,1182.48
0.0,1175.38
0.0,1169.3
0.0,1164.27
0.0,1160.25
0.0,1155.98
0.0,1151.18
0.0,1146.49
0.0,1142.19
0.0,1137.97
0.0,1134.51
0.0,1131.95
0.0,1128.2
0.0,1124.1
0.0,1120.17
0.0,1117.9
0.0,1117.17
0.0,1117.06
0.0,1116.77
0.0,1115.69
0.0,1113.48
0.0,1111.3
0.0,1109.23
0.0,1104.2
0.0,1099.81
0.0,1096.0
0.0,1093.0
0.0,1090.41
0.0,1087.53
0.0,1084.31
0.0,1081.54
0.0,1078.95
0.0,1075.81
0.0,1072.15
0.0,1067.73
0.0,1062.81
0.0,1059.76
0.0,1058.59
0.0,1058.77
0.0,1060.02
0.0,1061.3
0.0,1063.51
0.0,1066.15
0.0,1069.56
0.0,1074.36
0.0,1080.84
0.0,1088.0
0.0,1094.89
0.0,1101.93
0.0,1109.32
0.0,1116.33
0.0,1123.46
0.0,1131.19
0.0,1139.95
0.0,1149.75
0.0,1161.27
0.0,1174.07
0.0,1188.18
0.0,1203.25
0.0,1216.71
0.0,1229.8
0.0,1242.08
0.0,1252.99
0.0,1262.85
0.0,1271.75
0.0,1279.92
0.0,1288.24
0.0,1297.2
0.0,1307.87
0.0,1320.38
0.0,1335.19
0.0,1352.29
0.0,1372.71
0.0,1395.63
0.0,1420.27
0.0,1444.21
0.0,1466.72
0.0,1486.68
0.0,1506.78
0.0,1526.09
0.0,1544.85
0.0,1565.01
0.0,1586.62
0.0,1604.57
0.0,1619.37
0.0,1631.82
0.0,1639.88
0.0,1644.97
0.0,1647.76
0.0,1648.93
0.0,1649.28
0.0,1649.57
0.0,1650.24
0.0,1650.44
0.0,1650.85
0.0,1647.36
0.0,1638.43
0.0,1623.77
0.0,1605.15
0.0,1584.79
0.0,1564.08
0.0,1543.86
0.0,1522.4
0.0,1499.97
0.0,1476.79
0.0,1451.25
0.0,1423.73
0.0,1401.1
0.0,1379.98
0.0,1358.98
0.0,1340.77
0.0,1323.78
0.0,1308.22
0.0,1293.94
0.0,1280.01
0.0,1265.11
0.0,1247.84
0.0,1227.97
0.0,1204.55
0.0,1184.19
0.0,1164.7
0.0,1147.25
0.0,1131.57
0.0,1117.49
0.0,1104.4
0.0,1092.42
0.0,1080.55
0.0,1068.71
0.0,1056.96
0.0,1044.75
0.0,1031.86
0.0,1018.57
0.0,1007.02
0.0,997.653
0.0,990.148
0.0,986.076
0.0,983.778
0.0,982.003
0.0,980.52
0.0,979.793
0.0,979.124
0.0,980.055
0.0,982.091
0.0,980.956
0.0,979.909
0.0,978.891
0.0,977.495
0.0,975.982
0.0,974.382
0.0,973.452
0.0,971.852
0.0,970.223
0.0,968.245
0.0,966.354
0.0,965.278
0.0,964.754
0.0,964.144
0.0,963.911
0.0,964.609
0.0,964.958
0.0,966.18
0.0,968.187
0.0,970.397
0.0,971.765
0.0,972.375
0.0,971.008
0.0,968.536
0.0,967.518
0.0,966.878
0.0,966.471
0.0,966.529
0.0,966.936
0.0,967.198
0.0,966.529
0.0,966.471
0.0,967.43
0.0,969.612
0.0,972.346
0.0,976.215
0.0,982.091
0.0,987.996
0.0,993.726
0.0,998.758
0.0,1002.19
0.0,1003.94
0.0,1004.31
0.0,1003.73
0.0,1003.09
0.0,1003.15
0.0,1003.79
0.0,1005.45
0.0,1008.33
0.0,1011.53
0.0,1015.28
0.0,1020.81
0.0,1027.67
0.0,1035.82
0.0,1045.07
0.0,1055.19
0.0,1065.22
0.0,1075.35
0.0,1085.76
0.0,1095.3
0.0,1102.51
0.0,1107.37
0.0,1109.32
0.0,1109.73
0.0,1109.61
0.0,1109.44
0.0,1109.58
0.0,1110.02
0.0,1110.19
0.0,1109.44
0.0,1108.71
0.0,1108.45
0.0,1109.06
0.0,1109.67
0.0,1110.08
0.0,1108.01
0.0,1104.75
0.0,1101.55
0.0,1097.51
0.0,1091.64
0.0,1085.38
0.0,1077.47
0.0,1069.21
0.0,1059.78
0.0,1051.06
0.0,1043.52
0.0,1036.8
0.0,1032.01
0.0,1028.46
0.0,1026.51
0.0,1025.2
0.0,1024.91
0.0,1025.78
0.0,1029.24
0.0,1035.67
0.0,1044.75
0.0,1055.74
0.0,1068.74
0.0,1084.19
0.0,1102.83
0.0,1120.64
0.0,1136.84
0.0,1151.41
0.0,1163.71
0.0,1173.92
0.0,1184.05
0.0,1191.96
0.0,1198.71
0.0,1203.39
0.0,1207.29
0.0,1210.34
0.0,1212.55
0.0,1214.5
0.0,1214.47
0.0,1213.45
0.0,1211.24
0.0,1207.96
0.0,1204.06
0.0,1200.66
0.0,1195.97
0.0,1186.84
0.0,1175.5
0.0,1160.75
0.0,1144.2
0.0,1126.83
0.0,1109.32
0.0,1092.83
0.0,1080.06
0.0,1069.85
0.0,1059.67
0.0,1050.3
0.0,1041.49
0.0,1033.98
0.0,1026.28
0.0,1019.18
0.0,1011.12
0.0,1001.52
0.0,991.486
0.0,981.887
0.0,973.597
0.0,967.663
0.0,961.555
0.0,953.061
0.0,940.902
0.0,930.664
0.0,920.599
0.0,911.436
0.0,902.536
0.0,895.467
0.0,889.912
0.0,884.356
0.0,878.335
0.0,871.557
0.0,866.001
0.0,862.191
0.0,860.591
0.0,855.704
0.0,852.243
0.0,850.73
0.0,850.352
0.0,852.097
0.0,855.355
0.0,858.671
0.0,858.351
0.0,854.395
0.0,848.752
0.0,841.684
0.0,835.808
0.0,831.503
0.0,827.576
0.0,825.569
0.0,824.813
0.0,824.493
0.0,823.301
0.0,824.522
0.0,829.525
0.0,834.616
0.0,838.979
0.0,842.411
0.0,843.138
0.0,846.454
0.0,847.996
0.0,848.374
0.0,846.629
0.0,841.626
0.0,832.463
0.0,821.904
0.0,815.069
0.0,809.542
0.0,803.521
0.0,798.663
0.0,794.067
0.0,785.777
0.0,777.662
0.0,768.819
0.0,759.453
0.0,751.046
0.0,744.182
0.0,735.746
0.0,723.675
0.0,712.447
0.0,699.008
0.0,684.784
0.0,673.091
0.0,663.812
0.0,657.529
0.0,652.41
0.0,649.094
0.0,649.007
0.0,651.101
0.0,654.853
0.0,659.362
0.0,666.459
0.0,677.367
0.0,689.555
0.0,702.354
0.0,716.81
0.0,731.063
0.0,744.502
0.0,757.097
0.0,768.296
0.0,778.011
0.0,787.464
0.0,797.034
0.0,805.528
0.0,816.727
0.0,829.583
0.0,842.528
0.0,851.167
0.0,856.082
0.0,858.409
0.0,860.213
0.0,860.155
0.0,861.609
0.0,862.889
0.0,862.714
0.0,862.307
0.0,862.714
0.0,867.514
0.0,875.28
0.0,884.618
0.0,897.009
0.0,910.826
0.0,925.282
0.0,939.797
0.0,954.079
0.0,968.07
0.0,982.033
0.0,995.675
0.0,1009.14
0.0,1022.12
0.0,1033.75
0.0,1043.79
0.0,1047.57
0.0,1048.93
0.0,1046.03
0.0,1038.11
0.0,1027.18
0.0,1015.89
0.0,1004.81
0.0,992.65
0.0,979.415
0.0,961.177
0.0,940.379
0.0,921.501
0.0,900.005
0.0,877.433
0.0,854.89
0.0,832.521
0.0,809.775
0.0,787.784
0.0,764.747
0.0,741.971
0.0,720.242
0.0,698.194
0.0,675.011
0.0,655.9
0.0,640.28
0.0,625.096
0.0,612.647
0.0,602.437
0.0,592.954
0.0,583.472
0.0,574.6
0.0,565.612
0.0,556.042
0.0,547.752
0.0,540.509
0.0,532.975
0.0,526.809
0.0,520.148
0.0,513.487
0.0,507.495
0.0,503.335
0.0,499.204
0.0,495.656
0.0,494.609
0.0,494.87
0.0,494.434
0.0,493.649
0.0,490.885
0.0,492.369
0.0,492.66
0.0,494.696
0.0,499.321
0.0,505.691
0.0,513.167
0.0,518.693
0.0,525.093
0.0,531.55
0.0,538.095
0.0,545.425
0.0,544.436
0.0,544.261
0.0,545.599
0.0,547.403
0.0,550.457
0.0,554.5
0.0,558.689
0.0,562.79
0.0,564.012
0.0,563.634
0.0,563.576
0.0,565.641
0.0,566.63
0.0,564.507
0.0,565.466
0.0,563.576
0.0,559.94
0.0,554.5
0.0,547.577
0.0,541.673
0.0,533.935
0.0,525.616
0.0,521.864
0.0,520.409
0.0,527.972
0.0,535.273
0.0,543.214
0.0,551.504
0.0,558.747
0.0,564.623
0.0,569.888
0.0,574.367
0.0,578.323
0.0,580.505
0.0,581.785
0.0,580.679
0.0,579.807
0.0,580.272
0.0,583.006
0.0,589.202
0.0,598.859
0.0,611.367
0.0,624.515
0.0,636.964
0.0,648.657
0.0,658.111
0.0,659.594
0.0,655.58
0.0,648.279
0.0,638.593
0.0,627.016
0.0,614.276
0.0,600.343
0.0,585.624
0.0,570.615
0.0,557.525
0.0,547.345
0.0,540.073
0.0,535.273
0.0,532.888
0.0,534.75
0.0,540.189
0.0,546.356
0.0,552.784
0.0,558.369
0.0,563.023
0.0,565.205
0.0,565.67
0.0,565.786
0.0,568.957
0.0,577.131
0.0,588.911
0.0,602.728
0.0,618.115
0.0,634.957
0.0,651.217
0.0,665.79
0.0,689.119
0.0,714.105
0.0,737.841
0.0,757.998
0.0,772.688
0.0,783.712
0.0,790.78
0.0,791.188
0.0,787.988
0.0,783.043
0.0,775.946
0.0,766.521
0.0,754.886
0.0,745.491
0.0,738.102
0.0,732.372
0.0,730.889
0.0,724.606
0.0,715.065
0.0,702.877
0.0,689.38
0.0,674.546
0.0,660.351
0.0,648.454
0.0,628.412
0.0,607.586
0.0,587.835
0.0,570.15
0.0,556.449
0.0,545.803
0.0,539.084
0.0,539.346
0.0,531.085
0.0,520.933
0.0,511.974
0.0,501.124
0.0,490.304
0.0,479.919
0.0,471.658
0.0,463.979
0.0,451.384
0.0,441.523
0.0,432.652
0.0,423.14
0.0,412.465
0.0,400.597
0.0,389.165
0.0,378.141
0.0,367.408
0.0,357.082
0.0,347.57
0.0,338.902
0.0,330.699
0.0,322.234
0.0,313.45
0.0,302.28
0.0,302.135
0.0,307.225
0.0,314.759
0.0,327.528
0.0,343.41
0.0,356.936
0.0,367.32
0.0,375.756
0.0,382.795
0.0,389.282
0.0,397.048
0.0,406.182
0.0,416.566
0.0,428.405
0.0,440.476
0.0,452.635
0.0,464.823
0.0,477.069
0.0,489.402
0.0,502.637
0.0,517.588
0.0,535.593
0.0,555.053
0.0,567.299
0.0,569.597
0.0,565.117
0.0,557.671
0.0,551.155
0.0,547.927
0.0,549.41
0.0,552.581
0.0,556.449
0.0,560.231
0.0,561.016
0.0,557.845
0.0,555.635
0.0,552.435
0.0,549.148
0.0,544.872
0.0,538.415
0.0,531.637
0.0,524.744
0.0,516.919
0.0,506.505
0.0,493.183
0.0,477.214
0.0,460.198
0.0,449.813
0.0,448.243
0.0,450.657
0.0,452.868
0.0,453.217
0.0,449.93
0.0,444.927
0.0,440.767
0.0,437.771
0.0,436.375
0.0,439.516
0.0,447.312
0.0,456.038
0.0,467.732
0.0,481.635
0.0,498.39
0.0,515.988
0.0,529.281
0.0,541.702
0.0,554.617
0.0,572.709
0.0,594.903
0.0,618.464
0.0,639.757
0.0,652.526
0.0,659.216
0.0,662.852
0.0,665.587
0.0,667.012
0.0,667.186
0.0,666.168
0.0,663.987
0.0,661.282
0.0,659.333
0.0,658.402
0.0,657.064
0.0,656.075
0.0,656.279
0.0,656.715
0.0,655.697
0.0,654.097
0.0,655.115
0.0,655.028
0.0,653.457
0.0,648.454
0.0,641.124
0.0,632.252
0.0,623.787
0.0,617.97
0.0,612.443
0.0,606.364
0.0,599.528
0.0,592.693
0.0,586.293
0.0,579.923
0.0,573.64
0.0,567.212
0.0,560.871
0.0,554.268
0.0,547.025
0.0,536.582
0.0,523.406
0.0,507.698
0.0,491.816
0.0,477.883
0.0,466.83
0.0,458.423
0.0,452.286
0.0,446.323
0.0,440.244
0.0,434.717
0.0,429.714
0.0,423.664
0.0,419.097
0.0,414.588
0.0,409.41
0.0,402.895
0.0,394.925
0.0,386.053
0.0,376.687
0.0,367.466
0.0,358.711
0.0,350.624
0.0,343.178
0.0,337.855
0.0,333.288
0.0,330.844
0.0,329.361
0.0,328.052
0.0,325.58
0.0,321.245
0.0,314.788
0.0,305.247
0.0,293.845
0.0,281.075
0.0,269.266
0.0,264.001
0.0,262.488
0.0,262.226
0.0,264.175
0.0,267.462
0.0,272.116
0.0,277.643
0.0,283.373
0.0,288.667
0.0,291.14
0.0,289.569
0.0,287.213
0.0,289.569
0.0,290.761
0.0,290.151
0.0,287.242
0.0,283.286
0.0,278.37
0.0,274.414
0.0,271.127
0.0,269.876
0.0,269.178
0.0,269.527
0.0,269.527
0.0,271.418
0.0,274.269
0.0,278.05
0.0,283.286
0.0,291.518
0.0,301.524
0.0,313.683
0.0,327.325
0.0,341.781
0.0,355.714
0.0,369.124
0.0,380.439
0.0,385.268
0.0,389.427
0.0,392.627
0.0,395.565
0.0,398.299
0.0,401.47
0.0,404.262
0.0,407.083
0.0,409.527
0.0,411.97
0.0,413.599
0.0,415.083
0.0,416.304
0.0,418.602
0.0,423.024
0.0,427.241
0.0,430.296
0.0,432.477
0.0,432.623
0.0,431.285
0.0,428.434
0.0,425.7
0.0,423.14
0.0,421.366
0.0,419.911
0.0,418.922
0.0,418.515
0.0,419.591
0.0,421.395
0.0,424.972
0.0,429.045
0.0,434.833
0.0,441.872
0.0,449.348
0.0,457.696
0.0,465.666
0.0,468.633
0.0,467.732
0.0,463.746
0.0,458.074
0.0,451.035
0.0,443.094
0.0,435.066
0.0,427.329
0.0,420.464
0.0,415.548
0.0,414.385
0.0,416.595
0.0,420.9
0.0,427.939
0.0,437.48
0.0,448.679
0.0,461.012
0.0,472.356
0.0,483.992
0.0,494.172
0.0,503.393
0.0,513.225
0.0,522.853
0.0,529.572
0.0,531.23
0.0,528.67
0.0,524.424
0.0,519.362
0.0,513.952
0.0,508.716
0.0,503.102
0.0,497.285
0.0,491.234
0.0,484.37
0.0,475.382
0.0,465.608
0.0,459.732
0.0,456.445
0.0,453.304
0.0,449.377
0.0,445.567
0.0,442.629
0.0,439.487
0.0,436.317
0.0,432.943
0.0,428.23
0.0,422.413
0.0,416.741
0.0,410.574
0.0,399.433
0.0,388.642
0.0,379.712
0.0,371.887
0.0,364.47
0.0,357.518
0.0,350.711
0.0,344.254
0.0,338.291
0.0,335.644
0.0,331.979
0.0,330.932
0.0,326.918
0.0,321.885
0.0,315.661
0.0,308.621
0.0,301.582
0.0,295.328
0.0,289.656
0.0,284.537
0.0,279.766
0.0,274.996
0.0,270.633
0.0,268.364
0.0,269.731
0.0,271.069
0.0,270.749
0.0,269.469
0.0,267.578
0.0,265.484
0.0,263.099
0.0,260.481
0.0,259.347
0.0,258.358
0.0,258.532
0.0,249.835
0.0,240.76
0.0,232.033
0.0,224.412
0.0,217.053
0.0,208.908
0.0,201.375
0.0,194.452
0.0,188.023
0.0,182.38
0.0,180.053
0.0,180.315
0.0,183.02
0.0,190.699
0.0,200.066
0.0,210.566
0.0,221.271
0.0,233.08
0.0,245.181
0.0,257.427
0.0,269.673
0.0,279.912
0.0,288.522
0.0,297.393
0.0,308.098
0.0,319.035
0.0,330.146
0.0,341.141
0.0,351.788
0.0,363.51
0.0,373.574
0.0,378.577
0.0,379.915
0.0,381.806
0.0,385.18
0.0,388.06
0.0,389.136
0.0,389.66
0.0,390.416
0.0,391.405
0.0,392.627
0.0,392.452
0.0,390.94
0.0,389.427
0.0,387.595
0.0,385.355
0.0,382.446
0.0,380.09
0.0,380.352
0.0,382.33
0.0,385.122
0.0,388.496
0.0,392.801
0.0,396.263
0.0,399.23
0.0,405.105
0.0,413.512
0.0,420.755
0.0,422.907
0.0,422.093
0.0,417.031
0.0,408.829
0.0,398.037
0.0,386.315
0.0,378.287
0.0,371.247
0.0,367.699
0.0,365.866
0.0,366.942
0.0,370.026
0.0,371.684
0.0,370.607
0.0,367.204
0.0,361.096
0.0,352.631
0.0,342.392
0.0,330.554
0.0,317.755
0.0,305.102
0.0,293.088
0.0,281.366
0.0,270.342
0.0,260.859
0.0,253.529
0.0,251.144
0.0,252.831
0.0,257.02
0.0,261.906
0.0,262.314
0.0,262.546
0.0,260.045
0.0,255.216
0.0,247.421
0.0,237.502
0.0,228.397
0.0,219.845
0.0,212.021
0.0,203.789
0.0,194.51
0.0,185.144
0.0,176.679
0.0,167.924
0.0,158.383
0.0,149.104
0.0,140.465
0.0,131.768
0.0,123.478
0.0,116.787
0.0,116.613
0.0,120.249
0.0,128.539
0.0,141.425
0.0,160.623
0.0,182.09
0.0,203.818
0.0,225.343
0.0,247.333
0.0,268.829
0.0,287.736
0.0,305.364
0.0,325.667
0.0,344.312
0.0,361.91
0.0,378.374
0.0,394.314
0.0,409.381
0.0,423.111
0.0,435.56
0.0,446.032
0.0,454.409
0.0,460.43
0.0,464.735
0.0,470.117
0.0,473.578
0.0,474.276
0.0,471.484
0.0,463.048
0.0,452.257
0.0,446.236
0.0,443.501
0.0,441.087
0.0,440.854
0.0,442.832
0.0,446.265
0.0,447.69
0.0,450.133
0.0,454.264
0.0,459.383
0.0,464.27
0.0,470.698
0.0,479.861
0.0,490.565
0.0,502.666
0.0,516.221
0.0,531.259
0.0,546.588
0.0,559.591
0.0,573.349
0.0,587.224
0.0,601.361
0.0,616.341
0.0,632.048
0.0,642.753
0.0,650.286
0.0,657.442
0.0,662.532
0.0,665.907
0.0,668.554
0.0,671.666
0.0,676.262
0.0,682.05
0.0,688.74
0.0,696.1
0.0,703.633
0.0,710.934
0.0,717.799
0.0,724.373
0.0,730.947
0.0,737.841
0.0,742.96
0.0,740.924
0.0,737.113
0.0,731.5
0.0,725.1
0.0,717.596
0.0,709.364
0.0,702.295
0.0,695.518
0.0,687.315
0.0,679.287
0.0,674.546
0.0,672.771
0.0,667.739
0.0,660.554
0.0,652.148
0.0,642.956
0.0,633.096
0.0,622.886
0.0,612.53
0.0,602.844
0.0,593.449
0.0,583.152
0.0,571.546
0.0,560.463
0.0,554.093
0.0,549.904
0.0,550.166
0.0,552.551
0.0,557.293
0.0,563.518
0.0,569.131
0.0,574.222
0.0,577.974
0.0,578.12
0.0,572.767
0.0,562.238
0.0,550.573
0.0,540.655
0.0,531.143
0.0,521.398
0.0,511.305
0.0,500.339
0.0,489.169
0.0,477.185
0.0,465.608
0.0,455.427
0.0,446.876
0.0,441.872
0.0,442.28
0.0,444.665
0.0,446.265
0.0,446.177
0.0,444.461
0.0,441.087
0.0,437.858
0.0,435.095
0.0,435.735
0.0,440.418
0.0,446.817
0.0,454.206
0.0,463.397
0.0,471.629
0.0,478.349
0.0,484.108
0.0,489.896
0.0,498.186
0.0,507.582
0.0,518.228
0.0,529.049
0.0,539.462
0.0,548.625
0.0,553.191
0.0,549.963
0.0,540.945
0.0,526.809
0.0,510.665
0.0,493.94
0.0,477.854
0.0,461.768
0.0,445.421
0.0,427.998
0.0,411.534
0.0,399.143
0.0,390.474
0.0,381.254
0.0,373.865
0.0,367.815
0.0,362.376
0.0,357.489
0.0,351.613
0.0,344.981
0.0,337.447
0.0,329.332
0.0,321.333
0.0,314.177
0.0,308.36
0.0,304.636
0.0,303.007
0.0,303.153
0.0,304.491
0.0,306.265
0.0,308.33
0.0,311.065
0.0,315.341
0.0,320.256
0.0,324.532
0.0,327.848
0.0,330.554
0.0,333.171
0.0,335.295
0.0,338.582
0.0,343.73
0.0,349.286
0.0,354.464
0.0,360.223
0.0,366.477
0.0,373.429
0.0,380.817
0.0,388.235
0.0,394.198
0.0,398.27
0.0,401.12
0.0,403.331
0.0,404.786
0.0,405.513
0.0,404.902
0.0,403.128
0.0,400.568
0.0,397.659
0.0,394.925
0.0,392.394
0.0,391.987
0.0,392.801
0.0,391.405
0.0,387.827
0.0,385.588
0.0,387.449
0.0,391.667
0.0,395.594
0.0,397.484
0.0,400.073
0.0,402.691
0.0,405.047
0.0,405.367
0.0,402.168
0.0,399.346
0.0,396.903
0.0,395.448
0.0,393.936
0.0,394.11
0.0,395.07
0.0,396.001
0.0,397.892
0.0,399.637
0.0,400.19
0.0,398.503
0.0,396.146
0.0,395.361
0.0,395.216
0.0,392.278
0.0,384.482
0.0,373.778
0.0,362.696
0.0,353.591
0.0,343.294
0.0,332.531
0.0,322.002
0.0,316.271
0.0,317.057
0.0,319.617
0.0,325.376
0.0,330.466
0.0,335.178
0.0,339.193
0.0,343.149
0.0,346.639
0.0,349.897
0.0,352.02
0.0,352.864
0.0,352.457
0.0,354.173
0.0,354.987
0.0,356.674
0.0,359.612
0.0,362.986
0.0,367.175
0.0,371.596
0.0,375.93
0.0,379.363
0.0,382.533
0.0,385.035
0.0,384.453
0.0,384.773
0.0,384.133
0.0,379.799
0.0,375.611
0.0,372.411
0.0,370.462
0.0,367.35
0.0,364.586
0.0,361.008
0.0,357.838
0.0,354.813
0.0,353.213
0.0,350.711
0.0,349.257
0.0,347.25
0.0,344.428
0.0,341.84
0.0,338.436
0.0,333.142
0.0,328.285
0.0,325.26
0.0,322.147
0.0,320.053
0.0,316.737
0.0,309.668
0.0,301.146
0.0,292.914
0.0,284.478
0.0,276.247
0.0,266.735
0.0,259.114
0.0,251.115
0.0,243.436
0.0,241.283
0.0,239.625
0.0,236.571
0.0,232.644
0.0,229.503
0.0,227.815
0.0,227.554
0.0,228.572
0.0,231.859
0.0,238.578
0.0,246.315
0.0,254.751
0.0,265.31
0.0,277.381
0.0,297.306
0.0,327.121
0.0,345.737
0.0,365.43
0.0,386.14
0.0,407.607
0.0,428.783
0.0,448.359
0.0,468.488
0.0,487.395
0.0,500.862
0.0,513.632
0.0,527.972
0.0,544.174
0.0,560.841
0.0,578.265
0.0,595.95
0.0,612.618
0.0,626.696
0.0,637.43
0.0,644.411
0.0,647.698
0.0,647.785
0.0,644.294
0.0,633.212
0.0,613.054
0.0,602.99
0.0,590.249
0.0,575.822
0.0,559.852
0.0,543.098
0.0,525.762
0.0,507.844
0.0,490.449
0.0,473.142
0.0,458.976
0.0,446.061
0.0,431.401
0.0,416.886
0.0,401.964
0.0,387.042
0.0,372.876
0.0,360.718
0.0,350.915
0.0,343.498
0.0,338.727
0.0,335.906
0.0,334.8
0.0,329.768
0.0,320.925
0.0,312.665
0.0,304.375
0.0,294.979
0.0,284.246
0.0,272.407
0.0,260.423
0.0,248.555
0.0,237.327
0.0,226.507
0.0,215.948
0.0,205.563
0.0,194.946
0.0,182.584
0.0,168.011
0.0,151.198
0.0,135.316
0.0,119.318
0.0,102.854
0.0,84.7327
0.0,65.7966
0.0,45.7551
0.0,24.9573
0.0,8.52272
0.0,0.0
0.0,0.0
0.0,0.0
0.0,0.0
0.0,0.0
0.0,0.0
0.0,0.0
0.0,0.0
0.0,0.0
0.0,0.0
0.0,0.0
0.0,0.0
0.0,0.0
0.0,0.0
0.0,0.0
0.0,0.0
0.0,0.0
0.0,0.0
0.0,0.0
0.0,0.0
0.0,0.0
0.0,0.0
0.0,0.0
0.0,0.0
0.0,0.0
0.0,0.0
0.0,0.0
0.0,0.0
1473.27,0.0
1355.92,0.0
1262.23,0.0
1070.75,0.0
768.643,0.0
415.537,0.0
80.8295,0.0
0.0,0.0
0.0,0.0
0.0,0.0
0.0,0.0
0.0,0.0
0.0,0.0
0.0,0.0
0.0,0.0
0.0,0.0
0.0,0.0
0.0,0.0
131.393,0.0
335.053,0.0
0.0,0.0
0.0,0.0
0.0,0.0
0.0,0.0
0.0,0.0
0.0,0.0
0.0,0.0
0.0,0.0
0.0,0.0
0.0,0.0
0.0,0.0
0.0,0.0
0.0,9.16265
0.0,25.4518
0.0,39.8793
0.0,53.8415
0.0,66.3201
0.0,77.8389
0.0,88.4268
0.0,97.8513
0.0,105.705
0.0,112.977
0.0,119.58
0.0,128.917
0.0,138.603
0.0,148.697
0.0,158.528
0.0,169.058
0.0,184.097
0.0,201.549
0.0,220.834
0.0,239.567
0.0,256.263
0.0,270.225
0.0,281.977
0.0,290.18
0.0,291.198
0.0,291.809
0.0,293.03
0.0,296.317
0.0,301.931
0.0,308.767
0.0,316.01
0.0,323.776
0.0,332.299
0.0,341.083
0.0,350.711
0.0,363.917
0.0,379.246
0.0,395.128
0.0,411.767
0.0,426.31
0.0,436.288
0.0,445.014
0.0,453.013
0.0,461.07
0.0,470.175
0.0,481.781
0.0,494.201
0.0,508.018
0.0,523.26
0.0,538.473
0.0,553.25
0.0,565.786
0.0,576.898
0.0,587.311
0.0,597.899
0.0,608.604
0.0,618.813
0.0,628.441
0.0,636.499
0.0,641.182
0.0,645.08
0.0,649.123
0.0,653.806
0.0,660.467
0.0,668.001
0.0,673.469
0.0,677.134
0.0,679.2
0.0,678.938
0.0,676.756
0.0,673.557
0.0,673.295
0.0,675.826
0.0,679.81
0.0,684.959
0.0,691.242
0.0,698.281
0.0,705.32
0.0,711.109
0.0,714.745
0.0,716.49
0.0,717.915
0.0,720.01
0.0,717.043
0.0,711.429
0.0,704.099
0.0,696.478
0.0,688.217
0.0,678.88
0.0,669.862
0.0,660.642
0.0,651.683
0.0,643.829
0.0,636.848
0.0,631.263
0.0,624.573
0.0,613.519
0.0,601.681
0.0,588.911
0.0,574.571
0.0,558.253
0.0,540.916
0.0,524.365
0.0,509.589
0.0,496.499
0.0,483.643
0.0,469.331
0.0,457.783
0.0,445.13
0.0,430.994
0.0,415.374
0.0,400.015
0.0,384.133
0.0,367.64
0.0,351.584
0.0,335.818
0.0,320.111
0.0,304.316
0.0,288.376
0.0,271.651
0.0,257.223
0.0,239.741
0.0,225.227
0.0,213.999
0.0,202.393
0.0,189.972
0.0,178.89
0.0,167.197
0.0,156.492
0.0,144.304
0.0,132.466
0.0,125.136
0.0,125.892
0.0,132.32
0.0,141.454
0.0,148.348
0.0,153.991
0.0,163.386
0.0,177.93
0.0,195.993
0.0,214.057
0.0,229.328
0.0,242.912
0.0,255.652
0.0,268.131
0.0,283.228
0.0,295.648
0.0,306.731
0.0,320.46
0.0,332.793
0.0,340.88
0.0,349.402
0.0,357.46
0.0,371.276
0.0,385.384
0.0,391.202
0.0,389.834
0.0,384.191
0.0,375.291
0.0,366.768
0.0,360.049
0.0,350.42
0.0,336.284
0.0,318.948
0.0,301.786
0.0,287.125
0.0,273.891
0.0,261.47
0.0,249.224
0.0,237.036
0.0,223.569
0.0,207.076
0.0,188.489
0.0,172.781
0.0,160.274
0.0,148.26
0.0,136.189
0.0,120.452
0.0,105.56
0.0,100.091
0.0,94.3898
0.0,91.8301
0.0,94.7971
0.0,103.058
0.0,115.595
0.0,129.499
0.0,143.694
0.0,158.208
0.0,171.269
0.0,182.671
0.0,192.038
0.0,200.269
0.0,205.272
0.0,208.85
0.0,211.904
0.0,215.453
0.0,218.973
0.0,221.067
0.0,221.882
0.0,221.387
0.0,219.642
0.0,216.762
0.0,213.504
0.0,208.821
0.0,205.534
0.0,200.298
0.0,192.241
0.0,182.031
0.0,169.756
0.0,157.161
0.0,143.199
0.0,129.033
0.0,116.409
0.0,106.199
0.0,97.4732
0.0,90.9575
0.0,86.1871
0.0,83.3656
0.0,82.5511
0.0,83.0747
0.0,85.1108
0.0,88.0487
0.0,91.801
0.0,95.757
0.0,99.7711
0.0,103.029
0.0,104.832
0.0,105.763
0.0,110.301
0.0,119.085
0.0,128.83
0.0,138.4
0.0,146.399
0.0,155.969
0.0,168.244
0.0,180.402
0.0,191.921
0.0,203.382
0.0,215.366
0.0,225.867
0.0,235.32
0.0,243.785
0.0,251.289
0.0,258.387
0.0,263.332
0.0,265.571
0.0,265.659
0.0,265.193
0.0,264.902
0.0,266.066
0.0,269.382
0.0,276.101
0.0,285.555
0.0,294.601
0.0,303.327
0.0,311.268
0.0,319.5
0.0,326.569
0.0,331.95
0.0,336.226
0.0,339.309
0.0,341.171
0.0,341.461
0.0,340.007
0.0,338.669
0.0,337.04
0.0,334.713
0.0,332.27
0.0,333.317
0.0,338.814
0.0,347.395
0.0,358.1
0.0,370.782
0.0,383.842
0.0,393.354
0.0,394.227
0.0,390.562
0.0,384.25
0.0,375.174
0.0,363.626
0.0,351.06
0.0,338.058
0.0,325.521
0.0,313.828
0.0,303.502
0.0,293.263
0.0,283.49
0.0,275.374
0.0,271.418
0.0,267.724
0.0,265.979
0.0,265.571
0.0,262.604
0.0,258.096
0.0,250.795
0.0,241.69
0.0,232.004
0.0,220.573
0.0,210.741
0.0,203.091
0.0,194.248
0.0,185.027
0.0,178.395
0.0,173.829
0.0,171.385
0.0,169.64
0.0,167.895
0.0,166.906
0.0,166.149
0.0,166.237
0.0,166.877
0.0,169.262
0.0,167.895
0.0,167.167
0.0,166.208
0.0,165.102
0.0,165.422
0.0,165.946
0.0,168.651
0.0,173.247
0.0,178.395
0.0,185.755
0.0,191.601
0.0,193.841
0.0,194.685
0.0,193.957
0.0,190.699
0.0,186.045
0.0,178.861
0.0,170.367
0.0,161.466
0.0,151.635
0.0,142.065
0.0,133.193
0.0,126.096
0.0,118.533
0.0,111.115
0.0,105.763
0.0,102.302
0.0,97.8804
0.0,90.2303
0.0,81.9112
0.0,75.7446
0.0,70.7124
0.0,64.1967
0.0,56.4303
0.0,49.1874
0.0,44.9988
0.0,44.9697
0.0,47.9657
0.0,53.8706
0.0,60.7644
0.0,69.4616
0.0,76.4136
0.0,82.5511
0.0,88.1941
0.0,93.459
0.0,98.9275
0.0,102.04
0.0,103.465
0.0,107.916
0.0,111.872
0.0,116.177
0.0,122.46
0.0,131.826
0.0,140.901
0.0,146.05
0.0,148.115
0.0,149.686
0.0,151.256
0.0,151.925
0.0,149.831
0.0,145.788
0.0,139.04
0.0,131.651
0.0,124.408
0.0,117.835
0.0,112.744
0.0,107.625
0.0,107.218
0.0,110.33
0.0,112.221
0.0,115.478
0.0,119.813
0.0,122.896
0.0,124.379
0.0,122.46
0.0,118.271
0.0,113.559
0.0,109.312
0.0,106.054
0.0,103.843
0.0,103.843
0.0,105.501
0.0,108.788
0.0,116.613
0.0,123.07
0.0,129.935
0.0,135.433
0.0,140.669
0.0,144.537
0.0,148.609
0.0,152.449
0.0,151.198
0.0,146.777
0.0,142.268
0.0,137.091
0.0,131.768
0.0,127.492
0.0,123.652
0.0,121.005
0.0,118.562
0.0,115.915
0.0,113.53
0.0,112.075
0.0,110.708
0.0,107.799
0.0,103.407
0.0,97.4732
0.0,90.3176
0.0,84.0928
0.0,78.188
0.0,71.6432
0.0,65.4475
0.0,59.5427
0.0,53.5506
0.0,48.4312
0.0,43.6317
0.0,39.3558
0.0,34.3818
0.0,31.473
0.0,31.8802
0.0,30.1059
0.0,26.8771
0.0,22.7757
0.0,18.4998
0.0,13.7294
0.0,8.52272
0.0,3.11239
0.0,0.0
0.0,0.0
0.0,0.0
0.0,0.0
0.0,0.0
0.0,0.0
0.0,1.86162
0.0,8.92995
0.0,15.7947
0.0,21.7577
0.0,26.5571
0.0,29.6695
0.0,32.5783
0.0,33.5382
0.0,34.789
0.0,34.469
0.0,32.9855
0.0,34.6726
0.0,38.425
0.0,42.4972
0.0,46.5404
0.0,50.3509
0.0,54.1614
0.0,57.4193
0.0,60.4153
0.0,63.5277
0.0,66.5238
0.0,65.3312
0.0,56.8375
0.0,49.5074
0.0,40.3157
0.0,30.0768
0.0,19.547
0.0,8.87177
0.0,0.0
0.0,0.0
0.0,0.0
0.0,0.0
0.0,0.0
0.0,0.0
0.0,0.0
0.0,0.0
0.0,0.0
0.0,0.0
0.0,0.0
0.0,0.0
0.0,0.0
0.0,0.0
0.0,0.0
0.0,0.0
0.0,0.0
0.0,0.0
0.0,0.0
0.0,0.0
0.0,0.0
0.0,0.0
1676.34,0.0
1739.52,0.0
1693.2,0.0
1547.45,0.0
1318.4,0.0
1018.85,0.0
713.254,0.0
355.898,0.0
126.459,0.0
0.0,0.0
0.0,0.0
0.0,0.0
0.0,0.0
0.0,0.0
0.0,0.0
0.0,0.0
0.0,0.0
0.0,0.0
88.6905,0.0
356.404,0.0
655.324,0.0
1140.55,0.0
1527.68,0.0
1811.65,0.0
1976.25,0.0
2027.35,0.0
1987.99,0.0
1829.23,0.0
1587.17,0.0
1268.72,0.0
929.746,0.0
560.656,0.0
316.148,0.0
187.733,0.0
75.6147,0.0
0.0,0.0
0.0,0.0
0.0,0.0
0.0,0.0
0.0,0.0
0.0,0.0
0.0,0.0
88.6905,0.0
356.404,0.0
736.831,0.0
1195.59,0.0
1592.82,0.0
1867.58,0.0
2027.06,0.0
2064.17,0.0
1991.72,0.0
1819.9,0.0
1597.96,0.0
1263.19,0.0
911.858,0.0
549.0,0.0
305.066,0.0
205.333,0.0
92.5629,0.0
0.0,0.0
0.0,0.0
0.0,0.0
0.0,0.0
0.0,0.0
0.0,0.0
0.0,0.0
95.2601,0.0
361.331,0.0
672.688,0.0
1141.95,0.0
1541.08,0.0
1871.39,0.0
2071.88,0.0
2128.15,0.0
2101.23,0.0
1951.3,0.0
1701.68,0.0
1384.53,0.0
840.544,0.0
492.289,0.0
314.844,0.0
239.229,0.0
164.266,0.0
88.6517,0.0
13.037,0.0
0.0,0.0
0.0,0.0
0.0,0.0
0.0,0.0
0.0,0.0
34.4907,0.0
164.242,0.0
83.7632,0.0
119.896,0.0
177.381,0.0
249.647,0.0
241.435,0.0
298.92,0.0
323.556,0.0
364.616,0.0
331.768,0.0
134.678,0.0
0.0,0.0
0.0,0.0
0.0,0.0
0.0,0.0
0.0,0.0
0.0,0.0
0.0,13.6422
0.0,31.4439
0.0,47.3258
0.0,61.2589
0.0,71.585
0.0,78.4788
0.0,81.9112
0.0,80.1659
0.0,72.5449
0.0,59.0773
0.0,65.6511
0.0,70.1015
0.0,70.1597
0.0,69.0835
0.0,66.0583
0.0,62.6842
0.0,59.6881
0.0,55.5577
0.0,50.2346
0.0,45.057
0.0,43.7189
0.0,39.4721
0.0,40.8102
0.0,44.7952
0.0,51.8344
0.0,56.6048
0.0,59.0191
0.0,59.1064
0.0,59.0773
0.0,58.9028
0.0,59.0482
0.0,59.4845
0.0,58.2337
0.0,53.8997
0.0,46.1914
0.0,37.6396
0.0,29.3496
0.0,19.5761
0.0,9.33718
0.0,0.0
0.0,0.0
0.0,0.0
0.0,0.0
0.0,15.7365
0.0,29.7568
0.0,47.384
0.0,61.0552
0.0,73.7084
0.0,84.5
0.0,97.7349
0.0,113.268
0.0,130.75
0.0,149.162
0.0,167.313
0.0,183.398
0.0,199.717
0.0,218.013
0.0,239.043
0.0,263.39
0.0,288.522
0.0,314.293
0.0,339.687
0.0,364.208
0.0,387.217
0.0,408.712
0.0,420.638
0.0,418.428
0.0,414.763
0.0,410.894
0.0,406.385
0.0,399.404
0.0,390.271
0.0,380.41
0.0,369.822
0.0,358.449
0.0,346.726
0.0,335.411
0.0,325.987
0.0,321.536
0.0,315.893
0.0,306.411
0.0,296.754
0.0,286.02
0.0,277.119
0.0,269.644
0.0,263.332
0.0,258.125
0.0,254.809
0.0,253.122
0.0,251.784
0.0,250.737
0.0,249.428
0.0,249.079
0.0,247.944
0.0,247.77
0.0,249.399
0.0,252.686
0.0,258.416
0.0,267.288
0.0,275.549
0.0,280.901
0.0,282.966
0.0,282.093
0.0,282.239
0.0,282.82
0.0,283.053
0.0,282.908
0.0,281.104
0.0,278.516
0.0,275.927
0.0,273.367
0.0,270.255
0.0,267.026
0.0,263.419
0.0,259.201
0.0,253.616
0.0,247.13
0.0,244.454
0.0,242.738
0.0,240.701
0.0,238.578
0.0,234.767
0.0,227.466
0.0,220.951
0.0,217.78
0.0,217.984
0.0,219.933
0.0,217.46
0.0,208.705
0.0,196.255
0.0,182.38
0.0,168.04
0.0,153.264
0.0,138.341
0.0,123.565
0.0,109.254
0.0,95.6988
0.0,83.2492
0.0,72.7195
0.0,64.953
0.0,58.6119
0.0,52.9979
0.0,49.711
0.0,47.5585
0.0,44.2425
0.0,39.6466
0.0,35.4871
0.0,30.4549
0.0,24.521
0.0,17.6272
0.0,8.92995
0.0,4.71222
0.0,12.2169
0.0,27.4298
0.0,49.3038
0.0,76.5881
0.0,107.159
0.0,137.498
0.0,163.037
0.0,181.595
0.0,197.884
0.0,214.028
0.0,227.757
0.0,237.88
0.0,245.675
0.0,248.701
0.0,249.079
0.0,248.322
0.0,247.624
0.0,248.788
0.0,250.795
0.0,253.587
0.0,256.641
0.0,259.987
0.0,262.75
0.0,261.557
0.0,252.278
0.0,235.582
0.0,212.544
0.0,184.824
0.0,154.078
0.0,122.75
0.0,95.8442
0.0,76.0645
0.0,59.3682
0.0,41.3337
0.0,25.0737
0.0,11.3442
0.0,0.174527
0.0,0.0
0.0,0.0
0.0,0.0
0.0,0.0
0.0,0.0
0.0,0.0
0.0,0.0
0.0,0.0
0.0,0.0
0.0,0.0
0.0,0.0
0.0,0.0
0.0,0.0
0.0,0.0
0.0,0.0
0.0,0.0
0.0,0.0
1479.68,0.0
1432.89,0.0
1160.09,0.0
547.108,0.0
696.012,0.0
302.236,0.0
69.7481,0.0
0.0,0.0
0.0,0.0
0.0,0.0
0.0,0.0
0.0,0.0
0.0,0.0
0.0,0.0
0.0,0.0
0.0,0.0
126.466,0.0
435.24,0.0
735.802,0.0
1085.94,0.0
1391.49,0.0
1600.01,0.0
1737.95,0.0
1772.81,0.0
1706.88,0.0
1553.33,0.0
1342.3,0.0
1064.16,0.0
742.812,0.0
383.11,0.0
121.896,0.0
129.067,0.0
3.91111,0.0
0.0,0.0
0.0,0.0
0.0,0.0
0.0,0.0
0.0,0.0
0.0,0.0
0.0,0.0
134.678,0.0
441.81,0.0
744.014,0.0
1073.92,0.0
1415.37,0.0
1631.92,0.0
1771.48,0.0
1814.56,0.0
1719.06,0.0
1593.77,0.0
1359.85,0.0
1084.63,0.0
786.952,0.0
394.792,0.0
117.985,0.0
0.0,0.0
0.0,0.0
0.0,0.0
0.0,0.0
0.0,0.0
0.0,0.0
0.0,0.0
0.0,0.0
0.0,0.0
14.7817,0.0
47.6301,0.0
686.53,0.0
957.528,0.0
1259.46,0.0
1454.34,0.0
1513.27,0.0
1580.37,0.0
1398.49,0.0
1289.07,0.0
1211.88,0.0
891.396,0.0
605.61,0.0
271.433,0.0
0.0,0.0
0.0,0.0
0.0,0.0
0.0,0.0
0.0,0.0
0.0,0.0
0.0,0.0
0.0,0.0
0.0,0.0
0.0,0.0
75.5511,0.0
229.938,0.0
415.531,0.0
335.053,0.0
717.736,0.0
1280.64,0.0
893.282,0.0
922.781,0.0
1435.02,0.0
1401.47,0.0
942.042,0.0
524.683,0.0
536.328,0.0
342.619,0.0
122.548,0.0
48.8888,0.0
0.0,0.0
0.0,0.0
0.0,0.0
0.0,0.0
0.0,0.0
0.0,0.0
0.0,0.0
0.0,0.0
175.738,0.0
88.6905,0.0
325.198,0.0
200.375,0.0
208.587,0.0
279.211,0.0
238.15,0.0
724.305,0.0
351.477,0.0
162.599,0.0
504.222,0.0
0.0,0.0
0.0,0.0
0.0,0.0
0.0,0.0
0.0,0.0
0.0,0.0
0.0,17.7435
0.0,37.5814
0.0,56.1685
0.0,74.0866
0.0,90.2012
0.0,104.309
0.0,115.217
0.0,124.641
0.0,139.854
0.0,160.506
0.0,176.476
0.0,192.328
0.0,203.149
0.0,209.636
0.0,211.09
0.0,208.181
0.0,202.364
0.0,194.423
0.0,184.853
0.0,173.654
0.0,162.223
0.0,152.507
0.0,140.523
0.0,131.448
0.0,122.692
0.0,115.071
0.0,108.497
0.0,104.425
0.0,102.854
0.0,103.931
0.0,107.13
0.0,110.737
0.0,107.305
0.0,95.4079
0.0,81.8821
0.0,66.5819
0.0,52.0962
0.0,40.3447
0.0,28.4769
0.0,17.7435
0.0,8.63907
0.0,0.0
0.0,0.0
0.0,0.0
0.0,0.0
0.0,0.0
0.0,0.0
0.0,0.0
0.0,0.0
0.0,0.0
0.0,0.0
0.0,0.0
0.0,0.0
0.0,0.0
0.0,0.0
0.0,0.0
0.0,0.0
0.0,0.0
0.0,0.0
0.0,0.0
0.0,0.0
0.0,0.0
0.0,0.0
0.0,0.0
0.0,0.0
1377.08,0.0
1091.06,0.0
793.886,0.0
465.186,0.0
178.607,0.0
128.415,0.0
73.0073,0.0
23.4666,0.0
0.0,0.0
0.0,0.0
0.0,0.0
0.0,0.0
0.0,0.0
0.0,0.0
136.321,0.0
441.81,0.0
792.565,0.0
1166.19,0.0
1507.7,0.0
1726.57,0.0
1764.61,0.0
1635.23,0.0
1418.46,0.0
1198.9,0.0
1174.29,0.0
810.693,0.0
775.679,0.0
487.355,0.0
230.755,0.0
219.022,0.0
174.696,0.0
17.6,0.0
0.0,0.0
18.2518,0.0
0.0,0.0
0.0,0.0
0.0,0.0
0.0,0.0
113.327,0.0
390.895,0.0
846.278,0.0
1241.83,0.0
1567.04,0.0
1802.86,0.0
1632.34,0.0
1626.17,0.0
1513.29,0.0
1710.17,0.0
1458.23,0.0
1182.38,0.0
946.317,0.0
597.537,0.0
275.733,0.0
137.541,0.0
69.0962,0.0
0.0,0.0
0.0,0.0
0.0,0.0
0.0,0.0
0.0,0.0
0.0,0.0
0.0,0.0
149.46,0.0
418.816,0.0
691.789,0.0
1192.14,0.0
1600.86,0.0
1850.08,0.0
1960.63,0.0
1520.54,0.0
1678.97,0.0
1017.63,0.0
1245.9,0.0
1025.06,0.0
721.172,0.0
496.641,0.0
268.563,0.0
226.844,0.0
183.822,0.0
115.378,0.0
49.5407,0.0
0.0,0.0
0.0,0.0
0.0,0.0
0.0,0.0
0.0,0.0
93.6177,0.0
435.24,0.0
845.94,0.0
1242.82,0.0
1600.94,0.0
1849.51,0.0
2024.0,0.0
1624.88,0.0
1225.2,0.0
1000.38,0.0
698.197,0.0
607.072,0.0
566.452,0.0
459.862,0.0
301.807,0.0
280.948,0.0
78.874,0.0
61.274,0.0
0.0,0.0
0.0,0.0
0.0,0.0
0.0,0.0
0.0,0.0
0.0,0.0
141.248,0.0
448.38,0.0
946.114,0.0
1299.92,0.0
1647.56,0.0
1877.82,0.0
1522.78,0.0
1516.92,0.0
976.96,0.0
713.343,0.0
735.007,0.0
1041.07,0.0
880.537,0.0
559.238,0.0
316.8,0.0
205.985,0.0
121.896,0.0
61.9259,0.0
4.56296,0.0
0.0,0.0
0.0,0.0
0.0,0.0
0.0,0.0
0.0,0.0
124.824,0.0
433.598,0.0
876.366,0.0
1273.64,0.0
1583.75,0.0
1832.66,0.0
1991.9,0.0
1957.42,0.0
1492.62,0.0
1651.81,0.0
1455.5,0.0
930.87,0.0
777.289,0.0
541.005,0.0
397.629,0.0
286.163,0.0
192.296,0.0
158.4,0.0
108.207,0.0
61.274,0.0
0.0,0.0
0.0,0.0
0.0,0.0
0.0,0.0
147.817,0.0
510.727,0.0
1000.35,0.0
1264.05,0.0
872.901,0.0
1575.78,0.0
1759.79,0.0
1904.24,0.0
1797.85,0.0
1674.8,0.0
1473.83,0.0
1201.51,0.0
886.781,0.0
548.93,0.0
239.229,0.0
89.3036,0.0
26.7259,0.0
0.0,0.0
0.0,0.0
0.0,0.0
0.0,0.0
0.0,0.0
0.0,0.0
0.0,0.0
195.447,0.0
504.222,0.0
798.214,0.0
1062.64,0.0
1356.51,0.0
1600.1,0.0
1782.42,0.0
1845.65,0.0
1811.74,0.0
1675.14,0.0
1456.55,0.0
1190.45,0.0
888.711,0.0
562.619,0.0
244.444,0.0
131.674,0.0
46.9333,0.0
0.0,0.0
0.0,0.0
0.0,0.0
0.0,0.0
0.0,0.0
0.0,0.0
0.0,0.0
133.036,0.0
436.883,0.0
827.713,0.0
1204.83,0.0
1562.68,0.0
1808.33,0.0
1925.08,0.0
1983.22,0.0
1794.22,0.0
1636.66,0.0
1211.61,0.0
1166.88,0.0
1039.24,0.0
718.098,0.0
396.325,0.0
307.674,0.0
243.14,0.0
176.0,0.0
117.985,0.0
9.77777,0.0
0.0,0.0
0.0,0.0
0.0,0.0
0.0,0.0
164.242,0.0
366.259,0.0
752.226,0.0
566.633,0.0
1000.68,0.0
294.791,0.0
299.072,0.0
1407.89,0.0
871.483,0.0
595.685,0.0
711.204,0.0
398.723,0.0
142.11,0.0
121.539,0.0
0.0,0.0
0.0,0.0
0.0,0.0
0.0,0.0
0.0,0.0
0.0,0.0
0.0,0.0
0.0,0.0
0.0,0.0
0.0,0.0
0.0,0.0
0.0,0.0
0.0,0.0
0.0,0.0
0.0,0.0
0.0,0.0
0.0,0.0
0.0,0.0
0.0,0.0
0.0,0.0
0.0,0.0
0.0,0.0
0.0,0.0
421.295,0.0
88.6517,0.0
0.0,0.0
0.0,0.0
0.0,0.0
0.0,0.0
0.0,0.0
0.0,0.0
0.0,0.0
0.0,0.0
0.0,0.0
175.738,0.0
492.725,0.0
810.286,0.0
1152.26,0.0
1465.17,0.0
1573.94,0.0
1764.61,0.0
1898.85,0.0
1887.04,0.0
1757.74,0.0
1541.47,0.0
1270.44,0.0
972.615,0.0
650.433,0.0
328.533,0.0
136.889,0.0
49.5407,0.0
0.0,0.0
0.0,0.0
0.0,0.0
0.0,0.0
0.0,0.0
0.0,0.0
0.0,0.0
167.526,0.0
484.513,0.0
991.712,0.0
1364.03,0.0
1698.87,0.0
1939.28,0.0
2048.86,0.0
2031.29,0.0
1694.98,0.0
1162.27,0.0
806.545,0.0
1014.97,0.0
758.462,0.0
455.466,0.0
244.444,0.0
177.955,0.0
112.118,0.0
45.6296,0.0
0.0,0.0
0.0,0.0
0.0,0.0
0.0,0.0
0.0,0.0
0.0,0.0
19.709,0.0
44.3452,0.0
205.302,0.0
313.701,0.0
939.462,0.0
975.595,0.0
389.253,0.0
627.403,0.0
896.759,0.0
998.071,0.0
346.869,0.0
567.995,0.0
418.816,0.0
0.0,0.0
0.0,0.0
0.0,0.0
0.0,0.0
0.0,0.0
0.0,0.0
0.0,0.0
0.0,0.0
0.0,0.0
0.0,6.63201
0.0,17.3654
0.0,23.7356
0.0,20.4196
0.0,7.621
0.0,0.0
0.0,0.0
0.0,0.0
0.0,0.0
0.0,0.0
0.0,0.0
0.0,0.0
0.0,0.0
0.0,0.0
0.0,0.0
0.0,0.0
0.0,0.0
0.0,0.0
0.0,0.0
0.0,0.0
0.0,0.0
0.0,0.0
0.0,0.0
0.0,0.0
0.0,0.0
0.0,0.0
0.0,0.0
0.0,0.0
0.0,0.0
0.0,0.0
0.0,0.0
1406.35,0.0
1509.72,0.0
1560.56,0.0
1424.45,0.0
1448.75,0.0
1250.85,0.0
962.404,0.0
633.652,0.0
289.985,0.0
18.0666,0.0
0.0,0.0
0.0,0.0
0.0,0.0
0.0,0.0
0.0,0.0
0.0,0.0
0.0,0.0
0.0,0.0
0.0,0.0
37.7756,0.0
0.0,0.0
0.0,0.0
0.0,0.0
0.0,0.0
0.0,0.0
0.0,0.0
0.0,0.0
0.0,0.0
0.0,0.0
0.0,0.0
0.0,0.0
0.0,0.0
0.0,0.0
0.0,0.0
0.0,0.0
0.0,0.0
0.0,0.0
0.0,0.0
0.0,0.0
0.0,0.0
0.0,0.0
0.0,0.0
0.0,0.0
0.0,0.0
0.0,0.0
0.0,0.0
0.0,0.0
0.0,0.0
0.0,0.0
0.0,0.0
0.0,0.0
0.0,0.0
0.0,0.0
0.0,0.0
0.0,0.0
0.0,0.0
0.0,0.0
0.0,0.0
0.0,0.0
0.0,0.0
0.0,0.0
0.0,0.0
0.0,0.0
0.0,0.0
0.0,0.0
0.0,0.0
0.0,0.0
126.466,0.0
126.466,0.0
448.38,0.0
712.808,0.0
1171.3,0.0
1508.75,0.0
1274.53,0.0
994.235,0.0
1537.39,0.0
1813.53,0.0
1443.91,0.0
1196.97,0.0
1001.28,0.0
636.84,0.0
478.874,0.0
286.163,0.0
281.6,0.0
275.733,0.0
241.837,0.0
201.422,0.0
169.481,0.0
142.104,0.0
108.207,0.0
61.6639,0.0
100.347,0.0
514.581,0.0
865.156,0.0
737.163,0.0
1526.31,0.0
1728.75,0.0
986.988,0.0
516.733,0.0
527.316,0.0
534.225,0.0
416.904,0.0
382.65,0.0
296.976,0.0
245.742,0.0
159.416,0.0
0.0,0.0
0.0,0.0
0.0,0.0
0.0,0.0
0.0,0.0
0.0,0.0
0.0,0.0
0.0,0.0
1.64242,0.0
54.1997,0.0
275.926,0.0
502.579,0.0
604.62,0.0
1062.68,0.0
996.339,0.0
1551.15,0.0
1788.76,0.0
1749.04,0.0
1674.15,0.0
1454.64,0.0
1198.09,0.0
895.332,0.0
548.725,0.0
304.932,0.0
194.903,0.0
109.511,0.0
13.6889,0.0
0.0,0.0
0.0,0.0
0.0,0.0
0.0,0.0
0.0,0.0
3.28483,0.0
157.672,0.0
337.347,0.0
697.215,0.0
1048.81,0.0
1458.57,0.0
1841.03,0.0
1937.87,0.0
1719.35,0.0
1835.01,0.0
1928.01,0.0
1756.49,0.0
1450.14,0.0
1119.02,0.0
779.679,0.0
433.372,0.0
291.377,0.0
200.118,0.0
110.163,0.0
22.1629,0.0
0.0,0.0
0.0,0.0
0.0,0.0
0.0,0.0
19.709,0.0
246.362,0.0
516.684,0.0
914.87,0.0
1281.56,0.0
1427.41,0.0
1268.58,0.0
2028.82,0.0
2015.95,0.0
1925.7,0.0
1614.11,0.0
1293.26,0.0
897.275,0.0
723.722,0.0
611.795,0.0
362.921,0.0
228.8,0.0
157.096,0.0
150.578,0.0
37.1555,0.0
0.0,0.0
0.0,0.0
0.0,0.0
0.0,0.0
27.9211,0.0
202.017,0.0
501.486,0.0
914.742,0.0
1270.77,0.0
1576.9,0.0
1762.63,0.0
1908.5,0.0
1706.44,0.0
1488.02,0.0
842.11,0.0
805.351,0.0
567.757,0.0
243.863,0.0
132.058,0.0
60.9864,0.0
0.0,0.0
0.0,0.0
0.0,0.0
0.0,0.0
0.0,0.0
0.0,0.0
0.0,0.0
0.0,0.0
21.3514,0.0
243.078,0.0
510.791,0.0
796.572,0.0
1039.65,0.0
1057.72,0.0
1232.65,0.0
1591.64,0.0
1638.21,0.0
1575.93,0.0
937.269,0.0
1195.08,0.0
938.388,0.0
483.745,0.0
333.238,0.0
41.0604,0.0
0.0,0.0
0.0,0.0
0.0,0.0
0.0,0.0
0.0,0.0
0.0,0.0
0.0,0.0
0.0,0.0
3.28483,0.0
238.15,0.0
512.434,0.0
796.572,0.0
1051.15,0.0
0.0,0.0
0.0,0.0
0.0,0.0
0.0,0.0
0.0,0.0
0.0,0.0
1303.25,0.0
1050.92,0.0
769.206,0.0
437.195,0.0
113.416,0.0
0.0,0.0
0.0,0.0
0.0,0.0
0.0,0.0
0.0,0.0
0.0,0.0
0.0,0.0
0.0,0.0
19.709,0.0
244.72,0.0
507.507,0.0
796.572,0.0
1126.11,0.0
1442.07,0.0
1691.15,0.0
1834.52,0.0
1903.07,0.0
1850.18,0.0
1728.38,0.0
1523.63,0.0
1268.72,0.0
980.118,0.0
637.888,0.0
343.858,0.0
153.185,0.0
33.2444,0.0
0.0,0.0
0.0,0.0
0.0,0.0
0.0,0.0
0.0,0.0
0.0,0.0
3.28483,0.0
42.7028,0.0
387.955,0.0
526.269,0.0
780.907,0.0
1021.22,0.0
1119.62,0.0
912.453,0.0
1554.75,0.0
1677.58,0.0
1451.06,0.0
1403.67,0.0
1318.63,0.0
1143.82,0.0
779.87,0.0
542.698,0.0
406.103,0.0
314.844,0.0
245.748,0.0
221.629,0.0
198.163,0.0
188.385,0.0
164.266,0.0
130.37,0.0
119.417,0.0
164.548,0.0
689.929,0.0
549.786,0.0
617.854,0.0
370.251,0.0
731.436,0.0
464.77,0.0
1271.88,0.0
1991.71,0.0
1823.24,0.0
1530.47,0.0
1176.35,0.0
497.689,0.0
429.404,0.0
361.484,0.0
271.17,0.0
168.829,0.0
84.7406,0.0
31.9407,0.0
0.0,0.0
0.0,0.0
0.0,0.0
0.0,0.0
3.28483,0.0
68.9815,0.0
466.446,0.0
791.644,0.0
1143.08,0.0
1445.33,0.0
1678.38,0.0
1789.24,0.0
1800.35,0.0
1527.01,0.0
1452.9,0.0
1440.96,0.0
1213.37,0.0
919.892,0.0
578.966,0.0
300.708,0.0
160.355,0.0
18.9037,0.0
0.0,0.0
0.0,0.0
0.0,0.0
0.0,0.0
0.0,0.0
0.0,0.0
22.9938,0.0
229.938,0.0
466.446,0.0
798.61,0.0
1199.49,0.0
1474.91,0.0
1687.81,0.0
1914.97,0.0
2025.95,0.0
1950.72,0.0
1849.55,0.0
1655.59,0.0
1429.23,0.0
1127.12,0.0
802.935,0.0
477.2,0.0
319.407,0.0
235.97,0.0
175.348,0.0
129.718,0.0
88.6517,0.0
45.6296,0.0
1.3037,0.0
0.0,0.0
19.709,0.0
233.223,0.0
592.797,0.0
1040.86,0.0
1423.56,0.0
1765.65,0.0
2046.02,0.0
2213.58,0.0
2285.0,0.0
2238.32,0.0
2117.2,0.0
1913.12,0.0
1639.54,0.0
1349.64,0.0
1004.93,0.0
681.594,0.0
519.525,0.0
375.466,0.0
252.266,0.0
178.607,0.0
138.844,0.0
102.341,0.0
56.0592,0.0
16.9481,0.0
3.28483,0.0
129.725,0.0
546.675,0.0
691.923,0.0
901.737,0.0
901.641,0.0
825.597,0.0
724.049,0.0
591.691,0.0
400.154,0.0
382.164,0.0
364.769,0.0
174.524,0.0
83.7632,0.0
57.4846,0.0
16.4242,0.0
0.0,0.0
0.0,0.0
0.0,0.0
0.0,0.0
0.0,0.0
0.0,0.0
0.0,0.0
0.0,0.0
3.28483,0.0
137.963,0.0
44.3452,0.0
116.612,0.0
560.064,0.0
174.096,0.0
0.0,0.0
0.0,0.0
0.0,0.0
0.0,0.0
0.0,0.0
0.0,0.0
0.0,0.0
0.0,0.0
0.0,0.0
0.0,0.0
0.0,0.0
0.0,0.0
0.0,0.0
0.0,0.0
0.0,0.0
0.0,0.0
0.0,0.0
0.0,0.0
0.0,0.0
0.0,0.0
0.0,0.0
0.0,0.0
0.0,0.0
0.0,0.0
0.0,0.0
0.0,0.0
0.0,0.0
0.0,0.0
0.0,0.0
0.0,0.0
0.0,0.0
0.0,0.0
0.0,0.0
0.0,0.0
0.0,0.0
0.0,0.0
0.0,0.0
0.0,0.0
0.0,0.0
0.0,0.0
0.0,0.0
0.0,0.0
0.0,0.0
0.0,0.0
44.3452,0.0
118.254,0.0
170.811,0.0
313.701,0.0
610.979,0.0
507.507,0.0
210.229,0.0
670.476,0.0
784.697,0.0
946.287,0.0
647.942,0.0
535.657,0.0
262.831,0.0
103.823,0.0
0.0,0.0
0.0,0.0
0.0,0.0
0.0,0.0
0.0,0.0
0.0,0.0
0.0,0.0
0.0,0.0
1.64242,0.0
21.3514,0.0
80.4784,0.0
197.09,0.0
359.689,0.0
520.646,0.0
906.383,0.0
1166.1,0.0
1205.27,0.0
1155.12,0.0
1082.29,0.0
1293.28,0.0
881.292,0.0
490.423,0.0
323.05,0.0
264.409,0.0
76.9184,0.0
5.86666,0.0
0.0,0.0
0.0,0.0
0.0,0.0
0.0,0.0
0.0,0.0
0.0,0.0
24.6362,0.0
169.169,0.0
295.635,0.0
663.127,0.0
630.553,0.0
916.608,0.0
1105.65,0.0
1769.14,0.0
1552.8,0.0
1206.83,0.0
1550.07,0.0
1268.08,0.0
986.88,0.0
531.477,0.0
126.977,0.0
79.2576,0.0
172.089,0.0
52.7999,0.0
0.0,0.0
0.0,0.0
0.0,0.0
0.0,0.0
0.0,0.0
0.0,0.0
4.92725,0.0
174.096,0.0
256.217,0.0
550.209,0.0
394.812,0.0
784.045,0.0
714.258,0.0
528.301,0.0
468.503,0.0
482.217,0.0
806.31,0.0
904.728,0.0
346.978,0.0
470.453,0.0
415.658,0.0
192.418,0.0
65.1851,0.0
38.4592,0.0
0.0,0.0
0.0,0.0
0.0,0.0
0.0,0.0
0.0,0.0
0.0,0.0
26.2787,0.0
44.3452,0.0
321.914,0.0
446.737,0.0
1082.81,0.0
1419.26,0.0
1655.78,0.0
1623.15,0.0
1453.94,0.0
1044.2,0.0
1084.19,0.0
885.433,0.0
1166.75,0.0
702.646,0.0
555.57,0.0
246.809,0.0
157.748,0.0
114.074,0.0
61.274,0.0
12.3852,0.0
0.0,0.0
0.0,0.0
0.0,0.0
0.0,0.0
16.4242,0.0
42.7028,0.0
106.763,0.0
213.974,0.0
497.651,0.0
1046.21,0.0
448.736,0.0
642.368,0.0
1349.03,0.0
1447.24,0.0
557.646,0.0
918.224,0.0
1130.21,0.0
764.854,0.0
397.521,0.0
220.997,0.0
129.067,0.0
71.7036,0.0
30.637,0.0
2.6074,0.0
0.0,0.0
0.0,0.0
0.0,0.0
0.0,0.0
0.0,0.0
182.308,0.0
469.501,0.0
888.022,0.0
1229.87,0.0
1543.29,0.0
1486.99,0.0
1525.37,0.0
1193.92,0.0
907.96,0.0
1305.01,0.0
863.174,0.0
956.037,0.0
785.718,0.0
660.78,0.0
383.046,0.0
274.429,0.0
203.378,0.0
175.348,0.0
123.852,0.0
98.4295,0.0
59.3184,0.0
27.3777,0.0
0.0,0.0
0.0,0.0
181.969,0.0
545.429,0.0
799.945,0.0
1249.26,0.0
1158.67,0.0
1322.71,0.0
1768.83,0.0
1974.87,0.0
1757.26,0.0
1654.33,0.0
1569.91,0.0
1255.19,0.0
819.577,0.0
642.944,0.0
360.544,0.0
256.177,0.0
202.726,0.0
148.622,0.0
95.1703,0.0
41.7185,0.0
0.0,0.0
0.0,0.0
0.0,0.0
0.0,0.0
213.514,0.0
510.791,0.0
798.214,0.0
1082.35,0.0
1300.79,0.0
1049.51,0.0
1283.34,0.0
1539.74,0.0
1474.36,0.0
1398.35,0.0
1289.32,0.0
976.476,0.0
702.736,0.0
360.846,0.0
54.1997,0.0
0.0,0.0
0.0,0.0
0.0,0.0
0.0,0.0
0.0,0.0
0.0,0.0
0.0,0.0
0.0,0.0
0.0,0.0
0.0,0.0
0.0,0.0
0.0,0.0
1079.07,0.0
1318.86,0.0
1517.47,0.0
1604.03,0.0
1552.71,0.0
1584.57,0.0
1230.44,0.0
1339.65,0.0
1045.69,0.0
850.163,0.0
502.016,0.0
217.06,0.0
37.8074,0.0
0.0,0.0
0.0,0.0
0.0,0.0
0.0,0.0
0.0,0.0
0.0,0.0
0.0,0.0
0.0,0.0
213.514,0.0
484.513,0.0
828.046,0.0
1193.9,0.0
1439.5,0.0
1611.96,0.0
1806.76,0.0
1800.33,0.0
1713.34,0.0
1701.69,0.0
1466.15,0.0
1295.13,0.0
1004.84,0.0
686.228,0.0
342.893,0.0
181.866,0.0
72.3555,0.0
4.56296,0.0
0.0,0.0
0.0,0.0
0.0,0.0
0.0,0.0
0.0,0.0
0.0,0.0
146.175,0.0
312.059,0.0
952.92,0.0
1287.75,0.0
1562.62,0.0
1591.83,0.0
1241.9,0.0
1317.53,0.0
1378.78,0.0
1623.03,0.0
1239.23,0.0
1119.36,0.0
878.805,0.0
672.583,0.0
441.195,0.0
308.326,0.0
247.703,0.0
192.948,0.0
144.059,0.0
86.6962,0.0
22.8148,0.0
0.0,0.0
0.0,0.0
0.0,0.0
195.447,0.0
542.924,0.0
980.873,0.0
1395.72,0.0
1759.08,0.0
1990.57,0.0
2164.15,0.0
2071.01,0.0
942.488,0.0
1370.82,0.0
1715.99,0.0
1397.0,0.0
1029.32,0.0
719.695,0.0
517.564,0.0
363.733,0.0
305.718,0.0
243.14,0.0
145.363,0.0
84.0888,0.0
125.807,0.0
108.207,0.0
94.5184,0.0
53.4518,0.0
196.674,0.0
511.334,0.0
807.218,0.0
1274.77,0.0
1591.87,0.0
1484.97,0.0
1158.13,0.0
793.023,0.0
1028.31,0.0
1156.99,0.0
1384.43,0.0
1065.63,0.0
805.996,0.0
530.141,0.0
303.418,0.0
274.429,0.0
209.244,0.0
180.563,0.0
159.052,0.0
138.844,0.0
110.163,0.0
73.6592,0.0
67.7925,0.0
57.3629,0.0
125.041,0.0
89.2974,0.0
307.534,0.0
563.418,0.0
601.827,0.0
440.563,0.0
570.505,0.0
806.546,0.0
761.965,0.0
1213.62,0.0
1368.04,0.0
1143.79,0.0
949.672,0.0
683.857,0.0
376.348,0.0
226.844,0.0
162.311,0.0
115.378,0.0
84.7406,0.0
82.7851,0.0
66.4888,0.0
50.1925,0.0
42.3703,0.0
24.7703,0.0
38.9258,0.0
258.498,0.0
678.553,0.0
1012.0,0.0
1339.66,0.0
1514.99,0.0
1585.2,0.0
1672.8,0.0
1889.89,0.0
1541.63,0.0
621.585,0.0
699.118,0.0
760.092,0.0
561.922,0.0
348.344,0.0
159.704,0.0
109.511,0.0
65.1851,0.0
28.6814,0.0
0.0,0.0
0.0,0.0
0.0,0.0
0.0,0.0
0.0,0.0
162.599,0.0
489.446,0.0
902.989,0.0
1273.12,0.0
1568.72,0.0
1836.0,0.0
1944.28,0.0
1832.99,0.0
1538.01,0.0
1846.24,0.0
1016.97,0.0
877.016,0.0
815.953,0.0
480.734,0.0
324.2,0.0
185.126,0.0
122.548,0.0
56.711,0.0
15.6444,0.0
0.0,0.0
0.0,0.0
0.0,0.0
0.0,0.0
0.0,0.0
172.454,0.0
497.895,0.0
917.566,0.0
1291.32,0.0
1608.89,0.0
1793.4,0.0
1906.29,0.0
1959.17,0.0
1967.1,0.0
1728.25,0.0
1477.01,0.0
1066.09,0.0
914.357,0.0
739.705,0.0
395.878,0.0
204.029,0.0
166.874,0.0
136.237,0.0
93.8666,0.0
44.9777,0.0
12.3852,0.0
3.25926,0.0
0.0,0.0
0.0,0.0
16.4242,0.0
107.262,0.0
242.419,0.0
286.112,0.0
334.739,0.0
543.85,0.0
564.134,0.0
734.823,0.0
590.169,0.0
510.605,0.0
692.05,0.0
562.459,0.0
466.566,0.0
433.865,0.0
211.794,0.0
58.0147,0.0
11.7333,0.0
0.0,0.0
0.0,0.0
0.0,0.0
0.0,0.0
0.0,0.0
0.0,0.0
0.0,0.0
165.884,0.0
187.235,0.0
418.17,0.0
709.996,0.0
1325.26,0.0
1368.11,0.0
1461.01,0.0
1615.32,0.0
668.858,0.0
1001.41,0.0
1448.6,0.0
1238.68,0.0
942.962,0.0
598.675,0.0
317.733,0.0
177.955,0.0
65.837,0.0
0.0,0.0
0.0,0.0
0.0,0.0
0.0,0.0
0.0,0.0
0.0,0.0
0.0,0.0
167.526,0.0
468.9,0.0
882.104,0.0
1259.35,0.0
1574.71,0.0
1744.77,0.0
1886.73,0.0
1936.29,0.0
1775.76,0.0
1466.13,0.0
1533.73,0.0
1002.34,0.0
1014.83,0.0
684.144,0.0
389.385,0.0
284.207,0.0
205.333,0.0
131.674,0.0
63.8814,0.0
8.47406,0.0
0.0,0.0
0.0,0.0
0.0,0.0
0.0,0.0
147.817,0.0
517.712,0.0
943.589,0.0
1289.6,0.0
1632.44,0.0
1874.56,0.0
2016.28,0.0
2088.48,0.0
1858.62,0.0
1865.38,0.0
1699.42,0.0
1416.32,0.0
1109.34,0.0
758.589,0.0
456.449,0.0
342.222,0.0
251.615,0.0
176.0,0.0
112.77,0.0
54.1036,0.0
1.3037,0.0
0.0,0.0
0.0,0.0
0.0,0.0
129.751,0.0
507.858,0.0
979.128,0.0
1369.44,0.0
1710.97,0.0
1917.2,0.0
1979.74,0.0
2035.43,0.0
1815.24,0.0
1588.8,0.0
1655.7,0.0
1398.28,0.0
1107.08,0.0
780.931,0.0
453.241,0.0
316.8,0.0
209.896,0.0
116.681,0.0
41.7185,0.0
0.0,0.0
0.0,0.0
0.0,0.0
0.0,0.0
0.0,0.0
170.811,0.0
491.089,0.0
991.615,0.0
1355.85,0.0
1677.65,0.0
1701.0,0.0
1944.19,0.0
1940.0,0.0
2069.81,0.0
1591.84,0.0
1766.06,0.0
1482.91,0.0
1134.77,0.0
788.102,0.0
440.779,0.0
359.17,0.0
280.948,0.0
219.674,0.0
180.563,0.0
119.941,0.0
59.9703,0.0
9.77777,0.0
0.0,0.0
0.0,0.0
137.963,0.0
491.721,0.0
949.903,0.0
1336.25,0.0
1645.23,0.0
1926.43,0.0
2074.75,0.0
1989.4,0.0
2039.12,0.0
1911.95,0.0
1560.45,0.0
1226.24,0.0
835.457,0.0
547.945,0.0
323.759,0.0
247.703,0.0
168.178,0.0
134.281,0.0
132.978,0.0
141.452,0.0
143.407,0.0
130.37,0.0
114.726,0.0
110.163,0.0
160.298,0.0
234.68,0.0
382.919,0.0
365.223,0.0
785.994,0.0
904.823,0.0
960.991,0.0
603.155,0.0
641.762,0.0
503.818,0.0
555.506,0.0
387.999,0.0
339.634,0.0
233.759,0.0
73.0329,0.0
18.9037,0.0
14.9926,0.0
5.86666,0.0
0.0,0.0
0.0,0.0
0.0,0.0
0.0,0.0
0.0,0.0
0.0,0.0
47.6301,0.0
257.834,0.0
476.594,0.0
845.863,0.0
841.421,0.0
1353.63,0.0
1207.18,0.0
1375.75,0.0
1420.76,0.0
1580.0,0.0
1554.79,0.0
1255.22,0.0
947.429,0.0
651.111,0.0
364.826,0.0
260.74,0.0
213.155,0.0
169.481,0.0
144.059,0.0
112.118,0.0
74.9629,0.0
43.674,0.0
13.037,0.0
0.0,0.0
157.672,0.0
462.254,0.0
830.429,0.0
1268.33,0.0
1559.67,0.0
1629.94,0.0
1828.52,0.0
1908.64,0.0
1758.02,0.0
1625.48,0.0
1510.07,0.0
1077.36,0.0
1076.86,0.0
733.845,0.0
430.011,0.0
308.326,0.0
284.207,0.0
170.785,0.0
112.77,0.0
77.5703,0.0
63.8814,0.0
81.4814,0.0
90.6073,0.0
54.1036,0.0
140.129,0.0
487.343,0.0
908.344,0.0
1298.63,0.0
1583.77,0.0
1707.43,0.0
1824.7,0.0
1911.29,0.0
1624.84,0.0
1401.16,0.0
1656.26,0.0
1375.1,0.0
1140.54,0.0
754.844,0.0
522.523,0.0
351.348,0.0
288.118,0.0
228.8,0.0
169.481,0.0
114.726,0.0
83.4369,0.0
89.9555,0.0
102.341,0.0
30.637,0.0
159.372,0.0
215.853,0.0
651.546,0.0
725.257,0.0
683.295,0.0
1194.59,0.0
1583.33,0.0
1676.51,0.0
1578.49,0.0
1058.92,0.0
1520.33,0.0
1230.88,0.0
943.499,0.0
655.961,0.0
367.695,0.0
267.911,0.0
239.229,0.0
189.037,0.0
142.104,0.0
112.118,0.0
95.8221,0.0
65.837,0.0
33.8963,0.0
27.3777,0.0
89.7384,0.0
304.511,0.0
208.74,0.0
349.661,0.0
330.182,0.0
379.352,0.0
1211.7,0.0
1776.39,0.0
1812.78,0.0
1738.75,0.0
670.896,0.0
603.391,0.0
718.622,0.0
560.266,0.0
411.318,0.0
332.444,0.0
286.163,0.0
243.792,0.0
219.022,0.0
198.163,0.0
164.918,0.0
131.674,0.0
118.637,0.0
99.7332,0.0
147.728,0.0
440.033,0.0
834.877,0.0
1076.54,0.0
1366.95,0.0
1795.16,0.0
2088.88,0.0
2143.3,0.0
1272.4,0.0
1274.7,0.0
1317.56,0.0
1477.24,0.0
949.678,0.0
743.162,0.0
494.103,0.0
423.051,0.0
359.822,0.0
278.34,0.0
215.763,0.0
160.355,0.0
114.726,0.0
63.8814,0.0
9.12591,0.0
0.0,0.0
100.187,0.0
468.312,0.0
965.369,0.0
1423.89,0.0
1753.66,0.0
1912.93,0.0
2074.31,0.0
2060.58,0.0
2150.24,0.0
1999.95,0.0
1809.98,0.0
1511.84,0.0
1197.77,0.0
838.326,0.0
501.273,0.0
412.622,0.0
282.252,0.0
196.859,0.0
156.444,0.0
102.992,0.0
58.0147,0.0
38.4592,0.0
0.0,0.0
0.0,0.0
50.9149,0.0
256.651,0.0
555.282,0.0
1186.65,0.0
1690.86,0.0
1753.77,0.0
1522.2,0.0
1663.11,0.0
1944.83,0.0
1896.73,0.0
1704.52,0.0
1344.19,0.0
987.147,0.0
622.761,0.0
456.296,0.0
411.97,0.0
309.629,0.0
245.096,0.0
196.859,0.0
168.178,0.0
155.792,0.0
144.059,0.0
129.718,0.0
110.163,0.0
129.584,0.0
465.046,0.0
974.418,0.0
1038.8,0.0
1580.16,0.0
1802.75,0.0
1863.79,0.0
1808.92,0.0
1855.25,0.0
1259.26,0.0
1278.12,0.0
1435.11,0.0
1000.96,0.0
767.581,0.0
546.251,0.0
426.311,0.0
357.214,0.0
299.2,0.0
232.059,0.0
215.763,0.0
180.563,0.0
155.141,0.0
136.889,0.0
123.852,0.0
143.899,0.0
274.423,0.0
385.704,0.0
833.298,0.0
1095.52,0.0
1605.04,0.0
1824.17,0.0
1682.59,0.0
746.415,0.0
793.01,0.0
1300.29,0.0
1398.29,0.0
1027.83,0.0
717.957,0.0
520.829,0.0
437.392,0.0
348.088,0.0
286.163,0.0
241.185,0.0
215.111,0.0
204.029,0.0
198.815,0.0
181.866,0.0
154.489,0.0
251.494,0.0
658.314,0.0
1077.31,0.0
1433.91,0.0
1803.91,0.0
2054.9,0.0
2200.57,0.0
2246.25,0.0
2244.25,0.0
2142.86,0.0
1946.92,0.0
1661.46,0.0
1119.69,0.0
835.488,0.0
715.732,0.0
606.873,0.0
548.859,0.0
484.325,0.0
411.318,0.0
346.133,0.0
301.155,0.0
260.089,0.0
220.326,0.0
173.392,0.0
244.119,0.0
644.733,0.0
976.136,0.0
1489.24,0.0
1809.6,0.0
2048.88,0.0
2106.63,0.0
2128.93,0.0
2053.85,0.0
1840.16,0.0
1554.53,0.0
1553.38,0.0
736.451,0.0
763.433,0.0
619.259,0.0
528.651,0.0
453.036,0.0
399.585,0.0
346.785,0.0
307.022,0.0
275.733,0.0
248.355,0.0
222.933,0.0
189.689,0.0
246.387,0.0
617.931,0.0
1059.84,0.0
1441.08,0.0
1736.59,0.0
1960.78,0.0
2046.56,0.0
1717.94,0.0
1989.7,0.0
1726.26,0.0
900.616,0.0
1061.55,0.0
876.089,0.0
688.822,0.0
466.074,0.0
428.918,0.0
391.762,0.0
353.955,0.0
316.8,0.0
279.644,0.0
241.837,0.0
204.681,0.0
167.526,0.0
129.718,0.0
207.532,0.0
444.66,0.0
697.56,0.0
962.456,0.0
1577.66,0.0
1817.28,0.0
1974.11,0.0
2051.46,0.0
2039.87,0.0
1928.85,0.0
1743.36,0.0
1472.96,0.0
1161.42,0.0
799.087,0.0
458.251,0.0
345.481,0.0
212.503,0.0
159.052,0.0
141.452,0.0
104.296,0.0
65.1851,0.0
28.0296,0.0
0.0,0.0
0.0,0.0
100.187,0.0
372.828,0.0
756.048,0.0
1132.05,0.0
1452.62,0.0
1704.93,0.0
1841.03,0.0
1950.95,0.0
1764.4,0.0
1758.62,0.0
1567.32,0.0
1316.39,0.0
876.115,0.0
634.75,0.0
399.585,0.0
311.585,0.0
257.481,0.0
205.985,0.0
164.266,0.0
129.067,0.0
89.9555,0.0
61.274,0.0
21.5111,0.0
33.8963,0.0
60.0982,0.0
272.967,0.0
574.743,0.0
880.353,0.0
1480.84,0.0
1350.68,0.0
1552.58,0.0
1008.24,0.0
1798.09,0.0
1094.7,0.0
851.944,0.0
999.762,0.0
820.163,0.0
651.608,0.0
524.74,0.0
370.903,0.0
299.2,0.0
273.126,0.0
237.274,0.0
209.896,0.0
162.963,0.0
137.541,0.0
119.289,0.0
110.815,0.0
117.723,0.0
235.849,0.0
600.107,0.0
1053.6,0.0
1275.33,0.0
1225.73,0.0
1370.46,0.0
1586.85,0.0
1746.83,0.0
1179.16,0.0
1020.31,0.0
719.127,0.0
589.97,0.0
506.277,0.0
409.362,0.0
194.903,0.0
156.444,0.0
105.6,0.0
91.911,0.0
74.311,0.0
43.674,0.0
38.4592,0.0
50.1925,0.0
76.9184,0.0
119.18,0.0
374.253,0.0
521.553,0.0
567.592,0.0
834.634,0.0
578.66,0.0
504.898,0.0
538.091,0.0
564.325,0.0
816.426,0.0
850.808,0.0
736.906,0.0
494.583,0.0
376.898,0.0
299.852,0.0
227.496,0.0
195.555,0.0
154.489,0.0
120.592,0.0
96.474,0.0
82.7851,0.0
71.0518,0.0
57.3629,0.0
37.8074,0.0
23.2047,0.0
272.519,0.0
595.385,0.0
1032.98,0.0
1444.39,0.0
1619.02,0.0
1676.1,0.0
1934.0,0.0
1971.55,0.0
1855.31,0.0
1591.14,0.0
1387.24,0.0
985.549,0.0
709.873,0.0
469.333,0.0
392.414,0.0
354.607,0.0
331.14,0.0
297.896,0.0
268.563,0.0
230.755,0.0
211.852,0.0
174.696,0.0
148.622,0.0
199.665,0.0
528.288,0.0
936.099,0.0
1260.28,0.0
1741.34,0.0
1981.46,0.0
2119.88,0.0
2169.52,0.0
1842.94,0.0
1731.88,0.0
1737.93,0.0
1415.8,0.0
1140.63,0.0
801.132,0.0
554.073,0.0
464.118,0.0
398.281,0.0
349.392,0.0
334.4,0.0
308.977,0.0
272.474,0.0
241.185,0.0
213.155,0.0
194.252,0.0
241.307,0.0
542.763,0.0
977.453,0.0
1357.29,0.0
1703.96,0.0
1966.7,0.0
2143.23,0.0
2180.1,0.0
2121.21,0.0
1985.44,0.0
1613.16,0.0
1343.67,0.0
815.249,0.0
831.846,0.0
583.407,0.0
578.192,0.0
533.214,0.0
462.814,0.0
373.511,0.0
262.696,0.0
173.392,0.0
130.37,0.0
118.637,0.0
105.6,0.0
121.864,0.0
404.558,0.0
969.976,0.0
1361.72,0.0
1700.59,0.0
1968.61,0.0
2122.59,0.0
2068.39,0.0
1357.15,0.0
1218.75,0.0
1066.76,0.0
1386.1,0.0
1086.42,0.0
775.761,0.0
554.725,0.0
565.155,0.0
517.57,0.0
465.422,0.0
359.822,0.0
234.015,0.0
167.526,0.0
132.326,0.0
113.422,0.0
99.0814,0.0
109.792,0.0
447.363,0.0
965.228,0.0
1342.87,0.0
1658.54,0.0
1903.69,0.0
2048.8,0.0
1820.8,0.0
2022.61,0.0
1585.21,0.0
888.486,0.0
1109.09,0.0
706.939,0.0
626.685,0.0
526.696,0.0
467.377,0.0
400.237,0.0
382.637,0.0
381.985,0.0
249.659,0.0
171.437,0.0
174.044,0.0
170.785,0.0
164.918,0.0
211.82,0.0
304.741,0.0
916.831,0.0
1207.06,0.0
902.911,0.0
1803.9,0.0
1663.88,0.0
1091.85,0.0
733.263,0.0
1622.75,0.0
1234.65,0.0
986.175,0.0
627.701,0.0
604.541,0.0
445.866,0.0
323.318,0.0
273.126,0.0
227.496,0.0
183.822,0.0
143.407,0.0
108.207,0.0
80.8295,0.0
50.8444,0.0
25.4222,0.0
54.1741,0.0
401.65,0.0
874.851,0.0
1284.51,0.0
1630.84,0.0
1888.32,0.0
2052.37,0.0
2080.37,0.0
1998.59,0.0
1721.24,0.0
1577.67,0.0
1314.38,0.0
1060.01,0.0
748.332,0.0
533.866,0.0
421.096,0.0
324.622,0.0
288.118,0.0
207.94,0.0
169.481,0.0
141.452,0.0
101.689,0.0
57.3629,0.0
17.6,0.0
44.3452,0.0
371.301,0.0
843.223,0.0
1217.24,0.0
1544.93,0.0
1841.99,0.0
2029.55,0.0
2098.36,0.0
2057.8,0.0
1879.92,0.0
1708.7,0.0
1394.11,0.0
1118.67,0.0
781.941,0.0
546.251,0.0
473.896,0.0
423.703,0.0
386.548,0.0
355.911,0.0
320.059,0.0
290.726,0.0
260.089,0.0
209.896,0.0
281.6,0.0
202.278,0.0
301.974,0.0
465.997,0.0
544.354,0.0
819.897,0.0
1151.51,0.0
1281.4,0.0
1512.13,0.0
1356.18,0.0
1114.3,0.0
930.29,0.0
763.722,0.0
529.764,0.0
328.706,0.0
227.496,0.0
269.215,0.0
281.6,0.0
241.837,0.0
200.118,0.0
140.8,0.0
86.6962,0.0
39.7629,0.0
7.17036,0.0
0.0,0.0
14.7817,0.0
263.374,0.0
675.965,0.0
904.893,0.0
1265.67,0.0
1720.6,0.0
1878.6,0.0
1876.96,0.0
1810.93,0.0
1380.73,0.0
823.819,0.0
647.979,0.0
589.018,0.0
453.318,0.0
371.555,0.0
287.466,0.0
247.703,0.0
193.6,0.0
157.748,0.0
125.807,0.0
88.6517,0.0
71.7036,0.0
71.0518,0.0
51.4962,0.0
80.0692,0.0
156.438,0.0
485.355,0.0
963.867,0.0
1297.73,0.0
1510.63,0.0
1475.81,0.0
1541.82,0.0
1302.08,0.0
665.822,0.0
538.73,0.0
953.27,0.0
785.872,0.0
444.294,0.0
332.444,0.0
217.066,0.0
179.259,0.0
157.748,0.0
141.452,0.0
112.77,0.0
104.948,0.0
90.6073,0.0
81.4814,0.0
58.6666,0.0
69.1985,0.0
361.159,0.0
525.144,0.0
724.388,0.0
880.43,0.0
1509.15,0.0
1562.37,0.0
1606.7,0.0
1670.63,0.0
1506.76,0.0
1389.06,0.0
1232.12,0.0
731.02,0.0
514.228,0.0
316.8,0.0
264.0,0.0
215.111,0.0
166.222,0.0
140.8,0.0
112.77,0.0
76.9184,0.0
63.2296,0.0
56.711,0.0
54.7555,0.0
79.7304,0.0
97.9823,0.0
531.535,0.0
508.407,0.0
1004.09,0.0
1149.49,0.0
718.482,0.0
745.604,0.0
1135.96,0.0
487.457,0.0
587.945,0.0
512.209,0.0
377.422,0.0
199.256,0.0
158.4,0.0
107.555,0.0
77.5703,0.0
43.674,0.0
17.6,0.0
13.037,0.0
12.3852,0.0
17.6,0.0
7.82221,0.0
2.6074,0.0
37.7756,0.0
300.485,0.0
628.847,0.0
993.111,0.0
1305.78,0.0
1524.03,0.0
1589.24,0.0
1319.0,0.0
1545.11,0.0
1229.6,0.0
1108.0,0.0
770.285,0.0
638.892,0.0
325.261,0.0
174.044,0.0
119.941,0.0
69.0962,0.0
25.4222,0.0
0.0,0.0
0.0,0.0
0.0,0.0
0.0,0.0
0.0,0.0
0.0,0.0
22.9938,0.0
266.071,0.0
614.142,0.0
1023.44,0.0
1364.19,0.0
1625.58,0.0
1795.8,0.0
1844.98,0.0
1836.12,0.0
1684.5,0.0
1474.56,0.0
1197.41,0.0
871.188,0.0
532.16,0.0
350.044,0.0
273.126,0.0
171.437,0.0
100.385,0.0
54.7555,0.0
26.074,0.0
1.95555,0.0
0.0,0.0
0.0,0.0
5.21481,0.0
26.8794,0.0
307.426,0.0
755.204,0.0
1116.55,0.0
1480.19,0.0
1752.33,0.0
1932.72,0.0
1970.42,0.0
1941.26,0.0
1800.82,0.0
1583.66,0.0
1308.46,0.0
988.131,0.0
641.281,0.0
460.859,0.0
374.814,0.0
285.511,0.0
214.459,0.0
157.096,0.0
112.77,0.0
73.6592,0.0
40.4148,0.0
28.6814,0.0
34.5481,0.0
87.4759,0.0
352.013,0.0
797.523,0.0
1178.06,0.0
1524.65,0.0
1806.93,0.0
1992.2,0.0
2028.6,0.0
2005.35,0.0
1861.0,0.0
1643.52,0.0
1358.52,0.0
1034.96,0.0
693.378,0.0
529.303,0.0
436.74,0.0
360.474,0.0
298.548,0.0
252.918,0.0
213.807,0.0
216.415,0.0
212.503,0.0
190.341,0.0
163.615,0.0
138.531,0.0
287.965,0.0
452.079,0.0
489.477,0.0
666.008,0.0
1455.24,0.0
1644.57,0.0
1472.15,0.0
919.783,0.0
1157.99,0.0
1339.44,0.0
1202.89,0.0
737.033,0.0
505.127,0.0
371.555,0.0
311.585,0.0
261.392,0.0
228.148,0.0
177.955,0.0
128.415,0.0
74.9629,0.0
28.6814,0.0
0.0,0.0
0.0,0.0
0.0,0.0
239.793,0.0
680.477,0.0
994.9,0.0
1034.18,0.0
1592.22,0.0
1712.31,0.0
1793.18,0.0
1429.53,0.0
855.876,0.0
889.478,0.0
629.734,0.0
607.124,0.0
339.583,0.0
245.748,0.0
204.029,0.0
207.289,0.0
189.037,0.0
153.837,0.0
134.933,0.0
89.9555,0.0
76.2666,0.0
36.5037,0.0
9.12591,0.0
0.0,0.0
191.824,0.0
617.222,0.0
1002.08,0.0
1359.89,0.0
1604.28,0.0
1748.48,0.0
1775.16,0.0
1725.7,0.0
1576.17,0.0
1344.3,0.0
1056.07,0.0
714.123,0.0
381.665,0.0
243.792,0.0
149.926,0.0
39.7629,0.0
0.0,0.0
0.0,0.0
0.0,0.0
0.0,0.0
0.0,0.0
0.0,0.0
0.0,0.0
0.0,0.0
198.732,0.0
596.887,0.0
968.794,0.0
1178.68,0.0
1613.8,0.0
1771.83,0.0
1862.87,0.0
1850.53,0.0
1719.97,0.0
1505.05,0.0
1208.0,0.0
899.172,0.0
563.481,0.0
430.874,0.0
392.414,0.0
357.866,0.0
319.407,0.0
284.207,0.0
254.222,0.0
209.896,0.0
158.4,0.0
106.904,0.0
61.274,0.0
22.8148,0.0
167.347,0.0
541.179,0.0
1043.46,0.0
1330.09,0.0
1551.38,0.0
1699.75,0.0
1727.99,0.0
1687.01,0.0
1548.9,0.0
1325.84,0.0
1034.3,0.0
709.746,0.0
379.218,0.0
285.511,0.0
219.022,0.0
160.355,0.0
75.6147,0.0
11.7333,0.0
0.0,0.0
0.0,0.0
0.0,0.0
17.6,0.0
5.86666,0.0
0.0,0.0
221.726,0.0
561.278,0.0
936.751,0.0
1303.18,0.0
1549.51,0.0
1750.23,0.0
1783.19,0.0
1745.32,0.0
1650.43,0.0
1442.71,0.0
1164.54,0.0
834.747,0.0
512.272,0.0
386.548,0.0
337.007,0.0
293.333,0.0
267.259,0.0
225.54,0.0
183.822,0.0
152.533,0.0
133.629,0.0
99.0814,0.0
71.0518,0.0
43.0222,0.0
259.693,0.0
690.523,0.0
1066.44,0.0
1442.74,0.0
1752.73,0.0
1975.08,0.0
2069.86,0.0
2045.07,0.0
1736.77,0.0
1139.35,0.0
1429.48,0.0
934.525,0.0
726.316,0.0
602.962,0.0
559.94,0.0
526.696,0.0
473.244,0.0
428.918,0.0
383.94,0.0
342.874,0.0
307.022,0.0
266.607,0.0
219.674,0.0
170.785,0.0
370.508,0.0
811.768,0.0
1209.05,0.0
1554.83,0.0
1903.28,0.0
1979.55,0.0
1908.6,0.0
2075.75,0.0
1883.04,0.0
1594.24,0.0
1260.64,0.0
973.105,0.0
850.666,0.0
754.844,0.0
603.614,0.0
563.851,0.0
560.592,0.0
370.903,0.0
329.185,0.0
329.185,0.0
274.429,0.0
125.155,0.0
43.674,0.0
4.56296,0.0
195.447,0.0
473.048,0.0
875.215,0.0
1180.74,0.0
1420.26,0.0
1445.79,0.0
1493.3,0.0
644.305,0.0
629.913,0.0
495.644,0.0
747.579,0.0
416.949,0.0
192.296,0.0
146.015,0.0
100.385,0.0
54.1036,0.0
8.47406,0.0
0.0,0.0
0.0,0.0
0.0,0.0
0.0,0.0
0.0,0.0
0.0,0.0
0.0,0.0
220.084,0.0
519.003,0.0
798.214,0.0
1026.51,0.0
1232.91,0.0
1383.79,0.0
1446.57,0.0
1282.85,0.0
1171.97,0.0
923.139,0.0
508.26,0.0
321.152,0.0
86.0443,0.0
0.0,0.0
0.0,0.0
0.0,0.0
0.0,0.0
0.0,0.0
0.0,0.0
0.0,0.0
0.0,0.0
0.0,0.0
0.0,0.0
0.0,0.0
0.0,0.0
0.0,0.0
832.788,0.0
1188.9,0.0
1453.94,0.0
1268.56,0.0
1341.49,0.0
1414.39,0.0
1216.78,0.0
1003.99,0.0
815.557,0.0
527.035,0.0
264.652,0.0
147.97,0.0
38.4592,0.0
0.0,0.0
0.0,0.0
0.0,0.0
0.0,0.0
0.0,0.0
0.0,0.0
0.0,0.0
0.0,0.0
0.0,0.0
192.163,0.0
233.223,0.0
667.057,0.0
962.27,0.0
996.127,0.0
916.0,0.0
1205.38,0.0
1431.23,0.0
1128.67,0.0
846.852,0.0
771.531,0.0
487.962,0.0
311.585,0.0
234.666,0.0
206.637,0.0
197.511,0.0
203.378,0.0
190.341,0.0
169.481,0.0
157.748,0.0
151.229,0.0
123.2,0.0
159.052,0.0
162.963,0.0
285.313,0.0
598.791,0.0
562.983,0.0
1413.72,0.0
1688.4,0.0
1601.15,0.0
1490.3,0.0
1757.11,0.0
1512.76,0.0
1169.86,0.0
1093.94,0.0
763.568,0.0
443.911,0.0
361.125,0.0
308.326,0.0
267.259,0.0
235.97,0.0
224.237,0.0
209.896,0.0
186.429,0.0
147.318,0.0
104.948,0.0
66.4888,0.0
27.3777,0.0
68.2017,0.0
346.249,0.0
767.819,0.0
1186.83,0.0
1452.46,0.0
1578.2,0.0
1651.34,0.0
1586.5,0.0
1414.65,0.0
1176.86,0.0
874.837,0.0
546.738,0.0
231.407,0.0
142.104,0.0
94.5184,0.0
27.3777,0.0
0.0,0.0
0.0,0.0
0.0,0.0
0.0,0.0
0.0,0.0
0.0,0.0
0.0,0.0
0.0,0.0
200.375,0.0
497.652,0.0
800.617,0.0
1134.22,0.0
1384.25,0.0
1546.62,0.0
1608.58,0.0
1593.28,0.0
1432.1,0.0
1186.56,0.0
870.383,0.0
570.728,0.0
292.681,0.0
197.511,0.0
64.5333,0.0
0.0,0.0
0.0,0.0
0.0,0.0
0.0,0.0
0.0,0.0
0.0,0.0
0.0,0.0
0.0,0.0
0.0,0.0
170.811,0.0
463.161,0.0
836.577,0.0
1192.35,0.0
1467.17,0.0
1644.25,0.0
1717.7,0.0
1683.55,0.0
1526.01,0.0
1279.31,0.0
977.6,0.0
650.516,0.0
338.963,0.0
239.229,0.0
152.533,0.0
85.3925,0.0
28.6814,0.0
0.0,0.0
0.0,0.0
0.0,0.0
0.0,0.0
0.0,0.0
0.0,0.0
0.0,0.0
45.9876,0.0
318.629,0.0
310.321,0.0
240.559,0.0
236.782,0.0
222.16,0.0
242.432,0.0
793.395,0.0
1080.15,0.0
802.508,0.0
460.752,0.0
89.7958,0.0
12.3852,0.0
0.0,0.0
0.0,0.0
0.0,0.0
0.0,0.0
0.0,0.0
0.0,0.0
0.0,0.0
0.0,0.0
0.0,0.0
0.0,0.0
0.0,0.0
182.308,0.0
479.585,0.0
0.0,0.0
0.0,0.0
0.0,0.0
0.0,0.0
0.0,0.0
1322.09,0.0
1161.69,0.0
921.241,0.0
636.918,0.0
314.685,0.0
44.3259,0.0
0.0,0.0
0.0,0.0
0.0,0.0
0.0,0.0
0.0,0.0
0.0,0.0
0.0,0.0
0.0,0.0
0.0,0.0
0.0,0.0
0.0,0.0
0.0,0.0
0.0,0.0
0.0,0.0
0.0,0.0
0.0,0.0
0.0,0.0
0.0,0.0
0.0,0.0
0.0,0.0
0.0,0.0
0.0,0.0
0.0,0.0
0.0,0.0
0.0,0.0
0.0,0.0
0.0,0.0
0.0,0.0
0.0,0.0
0.0,0.0
0.0,0.0
0.0,0.0
0.0,0.0
0.0,0.0
0.0,0.0
160.957,0.0
451.664,0.0
727.59,0.0
1004.12,0.0
1281.21,0.0
1438.3,0.0
1508.15,0.0
1453.3,0.0
1310.57,0.0
1067.49,0.0
774.618,0.0
438.045,0.0
179.911,0.0
28.6814,0.0
0.0,0.0
0.0,0.0
0.0,0.0
0.0,0.0
0.0,0.0
0.0,0.0
0.0,0.0
0.0,0.0
0.0,0.0
0.0,0.0
149.46,0.0
440.167,0.0
716.093,0.0
1018.05,0.0
1316.96,0.0
1488.1,0.0
1517.28,0.0
1441.91,0.0
1316.93,0.0
1079.78,0.0
780.357,0.0
449.049,0.0
196.207,0.0
70.3999,0.0
0.0,0.0
0.0,0.0
0.0,0.0
0.0,0.0
0.0,0.0
0.0,0.0
0.0,0.0
0.0,0.0
0.0,0.0
0.0,0.0
133.036,0.0
420.458,0.0
698.027,0.0
1056.12,0.0
1345.54,0.0
1510.11,0.0
1554.09,0.0
1460.32,0.0
1269.68,0.0
1049.3,0.0
790.684,0.0
458.802,0.0
188.385,0.0
88.6517,0.0
12.3852,0.0
0.0,0.0
0.0,0.0
0.0,0.0
0.0,0.0
0.0,0.0
0.0,0.0
0.0,0.0
0.0,0.0
0.0,0.0
128.108,0.0
417.174,0.0
691.457,0.0
1008.12,0.0
1279.31,0.0
1468.1,0.0
1548.3,0.0
1509.1,0.0
1360.46,0.0
1113.52,0.0
812.796,0.0
484.121,0.0
231.407,0.0
142.104,0.0
78.874,0.0
25.4222,0.0
0.0,0.0
0.0,0.0
0.0,0.0
0.0,0.0
0.0,0.0
0.0,0.0
0.0,0.0
0.0,0.0
87.048,0.0
282.496,0.0
387.195,0.0
941.858,0.0
1335.62,0.0
1504.33,0.0
1508.82,0.0
1420.24,0.0
1368.91,0.0
1067.93,0.0
767.908,0.0
479.667,0.0
304.414,0.0
251.615,0.0
125.155,0.0
79.5258,0.0
42.3703,0.0
5.86666,0.0
0.0,0.0
0.0,0.0
0.0,0.0
0.0,0.0
0.0,0.0
0.0,0.0
91.9753,0.0
323.556,0.0
412.246,0.0
790.852,0.0
1176.58,0.0
1410.31,0.0
1448.41,0.0
1164.2,0.0
875.949,0.0
957.884,0.0
713.318,0.0
445.227,0.0
308.326,0.0
250.311,0.0
147.318,0.0
131.674,0.0
111.467,0.0
88.6517,0.0
16.2963,0.0
0.0,0.0
0.0,0.0
0.0,0.0
0.0,0.0
0.0,0.0
137.963,0.0
385.968,0.0
607.694,0.0
715.582,0.0
1234.99,0.0
1341.42,0.0
1340.29,0.0
723.268,0.0
806.648,0.0
758.181,0.0
547.997,0.0
414.38,0.0
246.4,0.0
198.163,0.0
121.896,0.0
114.726,0.0
82.7851,0.0
44.3259,0.0
7.17036,0.0
0.0,0.0
0.0,0.0
0.0,0.0
0.0,0.0
0.0,0.0
39.418,0.0
229.938,0.0
407.319,0.0
823.253,0.0
987.711,0.0
633.69,0.0
598.132,0.0
1046.62,0.0
711.286,0.0
572.071,0.0
302.919,0.0
216.818,0.0
38.4592,0.0
0.0,0.0
0.0,0.0
0.0,0.0
0.0,0.0
0.0,0.0
0.0,0.0
0.0,0.0
0.0,0.0
0.0,0.0
0.0,0.0
0.0,0.0
22.9938,0.0
36.1331,0.0
160.957,0.0
133.036,0.0
356.066,0.0
275.798,0.0
423.36,0.0
342.811,0.0
145.325,0.0
69.8697,0.0
172.454,0.0
91.9753,0.0
0.0,0.0
0.0,0.0
0.0,0.0
0.0,0.0
0.0,0.0
0.0,0.0
0.0,0.0
0.0,0.0
0.0,0.0
0.0,0.0
0.0,0.0
0.0,0.0
42.7028,0.0
142.89,0.0
289.065,0.0
529.254,0.0
768.772,0.0
883.855,0.0
1079.83,0.0
1222.47,0.0
1117.9,0.0
861.871,0.0
470.477,0.0
279.114,0.0
152.533,0.0
84.7406,0.0
0.0,0.0
0.0,0.0
0.0,0.0
0.0,0.0
0.0,0.0
0.0,0.0
0.0,0.0
0.0,0.0
0.0,0.0
0.0,0.0
85.4056,0.0
359.689,0.0
548.567,0.0
961.037,0.0
1181.02,0.0
1300.43,0.0
1353.29,0.0
1054.42,0.0
1025.67,0.0
673.204,0.0
584.117,0.0
314.154,0.0
147.97,0.0
86.6962,0.0
16.2963,0.0
0.0,0.0
0.0,0.0
0.0,0.0
0.0,0.0
0.0,0.0
0.0,0.0
0.0,0.0
0.0,0.0
0.0,0.0
85.4056,0.0
252.932,0.0
519.003,0.0
889.748,0.0
1109.06,0.0
1236.44,0.0
1265.02,0.0
1190.23,0.0
1029.54,0.0
788.18,0.0
493.766,0.0
156.643,0.0
0.0,0.0
0.0,0.0
0.0,0.0
0.0,0.0
0.0,0.0
0.0,0.0
0.0,0.0
0.0,0.0
0.0,0.0
0.0,0.0
0.0,0.0
0.0,0.0
93.6177,0.0
366.259,0.0
637.257,0.0
858.984,0.0
1113.81,0.0
1286.2,0.0
1287.56,0.0
1281.86,0.0
1190.96,0.0
951.794,0.0
660.614,0.0
316.659,0.0
149.274,0.0
47.5851,0.0
0.0,0.0
0.0,0.0
0.0,0.0
0.0,0.0
0.0,0.0
0.0,0.0
0.0,0.0
0.0,0.0
0.0,0.0
0.0,0.0
90.3329,0.0
358.047,0.0
619.191,0.0
926.309,0.0
1190.94,0.0
1345.02,0.0
1406.25,0.0
1264.48,0.0
1075.11,0.0
802.961,0.0
640.33,0.0
298.618,0.0
164.266,0.0
78.2221,0.0
0.0,0.0
0.0,0.0
0.0,0.0
0.0,0.0
0.0,0.0
0.0,0.0
0.0,0.0
0.0,0.0
0.0,0.0
0.0,0.0
83.7632,0.0
349.835,0.0
619.191,0.0
926.648,0.0
1191.85,0.0
1346.59,0.0
1388.2,0.0
1332.11,0.0
1191.36,0.0
939.102,0.0
640.726,0.0
324.379,0.0
157.096,0.0
93.2147,0.0
29.3333,0.0
0.0,0.0
0.0,0.0
0.0,0.0
0.0,0.0
0.0,0.0
0.0,0.0
0.0,0.0
0.0,0.0
0.0,0.0
78.836,0.0
346.55,0.0
607.694,0.0
921.67,0.0
1194.35,0.0
1370.63,0.0
1430.5,0.0
1382.87,0.0
1249.4,0.0
1002.75,0.0
689.666,0.0
327.146,0.0
168.829,0.0
84.0888,0.0
0.0,0.0
0.0,0.0
0.0,0.0
0.0,0.0
0.0,0.0
0.0,0.0
0.0,0.0
0.0,0.0
0.0,0.0
0.0,0.0
77.1935,0.0
331.768,0.0
591.27,0.0
797.159,0.0
811.794,0.0
910.741,0.0
1258.24,0.0
1142.75,0.0
810.566,0.0
816.509,0.0
583.727,0.0
265.847,0.0
130.37,0.0
22.8148,0.0
38.4592,0.0
0.0,0.0
0.0,0.0
0.0,0.0
0.0,0.0
0.0,0.0
0.0,0.0
0.0,0.0
0.0,0.0
0.0,0.0
34.4907,0.0
197.09,0.0
592.912,0.0
861.572,0.0
1108.42,0.0
1280.55,0.0
1316.97,0.0
1273.34,0.0
1091.18,0.0
857.781,0.0
585.344,0.0
251.116,0.0
123.852,0.0
26.7259,0.0
0.0,0.0
0.0,0.0
0.0,0.0
0.0,0.0
0.0,0.0
0.0,0.0
0.0,0.0
0.0,0.0
0.0,0.0
0.0,0.0
60.7694,0.0
308.774,0.0
540.355,0.0
832.168,0.0
1107.15,0.0
1246.11,0.0
1327.2,0.0
1286.01,0.0
1062.67,0.0
734.785,0.0
563.162,0.0
282.405,0.0
140.148,0.0
44.9777,0.0
67.1407,0.0
11.7333,0.0
0.0,0.0
0.0,0.0
0.0,0.0
0.0,0.0
0.0,0.0
0.0,0.0
0.0,0.0
0.0,0.0
55.8421,0.0
302.205,0.0
563.349,0.0
786.353,0.0
1062.01,0.0
1142.84,0.0
1279.3,0.0
1043.29,0.0
1026.48,0.0
778.785,0.0
552.911,0.0
63.8814,0.0
40.4148,0.0
16.2963,0.0
0.0,0.0
0.0,0.0
0.0,0.0
0.0,0.0
0.0,0.0
0.0,0.0
0.0,0.0
0.0,0.0
0.0,0.0
0.0,0.0
39.418,0.0
300.562,0.0
430.313,0.0
568.908,0.0
1031.01,0.0
1329.24,0.0
1232.33,0.0
818.861,0.0
985.844,0.0
850.879,0.0
536.596,0.0
252.918,0.0
172.741,0.0
114.074,0.0
55.4073,0.0
0.0,0.0
0.0,0.0
0.0,0.0
0.0,0.0
0.0,0.0
0.0,0.0
0.0,0.0
0.0,0.0
0.0,0.0
34.4907,0.0
187.235,0.0
510.791,0.0
764.618,0.0
1040.46,0.0
1200.31,0.0
1317.95,0.0
956.543,0.0
848.015,0.0
734.842,0.0
554.145,0.0
265.303,0.0
202.074,0.0
132.978,0.0
71.0518,0.0
15.6444,0.0
0.0,0.0
0.0,0.0
0.0,0.0
0.0,0.0
0.0,0.0
0.0,0.0
0.0,0.0
0.0,0.0
32.8483,0.0
316.986,0.0
589.71,0.0
955.623,0.0
1220.15,0.0
1344.91,0.0
1326.96,0.0
1373.52,0.0
974.474,0.0
900.093,0.0
688.426,0.0
404.8,0.0
340.918,0.0
307.674,0.0
261.392,0.0
235.318,0.0
209.896,0.0
189.689,0.0
172.089,0.0
157.748,0.0
136.237,0.0
116.029,0.0
99.0814,0.0
84.7406,0.0
91.649,0.0
170.983,0.0
322.936,0.0
200.662,0.0
237.684,0.0
192.137,0.0
1034.1,0.0
891.927,0.0
762.362,0.0
153.173,0.0
102.878,0.0
0.0,0.0
0.0,0.0
0.0,0.0
0.0,0.0
0.0,0.0
0.0,0.0
0.0,0.0
0.0,0.0
0.0,0.0
0.0,0.0
0.0,0.0
0.0,0.0
0.0,0.0
22.9938,0.0
188.878,0.0
0.0,0.0
0.0,0.0
0.0,0.0
0.0,0.0
0.0,0.0
0.0,0.0
0.0,0.0
0.0,0.0
0.0,0.0
0.0,0.0
0.0,0.0
0.0,0.0
0.0,0.0
0.0,0.0
0.0,0.0
0.0,0.0
0.0,0.0
0.0,0.0
0.0,0.0
0.0,0.0
0.0,0.0
0.0,0.0
0.0,0.0
0.0,0.0
0.0,0.0
0.0,0.0
0.0,0.0
0.0,0.0
0.0,0.0
0.0,0.0
0.0,0.0
0.0,0.0
0.0,0.0
0.0,0.0
0.0,0.0
0.0,0.0
0.0,2.8506
0.0,10.4716
0.0,17.7145
0.0,24.3465
0.0,29.6695
0.0,32.7819
0.0,33.3928
0.0,33.1601
0.0,33.5091
0.0,34.12
0.0,36.0688
0.0,39.1812
0.0,41.4792
0.0,41.3919
0.0,40.0248
0.0,38.1632
0.0,36.2434
0.0,34.469
0.0,32.6365
0.0,30.9785
0.0,28.7969
0.0,26.5862
0.0,24.6083
0.0,21.9031
0.0,12.8568
0.0,3.25783
0.0,0.0
0.0,0.0
0.0,0.0
0.0,0.0
0.0,0.0
0.0,0.0
0.0,0.0
0.0,0.0
0.0,0.0
0.0,0.0
0.0,0.0
0.0,0.0
0.0,0.0
0.0,0.0
0.0,0.0
0.0,0.0
0.0,0.0
0.0,0.0
0.0,0.0
0.0,0.0
0.0,0.0
0.0,0.0
0.0,0.0
0.0,0.0
0.0,0.0
0.0,0.0
0.0,0.0
0.0,0.0
0.0,0.0
0.0,9.83167
0.0,24.8119
0.0,39.0067
0.0,51.5726
0.0,61.3752
0.0,67.4837
0.0,70.0725
0.0,71.7014
0.0,73.5048
0.0,72.2831
0.0,69.2289
0.0,64.8367
0.0,60.9389
0.0,58.2046
0.0,55.4413
0.0,51.3108
0.0,44.5625
0.0,37.0869
0.0,30.9203
0.0,27.2843
0.0,23.3575
0.0,19.4306
0.0,14.8348
0.0,9.74441
0.0,6.1957
0.0,5.4685
0.0,7.09742
0.0,10.0935
0.0,12.4205
0.0,9.24991
0.0,4.39225
0.0,0.0
0.0,0.0
0.0,0.0
0.0,0.0
0.0,0.0
0.0,0.0
0.0,0.0
0.0,0.0
0.0,0.0
0.0,0.0
0.0,0.0
0.0,0.0
0.0,0.0
0.0,0.0
0.0,0.0
0.0,0.0
0.0,0.0
0.0,0.0
0.0,0.0
0.0,0.0
0.0,0.0
0.0,0.0
0.0,0.0
0.0,0.0
0.0,0.0
0.0,0.0
0.0,0.0581756
0.0,1.36713
0.0,2.6179
0.0,3.92685
0.0,5.55577
0.0,8.55181
0.0,9.91893
0.0,13.3804
0.0,14.4275
0.0,18.209
0.0,20.9432
0.0,22.8921
0.0,24.4046
0.0,25.1318
0.0,25.0155
0.0,24.521
0.0,23.3575
0.0,21.8449
0.0,19.4306
0.0,16.2019
0.0,13.7003
0.0,12.8859
0.0,14.2821
0.0,16.1146
0.0,17.7435
0.0,19.0525
0.0,20.3905
0.0,21.7577
0.0,23.3284
0.0,24.6664
0.0,25.7136
0.0,26.848
0.0,28.7969
0.0,29.9022
0.0,28.9423
0.0,25.6845
0.0,20.7687
0.0,14.8057
0.0,8.11549
0.0,0.552668
0.0,0.0
0.0,0.0
0.0,0.0
0.0,0.0
0.0,0.0
0.0,0.0
0.0,0.0
0.0,0.0
0.0,0.0
0.0,0.0
0.0,0.0
0.0,0.0
0.0,0.0
0.0,0.0
0.0,0.0
0.0,0.0
0.0,0.0
0.0,0.0
0.0,0.0
0.0,0.0
0.0,0.0
0.0,0.0
0.0,0.0
0.0,0.0
0.0,0.0
0.0,0.0
0.0,0.0
0.0,0.0
0.0,0.0
0.0,0.0
0.0,0.0
0.0,0.0
0.0,0.0
0.0,0.0
0.0,0.0
0.0,0.0
0.0,0.0
0.0,0.0
0.0,0.0
0.0,0.0
0.0,1.74527
0.0,8.43546
0.0,14.8929
0.0,21.0014
0.0,27.3425
0.0,33.6255
0.0,40.7229
0.0,47.384
0.0,51.1654
0.0,54.1614
0.0,57.1866
0.0,62.0733
0.0,71.6432
0.0,79.7296
0.0,83.511
0.0,86.0707
0.0,87.7287
0.0,88.5141
0.0,89.4158
0.0,90.8702
0.0,93.3136
0.0,98.084
0.0,103.0
0.0,107.305
0.0,111.348
0.0,113.355
0.0,113.006
0.0,111.115
0.0,108.846
0.0,106.985
0.0,104.105
0.0,101.865
0.0,102.214
0.0,103.116
0.0,105.123
0.0,106.083
0.0,105.676
0.0,108.352
0.0,115.944
0.0,126.532
0.0,138.138
0.0,150.122
0.0,163.037
0.0,175.894
0.0,188.14
0.0,198.844
0.0,208.996
0.0,218.158
0.0,226.187
0.0,234.913
0.0,245.85
0.0,257.921
0.0,269.702
0.0,281.308
0.0,295.27
0.0,311.908
0.0,328.866
0.0,345.825
0.0,362.317
0.0,377.298
0.0,389.922
0.0,401.12
0.0,410.487
0.0,418.02
0.0,424.972
0.0,431.255
0.0,435.939
0.0,439.953
0.0,443.298
0.0,445.625
0.0,448.737
0.0,453.915
0.0,460.46
0.0,466.597
0.0,472.007
0.0,477.185
0.0,481.868
0.0,485.01
0.0,486.609
0.0,487.191
0.0,488.151
0.0,489.053
0.0,490.885
0.0,494.085
0.0,495.452
0.0,493.212
0.0,488.733
0.0,483.206
0.0,477.243
0.0,470.931
0.0,464.648
0.0,458.627
0.0,453.828
0.0,451.85
0.0,449.057
0.0,444.17
0.0,437.887
0.0,431.924
0.0,426.689
0.0,421.947
0.0,417.991
0.0,415.577
0.0,413.686
0.0,410.807
0.0,406.705
0.0,402.255
0.0,396.845
0.0,390.387
0.0,387.915
0.0,387.624
0.0,388.06
0.0,387.973
0.0,386.955
0.0,385.18
0.0,382.941
0.0,380.526
0.0,378.287
0.0,375.814
0.0,373.022
0.0,370.287
0.0,368.193
0.0,366.128
0.0,364.15
0.0,362.259
0.0,360.398
0.0,358.507
0.0,356.82
0.0,355.976
0.0,355.889
0.0,355.889
0.0,355.569
0.0,354.318
0.0,354.725
0.0,354.26
0.0,352.224
0.0,349.49
0.0,347.803
0.0,348.006
0.0,349.199
0.0,349.897
0.0,349.926
0.0,348.413
0.0,345.592
0.0,341.171
0.0,335.324
0.0,328.11
0.0,319.675
0.0,310.105
0.0,299.168
0.0,286.166
0.0,271.156
0.0,255.856
0.0,240.236
0.0,224.354
0.0,209.17
0.0,196.11
0.0,182.206
0.0,170.28
0.0,160.506
0.0,152.1
0.0,141.657
0.0,128.539
0.0,113.384
0.0,98.6657
0.0,84.0637
0.0,68.909
0.0,54.8305
0.0,43.1663
0.0,32.0838
0.0,21.6122
0.0,12.3914
0.0,4.74131
0.0,0.0
0.0,0.0
0.0,0.0
0.0,0.0
0.0,0.0
0.0,0.0
0.0,0.0
0.0,0.0
0.0,0.0
0.0,0.0
0.0,0.0
0.0,0.0
0.0,0.0
0.0,0.0
0.0,0.0
0.0,0.0
0.0,0.0
0.0,0.0
0.0,2.29793
0.0,4.91583
0.0,5.81756
0.0,7.06833
0.0,7.82461
0.0,7.06833
0.0,5.03219
0.0,2.29793
0.0,0.0
0.0,0.0
0.0,0.0
0.0,0.0
0.0,0.0
0.0,0.0
0.0,0.0
0.0,0.0
0.0,0.0
0.0,0.0
0.0,0.0
0.0,0.0
0.0,0.0
0.0,0.0
0.0,0.0
0.0,0.0
0.0,0.0
0.0,0.0
0.0,0.0
0.0,0.0
0.0,0.0
0.0,0.0
0.0,0.0
0.0,0.0
0.0,0.0
0.0,0.0
0.0,0.0
0.0,0.0
0.0,0.0
157.672,0.0
147.817,0.0
351.905,0.0
587.281,0.0
797.683,0.0
611.521,0.0
659.726,0.0
492.864,0.0
484.672,0.0
130.939,0.0
0.0,0.0
0.0,0.0
0.0,0.0
0.0,0.0
0.0,0.0
0.0,0.0
0.0,0.0
0.0,0.0
0.0,0.0
0.0,0.0
0.0,0.0
0.0,0.0
0.0,0.0
0.0,0.0
160.957,0.0
405.677,0.0
609.336,0.0
750.584,0.0
799.857,0.0
641.929,0.0
0.0,0.0
0.0,0.0
0.0,0.0
0.0,0.0
0.0,0.0
0.0,0.0
0.0,0.0
0.0,0.0
0.0,0.0
0.0,0.0
0.0,0.0
0.0,0.0
0.0,0.0
0.0,0.0
0.0,0.0
0.0,0.0
0.0,0.0
0.0,0.0
0.0,0.0
0.0,0.0
0.0,0.0
0.0,0.0
0.0,0.0
0.0,0.0
0.0,0.0
0.0,0.0
0.0,0.0
0.0,0.0
0.0,0.0
0.0,0.0
0.0,0.0
0.0,0.0
0.0,0.0
0.0,0.0
0.0,0.0
0.0,0.0
0.0,0.0
0.0,0.0
0.0,0.0
0.0,0.0
0.0,0.0
0.0,0.0
0.0,0.290878
0.0,6.63201
0.0,7.21377
0.0,6.60293
0.0,5.17762
0.0,4.59587
0.0,3.98503
0.0,3.40327
0.0,2.32702
0.0,0.959897
0.0,0.0
0.0,0.407229
0.0,2.23976
0.0,2.8506
0.0,2.82151
0.0,1.62892
0.0,0.0
0.0,0.0
0.0,0.0
0.0,0.0
0.0,0.0
0.0,0.0
0.0,0.0
0.0,0.0
0.0,0.0
0.0,0.0
0.0,0.0
0.0,0.0
0.0,0.0
0.0,0.0
0.0,0.0
0.0,0.0
0.0,0.0
0.0,0.0
0.0,0.0
0.0,0.0
0.0,0.0
0.0,0.0
0.0,0.0
0.0,0.0
0.0,0.0
0.0,0.0
0.0,0.0
0.0,0.0
0.0,0.0
0.0,0.0
0.0,0.0
0.0,0.0
0.0,0.0
0.0,0.0
0.0,0.0
0.0,0.0
0.0,0.0
0.0,0.0
0.0,8.66816
0.0,15.7656
0.0,20.7396
0.0,24.9282
0.0,26.3535
0.0,27.0225
0.0,26.9353
0.0,26.1208
0.0,24.6955
0.0,24.3465
0.0,24.6083
0.0,26.8771
0.0,31.3857
0.0,39.6757
0.0,52.0671
0.0,68.4435
0.0,88.7759
0.0,112.861
0.0,139.621
0.0,168.156
0.0,194.917
0.0,220.136
0.0,242.767
0.0,264.001
0.0,284.857
0.0,308.447
0.0,333.171
0.0,357.605
0.0,383.261
0.0,408.712
0.0,435.619
0.0,463.776
0.0,488.151
0.0,512.818
0.0,542.545
0.0,572.971
0.0,602.233
0.0,626.144
0.0,647.959
0.0,667.914
0.0,684.174
0.0,697.787
0.0,710.178
0.0,719.952
0.0,725.304
0.0,728.911
0.0,731.034
0.0,731.965
0.0,732.285
0.0,732.372
0.0,732.896
0.0,734.496
0.0,742.0
0.0,746.422
0.0,747.585
0.0,745.083
0.0,744.444
0.0,741.767
0.0,732.838
0.0,722.162
0.0,711.429
0.0,703.168
0.0,693.744
0.0,683.01
0.0,672.684
0.0,661.922
0.0,650.228
0.0,641.618
0.0,627.336
0.0,610.523
0.0,593.478
0.0,577.072
0.0,561.452
0.0,546.21
0.0,530.823
0.0,514.737
0.0,494.056
0.0,479.396
0.0,468.168
0.0,450.773
0.0,435.909
0.0,425.961
0.0,420.958
0.0,418.108
0.0,416.45
0.0,416.362
0.0,417.497
0.0,419.998
0.0,423.634
0.0,428.201
0.0,433.001
0.0,433.088
0.0,438.586
0.0,443.472
0.0,446.556
0.0,448.417
0.0,449.552
0.0,450.366
0.0,451.268
0.0,453.595
0.0,455.835
0.0,455.864
0.0,455.747
0.0,465.259
0.0,475.411
0.0,483.235
0.0,488.209
0.0,492.34
0.0,496.557
0.0,500.95
0.0,505.138
0.0,508.513
0.0,511.276
0.0,513.399
0.0,515.086
0.0,515.115
0.0,516.657
0.0,519.915
0.0,523.086
0.0,525.005
0.0,525.849
0.0,525.936
0.0,525.965
0.0,526.46
0.0,526.721
0.0,525.878
0.0,523.9
0.0,523.406
0.0,522.882
0.0,522.097
0.0,520.846
0.0,519.42
0.0,517.646
0.0,514.679
0.0,511.45
0.0,507.96
0.0,503.8
0.0,498.652
0.0,493.649
0.0,491.729
0.0,489.664
0.0,487.831
0.0,487.046
0.0,486.959
0.0,487.744
0.0,488.936
0.0,490.74
0.0,490.565
0.0,488.209
0.0,484.893
0.0,480.297
0.0,472.269
0.0,460.809
0.0,447.225
0.0,432.128
0.0,415.984
0.0,399.288
0.0,383.086
0.0,367.35
0.0,352.078
0.0,337.564
0.0,324.794
0.0,312.81
0.0,300.855
0.0,290.936
0.0,281.948
0.0,273.745
0.0,266.386
0.0,259.841
0.0,253.529
0.0,246.839
0.0,241.894
0.0,238.374
0.0,235.727
0.0,234.36
0.0,233.168
0.0,234.36
0.0,237.327
0.0,241.836
0.0,247.653
0.0,254.402
0.0,261.586
0.0,269.062
0.0,277.177
0.0,285.846
0.0,294.456
0.0,302.862
0.0,309.668
0.0,312.025
0.0,313.217
0.0,314.032
0.0,315.108
0.0,315.661
0.0,316.301
0.0,317.115
0.0,318.162
0.0,319.995
0.0,322.409
0.0,325.405
0.0,328.75
0.0,332.415
0.0,335.528
0.0,339.134
0.0,343.265
0.0,347.279
0.0,350.77
0.0,353.475
0.0,355.656
0.0,357.722
0.0,359.729
0.0,361.852
0.0,363.248
0.0,364.703
0.0,367.117
0.0,370.578
0.0,375.174
0.0,381.893
0.0,389.98
0.0,397.688
0.0,402.837
0.0,404.524
0.0,403.855
0.0,401.033
0.0,395.914
0.0,390.271
0.0,385.413
0.0,380.439
0.0,375.32
0.0,371.422
0.0,368.571
0.0,366.71
0.0,365.43
0.0,363.917
0.0,362.23
0.0,360.223
0.0,359.612
0.0,360.892
0.0,362.754
0.0,364.673
0.0,365.75
0.0,364.703
0.0,362.114
0.0,359.321
0.0,358.303
0.0,360.165
0.0,364.354
0.0,370.869
0.0,380.148
0.0,390.62
0.0,401.382
0.0,411.941
0.0,422.035
0.0,431.43
0.0,440.302
0.0,448.475
0.0,455.456
0.0,461.361
0.0,465.346
0.0,471.135
0.0,477.476
0.0,478.058
0.0,475.207
0.0,470.873
0.0,466.306
0.0,461.914
0.0,458.045
0.0,454.729
0.0,450.686
0.0,447.835
0.0,448.097
0.0,450.482
0.0,454.584
0.0,458.074
0.0,460.809
0.0,462.903
0.0,464.648
0.0,465.666
0.0,466.044
0.0,466.335
0.0,467.121
0.0,468.633
0.0,471.775
0.0,473.171
0.0,472.822
0.0,479.105
0.0,488.617
0.0,500.659
0.0,513.894
0.0,528.758
0.0,544.581
0.0,559.649
0.0,574.367
0.0,588.126
0.0,599.063
0.0,607.935
0.0,613.869
0.0,619.366
0.0,625.242
0.0,631.496
0.0,638.419
0.0,645.516
0.0,652.206
0.0,658.635
0.0,664.888
0.0,671.259
0.0,676.931
0.0,682.457
0.0,690.457
0.0,698.863
0.0,708.491
0.0,718.73
0.0,728.125
0.0,736.997
0.0,744.734
0.0,752.297
0.0,759.162
0.0,763.351
0.0,766.027
0.0,767.917
0.0,770.07
0.0,772.804
0.0,775.567
0.0,778.593
0.0,781.996
0.0,787.086
0.0,794.009
0.0,801.63
0.0,809.717
0.0,817.657
0.0,825.831
0.0,833.19
0.0,841.131
0.0,844.098
0.0,845.524
0.0,845.378
0.0,845.495
0.0,845.0
0.0,844.826
0.0,845.698
0.0,848.2
0.0,854.395
0.0,864.169
0.0,875.339
0.0,883.57
0.0,891.919
0.0,900.645
0.0,909.72
0.0,917.836
0.0,923.595
0.0,926.969
0.0,928.598
0.0,928.017
0.0,924.73
0.0,920.774
0.0,917.283
0.0,918.65
0.0,919.727
0.0,918.301
0.0,915.974
0.0,913.589
0.0,911.32
0.0,909.517
0.0,908.382
0.0,908.44
0.0,909.08
0.0,908.789
0.0,903.845
0.0,901.721
0.0,898.318
0.0,894.071
0.0,892.209
0.0,891.453
0.0,891.191
0.0,891.395
0.0,891.919
0.0,893.722
0.0,898.725
0.0,904.921
0.0,911.087
0.0,913.589
0.0,916.847
0.0,920.657
0.0,923.944
0.0,926.504
0.0,928.744
0.0,930.954
0.0,934.038
0.0,936.568
0.0,936.976
0.0,936.103
0.0,939.012
0.0,940.001
0.0,939.972
0.0,939.681
0.0,937.528
0.0,933.66
0.0,927.406
0.0,919.668
0.0,912.949
0.0,907.306
0.0,902.797
0.0,900.558
0.0,899.481
0.0,898.085
0.0,896.805
0.0,896.951
0.0,898.289
0.0,900.296
0.0,902.565
0.0,904.514
0.0,905.503
0.0,906.579
0.0,909.08
0.0,911.087
0.0,909.662
0.0,909.022
0.0,909.488
0.0,915.218
0.0,917.37
0.0,916.12
0.0,916.352
0.0,918.97
0.0,924.875
0.0,928.773
0.0,930.198
0.0,928.598
0.0,927.173
0.0,927.755
0.0,928.773
0.0,928.686
0.0,928.104
0.0,927.522
0.0,926.853
0.0,926.068
0.0,924.846
0.0,924.031
0.0,924.119
0.0,926.388
0.0,932.612
0.0,941.281
0.0,948.843
0.0,949.367
0.0,950.443
0.0,954.865
0.0,959.46
0.0,962.631
0.0,961.118
0.0,959.228
0.0,958.762
0.0,959.635
0.0,959.14
0.0,958.471
0.0,958.733
0.0,959.402
0.0,960.129
0.0,960.798
0.0,961.467
0.0,962.427
0.0,964.085
0.0,966.034
0.0,967.605
0.0,969.205
0.0,969.99
0.0,968.129
0.0,966.209
0.0,964.202
0.0,963.213
0.0,962.631
0.0,963.387
0.0,965.162
0.0,968.681
0.0,972.375
0.0,973.742
0.0,973.335
0.0,973.161
0.0,971.619
0.0,975.575
0.0,982.44
0.0,989.799
0.0,995.675
0.0,1000.68
0.0,1004.58
0.0,1008.68
0.0,1011.35
0.0,1011.09
0.0,1007.19
0.0,1002.04
0.0,998.293
0.0,995.907
0.0,994.337
0.0,992.708
0.0,991.282
0.0,988.868
0.0,985.61
0.0,980.695
0.0,977.553
0.0,977.117
0.0,977.786
0.0,978.717
0.0,976.942
0.0,974.906
0.0,972.026
0.0,968.885
0.0,968.71
0.0,970.456
0.0,972.928
0.0,973.364
0.0,971.096
0.0,966.907
0.0,963.096
0.0,959.286
0.0,956.61
0.0,952.974
0.0,949.629
0.0,945.964
0.0,941.833
0.0,936.568
0.0,931.827
0.0,926.882
0.0,922.112
0.0,916.061
0.0,909.458
0.0,902.885
0.0,897.823
0.0,892.297
0.0,890.144
0.0,891.57
0.0,893.46
0.0,895.322
0.0,897.882
0.0,900.819
0.0,903.612
0.0,906.113
0.0,907.51
0.0,908.208
0.0,908.15
0.0,907.713
0.0,907.51
0.0,907.422
0.0,907.335
0.0,907.801
0.0,907.859
0.0,909.109
0.0,909.779
0.0,911.058
0.0,912.484
0.0,914.054
0.0,916.701
0.0,921.268
0.0,925.602
0.0,929.296
0.0,933.805
0.0,937.761
0.0,941.339
0.0,944.422
0.0,947.476
0.0,950.007
0.0,952.159
0.0,954.283
0.0,957.802
0.0,960.973
0.0,963.707
0.0,966.412
0.0,968.972
0.0,971.648
0.0,974.062
0.0,976.128
0.0,978.047
0.0,979.298
0.0,980.753
0.0,981.683
0.0,983.981
0.0,986.338
0.0,988.868
0.0,990.962
0.0,992.097
0.0,992.679
0.0,993.202
0.0,993.58
0.0,994.249
0.0,995.529
0.0,996.896
0.0,998.205
0.0,997.856
0.0,997.769
0.0,997.129
0.0,996.373
0.0,995.791
0.0,996.024
0.0,998.642
0.0,1001.4
0.0,1004.08
0.0,1008.12
0.0,1012.78
0.0,1018.16
0.0,1018.89
0.0,1017.2
0.0,1013.3
0.0,1008.42
0.0,1001.64
0.0,994.424
0.0,986.134
0.0,978.106
0.0,972.055
0.0,969.263
0.0,966.703
0.0,965.627
0.0,971.677
0.0,979.036
0.0,987.297
0.0,995.122
0.0,1002.31
0.0,1008.1
0.0,1012.31
0.0,1016.33
0.0,1020.25
0.0,1023.22
0.0,1026.01
0.0,1028.08
0.0,1026.51
0.0,1025.58
0.0,1025.49
0.0,1026.3
0.0,1028.92
0.0,1033.23
0.0,1038.78
0.0,1045.07
0.0,1050.24
0.0,1052.86
0.0,1055.89
0.0,1057.92
0.0,1051.7
0.0,1044.31
0.0,1036.92
0.0,1029.88
0.0,1022.93
0.0,1016.39
0.0,1008.82
0.0,1000.77
0.0,992.853
0.0,984.621
0.0,976.331
0.0,968.216
0.0,967.838
0.0,968.012
0.0,968.768
0.0,970.223
0.0,971.997
0.0,973.103
0.0,974.062
0.0,974.179
0.0,974.004
0.0,973.801
0.0,973.132
0.0,972.143
0.0,973.248
0.0,974.15
0.0,974.557
0.0,974.935
0.0,975.197
0.0,976.39
0.0,978.367
0.0,980.898
0.0,983.08
0.0,985.232
0.0,986.454
0.0,987.414
0.0,986.105
0.0,984.069
0.0,980.898
0.0,974.382
0.0,965.249
0.0,954.661
0.0,943.346
0.0,933.747
0.0,927.115
0.0,921.966
0.0,917.545
0.0,913.473
0.0,909.808
0.0,907.364
0.0,906.143
0.0,903.496
0.0,900.441
0.0,896.922
0.0,894.595
0.0,891.802
0.0,891.075
0.0,890.581
0.0,890.871
0.0,891.57
0.0,893.053
0.0,891.57
0.0,887.614
0.0,883.367
0.0,878.509
0.0,873.273
0.0,867.863
0.0,862.336
0.0,857.13
0.0,851.865
0.0,848.141
0.0,845.698
0.0,846.92
0.0,848.723
0.0,851.399
0.0,856.984
0.0,862.773
0.0,865.391
0.0,861.115
0.0,852.796
0.0,840.462
0.0,827.169
0.0,813.556
0.0,800.088
0.0,789.471
0.0,779.96
0.0,769.604
0.0,759.976
0.0,752.675
0.0,747.76
0.0,744.996
0.0,744.763
0.0,745.811
0.0,748.225
0.0,750.581
0.0,753.373
0.0,751.89
0.0,747.469
0.0,741.971
0.0,738.51
0.0,738.83
0.0,743.92
0.0,755.526
0.0,772.31
0.0,791.595
0.0,811.636
0.0,829.351
0.0,844.273
0.0,854.744
0.0,868.707
0.0,887.177
0.0,907.219
0.0,926.62
0.0,944.306
0.0,959.751
0.0,971.939
0.0,981.858
0.0,991.661
0.0,1002.34
0.0,1012.81
0.0,1020.14
0.0,1028.34
0.0,1035.09
0.0,1038.35
0.0,1038.08
0.0,1035.32
0.0,1030.87
0.0,1025.81
0.0,1020.31
0.0,1014.47
0.0,1010.36
0.0,1008.74
0.0,1009.78
0.0,1009.81
0.0,1010.01
0.0,1011.09
0.0,1013.21
0.0,1015.43
0.0,1017.43
0.0,1018.92
0.0,1020.31
0.0,1025.72
0.0,1027.32
0.0,1026.36
0.0,1026.01
0.0,1025.49
0.0,1024.91
0.0,1023.95
0.0,1022.87
0.0,1022.12
0.0,1021.59
0.0,1020.54
0.0,1019.38
0.0,1018.25
0.0,1017.4
0.0,1016.27
0.0,1015.66
0.0,1014.32
0.0,1012.37
0.0,1009.49
0.0,1005.68
0.0,1002.6
0.0,1000.91
0.0,1000.82
0.0,1000.04
0.0,992.591
0.0,985.581
0.0,979.647
0.0,977.408
0.0,976.244
0.0,974.877
0.0,973.684
0.0,972.637
0.0,972.172
0.0,971.299
0.0,970.427
0.0,969.612
0.0,968.943
0.0,968.536
0.0,968.187
0.0,969.496
0.0,972.085
0.0,974.79
0.0,978.542
0.0,984.214
0.0,990.555
0.0,997.1
0.0,1002.07
0.0,1004.55
0.0,1005.45
0.0,1006.18
0.0,1006.15
0.0,1008.3
0.0,1009.96
0.0,1012.66
0.0,1015.45
0.0,1018.68
0.0,1021.56
0.0,1024.65
0.0,1027.58
0.0,1029.82
0.0,1031.66
0.0,1032.85
0.0,1033.66
0.0,1034.07
0.0,1035.0
0.0,1037.24
0.0,1039.57
0.0,1041.26
0.0,1042.59
0.0,1043.87
0.0,1044.54
0.0,1045.56
0.0,1046.69
0.0,1047.57
0.0,1047.33
0.0,1044.51
0.0,1040.24
0.0,1034.48
0.0,1027.73
0.0,1019.96
0.0,1011.32
0.0,1002.16
0.0,992.446
0.0,982.411
0.0,971.794
0.0,960.74
0.0,949.687
0.0,939.623
0.0,927.26
0.0,910.884
0.0,893.082
0.0,874.728
0.0,855.064
0.0,832.58
0.0,809.338
0.0,787.988
0.0,769.023
0.0,751.686
0.0,735.805
0.0,718.904
0.0,701.975
0.0,686.064
0.0,671.375
0.0,657.878
0.0,644.149
0.0,629.605
0.0,613.839
0.0,597.376
0.0,580.243
0.0,562.616
0.0,544.145
0.0,521.166
0.0,499.059
0.0,480.588
0.0,466.306
0.0,455.282
0.0,449.377
0.0,447.981
0.0,448.592
0.0,448.708
0.0,447.835
0.0,447.108
0.0,447.399
0.0,447.05
0.0,450.192
0.0,457.085
0.0,466.655
0.0,477.709
0.0,491.322
0.0,508.105
0.0,528.496
0.0,551.766
0.0,577.683
0.0,606.393
0.0,637.895
0.0,673.12
0.0,702.295
0.0,725.013
0.0,742.989
0.0,756.34
0.0,765.038
0.0,771.495
0.0,778.913
0.0,788.25
0.0,798.983
0.0,810.415
0.0,823.301
0.0,835.314
0.0,846.658
0.0,854.657
0.0,861.435
0.0,867.95
0.0,874.0
0.0,877.811
0.0,879.12
0.0,878.305
0.0,876.24
0.0,874.873
0.0,875.222
0.0,875.28
0.0,876.909
0.0,879.236
0.0,880.109
0.0,880.894
0.0,882.32
0.0,883.687
0.0,884.967
0.0,885.519
0.0,884.385
0.0,880.72
0.0,873.768
0.0,868.357
0.0,859.835
0.0,849.247
0.0,835.925
0.0,820.654
0.0,804.801
0.0,789.791
0.0,777.342
0.0,766.754
0.0,756.399
0.0,744.211
0.0,729.318
0.0,711.691
0.0,698.834
0.0,690.166
0.0,684.232
0.0,679.694
0.0,676.058
0.0,672.626
0.0,668.408
0.0,663.463
0.0,659.245
0.0,656.889
0.0,656.191
0.0,654.33
0.0,656.046
0.0,661.951
0.0,671.433
0.0,684.61
0.0,700.725
0.0,718.439
0.0,735.514
0.0,751.832
0.0,767.423
0.0,781.094
0.0,792.467
0.0,801.63
0.0,808.0
0.0,811.782
0.0,812.8
0.0,811.811
0.0,808.466
0.0,804.684
0.0,800.874
0.0,796.307
0.0,790.402
0.0,782.956
0.0,774.637
0.0,769.75
0.0,762.42
0.0,751.948
0.0,738.917
0.0,721.93
0.0,701.219
0.0,677.629
0.0,652.439
0.0,626.754
0.0,601.506
0.0,577.625
0.0,555.606
0.0,543.243
0.0,534.43
0.0,527.449
0.0,522.766
0.0,520.148
0.0,519.479
0.0,519.799
0.0,520.788
0.0,522.824
0.0,526.692
0.0,531.201
0.0,537.28
0.0,538.56
0.0,539.636
0.0,540.451
0.0,541.033
0.0,543.272
0.0,547.287
0.0,554.093
0.0,563.401
0.0,575.269
0.0,588.3
0.0,602.67
0.0,616.952
0.0,630.303
0.0,641.007
0.0,648.076
0.0,654.999
0.0,661.922
0.0,669.164
0.0,675.971
0.0,681.41
0.0,685.454
0.0,688.799
0.0,692.813
0.0,695.46
0.0,700.405
0.0,706.309
0.0,712.098
0.0,716.752
0.0,719.661
0.0,720.824
0.0,720.272
0.0,717.654
0.0,712.68
0.0,706.571
0.0,699.27
0.0,692.289
0.0,683.796
0.0,678.065
0.0,677.978
0.0,678.851
0.0,677.978
0.0,675.564
0.0,672.655
0.0,669.077
0.0,664.801
0.0,659.973
0.0,654.591
0.0,649.152
0.0,642.724
0.0,637.226
0.0,633.619
0.0,630.041
0.0,626.551
0.0,623.206
0.0,619.599
0.0,616.254
0.0,613.694
0.0,611.891
0.0,610.872
0.0,609.942
0.0,608.196
0.0,605.608
0.0,601.361
0.0,596.59
0.0,593.943
0.0,592.693
0.0,592.285
0.0,592.867
0.0,594.292
0.0,595.776
0.0,598.103
0.0,600.226
0.0,602.844
0.0,604.939
0.0,606.16
0.0,609.011
0.0,613.723
0.0,620.035
0.0,628.238
0.0,638.04
0.0,648.512
0.0,657.995
0.0,665.819
0.0,672.393
0.0,675.36
0.0,677.716
0.0,680.189
0.0,682.632
0.0,683.679
0.0,683.388
0.0,682.05
0.0,679.549
0.0,674.866
0.0,669.659
0.0,663.172
0.0,657.035
0.0,651.072
0.0,643.683
0.0,636.673
0.0,629.052
0.0,621.577
0.0,612.792
0.0,602.582
0.0,589.522
0.0,576.054
0.0,564.826
0.0,556.187
0.0,548.45
0.0,544.058
0.0,539.986
0.0,536.873
0.0,535.768
0.0,534.721
0.0,535.942
0.0,538.502
0.0,542.313
0.0,547.636
0.0,552.755
0.0,558.514
0.0,564.099
0.0,572.244
0.0,580.272
0.0,587.399
0.0,594.38
0.0,600.314
0.0,606.422
0.0,613.025
0.0,621.78
0.0,632.31
0.0,642.869
0.0,654.737
0.0,669.659
0.0,683.127
0.0,693.744
0.0,700.056
0.0,702.237
0.0,704.099
0.0,704.215
0.0,703.343
0.0,701.132
0.0,697.35
0.0,693.424
0.0,687.432
0.0,679.636
0.0,666.459
0.0,652.672
0.0,638.04
0.0,624.66
0.0,611.309
0.0,598.481
0.0,587.021
0.0,576.142
0.0,565.292
0.0,555.14
0.0,544.61
0.0,532.772
0.0,520.177
0.0,513.108
0.0,511.974
0.0,514.766
0.0,519.77
0.0,525.616
0.0,531.085
0.0,537.339
0.0,545.687
0.0,555.228
0.0,567.183
0.0,581.377
0.0,597.056
0.0,614.596
0.0,634.375
0.0,654.388
0.0,674.72
0.0,695.082
0.0,714.367
0.0,732.838
0.0,749.127
0.0,763.263
0.0,775.16
0.0,785.806
0.0,795.696
0.0,802.823
0.0,806.255
0.0,807.07
0.0,806.779
0.0,806.168
0.0,806.284
0.0,807.39
0.0,810.589
0.0,816.174
0.0,824.929
0.0,836.39
0.0,849.218
0.0,863.18
0.0,876.822
0.0,888.981
0.0,898.638
0.0,905.008
0.0,910.855
0.0,921.966
0.0,931.769
0.0,940.175
0.0,948.756
0.0,956.144
0.0,962.893
0.0,968.245
0.0,973.19
0.0,977.408
0.0,981.131
0.0,985.698
0.0,991.224
0.0,996.635
0.0,1000.59
0.0,1001.84
0.0,999.514
0.0,994.22
0.0,988.286
0.0,980.898
0.0,973.306
0.0,966.587
0.0,961.264
0.0,958.5
0.0,955.883
0.0,948.262
0.0,942.066
0.0,938.226
0.0,934.416
0.0,932.641
0.0,932.292
0.0,933.863
0.0,937.296
0.0,941.513
0.0,945.935
0.0,949.687
0.0,952.567
0.0,955.301
0.0,959.228
0.0,965.656
0.0,974.993
0.0,986.541
0.0,998.496
0.0,1011.12
0.0,1023.83
0.0,1036.69
0.0,1049.89
0.0,1063.1
0.0,1076.07
0.0,1088.99
0.0,1102.17
0.0,1114.64
0.0,1127.21
0.0,1138.12
0.0,1147.6
0.0,1151.7
0.0,1152.57
0.0,1152.6
0.0,1153.74
0.0,1156.01
0.0,1158.71
0.0,1160.37
0.0,1159.58
0.0,1156.62
0.0,1151.29
0.0,1144.46
0.0,1137.01
0.0,1128.34
0.0,1119.65
0.0,1109.35
0.0,1098.03
0.0,1086.6
0.0,1075.64
0.0,1065.31
0.0,1055.8
0.0,1046.99
0.0,1038.93
0.0,1032.27
0.0,1029.01
0.0,1028.31
0.0,1026.89
0.0,1026.13
0.0,1024.47
0.0,1021.18
0.0,1017.2
0.0,1014.41
0.0,1013.77
0.0,1011.61
0.0,1008.62
0.0,1005.13
0.0,1001.84
0.0,1000.1
0.0,998.38
0.0,998.525
0.0,1000.65
0.0,1004.95
0.0,1010.01
0.0,1015.11
0.0,1019.44
0.0,1022.03
0.0,1023.57
0.0,1024.09
0.0,1025.29
0.0,1029.47
0.0,1036.78
0.0,1044.22
0.0,1051.76
0.0,1059.12
0.0,1065.83
0.0,1071.33
0.0,1074.33
0.0,1077.91
0.0,1080.76
0.0,1082.82
0.0,1085.0
0.0,1085.91
0.0,1085.99
0.0,1085.12
0.0,1083.29
0.0,1079.27
0.0,1073.57
0.0,1066.01
0.0,1057.49
0.0,1049.49
0.0,1041.31
0.0,1033.26
0.0,1023.05
0.0,1014.03
0.0,1007.83
0.0,1004.05
0.0,999.776
0.0,996.693
0.0,994.104
0.0,992.301
0.0,991.486
0.0,990.992
0.0,990.003
0.0,988.548
0.0,987.181
0.0,984.738
0.0,980.171
0.0,973.713
0.0,966.034
0.0,958.122
0.0,950.676
0.0,944.247
0.0,938.43
0.0,933.223
0.0,928.54
0.0,924.235
0.0,918.97
0.0,912.338
0.0,902.826
0.0,890.959
0.0,879.731
0.0,867.688
0.0,856.228
0.0,846.047
0.0,838.862
0.0,833.859
0.0,831.503
0.0,831.474
0.0,832.55
0.0,837.059
0.0,846.134
0.0,857.915
0.0,870.743
0.0,884.327
0.0,896.98
0.0,908.586
0.0,919.959
0.0,930.285
0.0,938.837
0.0,946.894
0.0,952.741
0.0,958.21
0.0,960.944
0.0,963.62
0.0,966.587
0.0,970.019
0.0,974.208
0.0,977.437
0.0,977.582
0.0,976.506
0.0,974.324
0.0,970.601
0.0,965.511
0.0,957.686
0.0,947.447
0.0,936.336
0.0,925.34
0.0,913.734
0.0,902.71
0.0,891.948
0.0,880.894
0.0,870.016
0.0,860.155
0.0,850.236
0.0,842.789
0.0,837.001
0.0,835.721
0.0,835.75
0.0,835.75
0.0,835.401
0.0,833.888
0.0,831.561
0.0,828.449
0.0,824.289
0.0,819.315
0.0,814.4
0.0,809.484
0.0,805.208
0.0,802.241
0.0,800.059
0.0,798.634
0.0,797.645
0.0,797.558
0.0,799.419
0.0,801.252
0.0,803.521
0.0,806.284
0.0,808.728
0.0,809.251
0.0,808.495
0.0,807.68
0.0,806.546
0.0,806.139
0.0,805.644
0.0,805.004
0.0,804.568
0.0,804.655
0.0,804.859
0.0,805.702
0.0,806.459
0.0,807.331
0.0,808.524
0.0,809.658
0.0,810.967
0.0,812.131
0.0,813.207
0.0,813.556
0.0,812.131
0.0,810.589
0.0,808.902
0.0,806.953
0.0,805.673
0.0,806.953
0.0,809.804
0.0,813.585
0.0,817.687
0.0,820.624
0.0,822.864
0.0,824.668
0.0,826.035
0.0,827.518
0.0,829.438
0.0,831.183
0.0,833.627
0.0,836.128
0.0,838.164
0.0,838.833
0.0,838.426
0.0,837.292
0.0,836.012
0.0,835.227
0.0,836.157
0.0,840.317
0.0,848.84
0.0,860.3
0.0,872.662
0.0,882.145
0.0,887.177
0.0,888.544
0.0,887.526
0.0,885.81
0.0,884.618
0.0,883.861
0.0,883.716
0.0,884.705
0.0,886.159
0.0,888.021
0.0,889.795
0.0,892.762
0.0,896.573
0.0,901.169
0.0,906.753
0.0,912.92
0.0,919.116
0.0,924.526
0.0,928.046
0.0,928.162
0.0,923.653
0.0,916.178
0.0,907.481
0.0,903.496
0.0,902.041
0.0,900.703
0.0,900.034
0.0,899.423
0.0,898.463
0.0,897.591
0.0,897.329
0.0,898.26
0.0,905.183
0.0,911.815
0.0,918.156
0.0,923.043
0.0,927.755
0.0,932.729
0.0,937.79
0.0,943.113
